[{"code":"0350000","prefecture_code":2,"town":"","city_name":"むつ市"},{"code":"0350044","prefecture_code":2,"town":"赤川町","city_name":"むつ市"},{"code":"0350076","prefecture_code":2,"town":"旭町","city_name":"むつ市"},{"code":"0350079","prefecture_code":2,"town":"荒川町","city_name":"むつ市"},{"code":"0350092","prefecture_code":2,"town":"宇田町","city_name":"むつ市"},{"code":"0350054","prefecture_code":2,"town":"海老川町","city_name":"むつ市"},{"code":"0350074","prefecture_code":2,"town":"大平","city_name":"むつ市"},{"code":"0350083","prefecture_code":2,"town":"大平町","city_name":"むつ市"},{"code":"0350042","prefecture_code":2,"town":"大曲","city_name":"むつ市"},{"code":"0350096","prefecture_code":2,"town":"大湊","city_name":"むつ市"},{"code":"0350086","prefecture_code":2,"town":"大湊上町","city_name":"むつ市"},{"code":"0350084","prefecture_code":2,"town":"大湊新町","city_name":"むつ市"},{"code":"0350085","prefecture_code":2,"town":"大湊浜町","city_name":"むつ市"},{"code":"0350093","prefecture_code":2,"town":"大湊町","city_name":"むつ市"},{"code":"0350011","prefecture_code":2,"town":"奥内","city_name":"むつ市"},{"code":"0350041","prefecture_code":2,"town":"金曲","city_name":"むつ市"},{"code":"0350072","prefecture_code":2,"town":"金谷","city_name":"むつ市"},{"code":"0350032","prefecture_code":2,"town":"上川町","city_name":"むつ市"},{"code":"0350091","prefecture_code":2,"town":"川守町","city_name":"むつ市"},{"code":"0350036","prefecture_code":2,"town":"栗山町","city_name":"むつ市"},{"code":"0350071","prefecture_code":2,"town":"小川町","city_name":"むつ市"},{"code":"0350094","prefecture_code":2,"town":"桜木町","city_name":"むつ市"},{"code":"0350061","prefecture_code":2,"town":"下北町","city_name":"むつ市"},{"code":"0350067","prefecture_code":2,"town":"十二林","city_name":"むつ市"},{"code":"0350095","prefecture_code":2,"town":"城ケ沢","city_name":"むつ市"},{"code":"0350052","prefecture_code":2,"town":"昭和町","city_name":"むつ市"},{"code":"0350051","prefecture_code":2,"town":"新町","city_name":"むつ市"},{"code":"0350022","prefecture_code":2,"town":"関根","city_name":"むつ市"},{"code":"0350021","prefecture_code":2,"town":"田名部","city_name":"むつ市"},{"code":"0350034","prefecture_code":2,"town":"田名部町","city_name":"むつ市"},{"code":"0350073","prefecture_code":2,"town":"中央","city_name":"むつ市"},{"code":"0350055","prefecture_code":2,"town":"苫生町","city_name":"むつ市"},{"code":"0350012","prefecture_code":2,"town":"中野沢","city_name":"むつ市"},{"code":"0350062","prefecture_code":2,"town":"仲町","city_name":"むつ市"},{"code":"0350081","prefecture_code":2,"town":"並川町","city_name":"むつ市"},{"code":"0350082","prefecture_code":2,"town":"文京町","city_name":"むつ市"},{"code":"0350035","prefecture_code":2,"town":"本町","city_name":"むつ市"},{"code":"0350075","prefecture_code":2,"town":"真砂町","city_name":"むつ市"},{"code":"0350045","prefecture_code":2,"town":"松原町","city_name":"むつ市"},{"code":"0350078","prefecture_code":2,"town":"松森町","city_name":"むつ市"},{"code":"0350065","prefecture_code":2,"town":"松山町","city_name":"むつ市"},{"code":"0350068","prefecture_code":2,"town":"美里町","city_name":"むつ市"},{"code":"0350066","prefecture_code":2,"town":"緑ヶ丘","city_name":"むつ市"},{"code":"0350053","prefecture_code":2,"town":"緑町","city_name":"むつ市"},{"code":"0350064","prefecture_code":2,"town":"港町","city_name":"むつ市"},{"code":"0350043","prefecture_code":2,"town":"南赤川町","city_name":"むつ市"},{"code":"0350046","prefecture_code":2,"town":"南町","city_name":"むつ市"},{"code":"0350031","prefecture_code":2,"town":"柳町","city_name":"むつ市"},{"code":"0350077","prefecture_code":2,"town":"山田町","city_name":"むつ市"},{"code":"0350033","prefecture_code":2,"town":"横迎町","city_name":"むつ市"},{"code":"0350063","prefecture_code":2,"town":"若松町","city_name":"むつ市"},{"code":"0350000","prefecture_code":2,"town":"","city_name":"下北郡東通村"},{"code":"0350113","prefecture_code":2,"town":"岩屋","city_name":"下北郡東通村"},{"code":"0350001","prefecture_code":2,"town":"大利","city_name":"下北郡東通村"},{"code":"0350104","prefecture_code":2,"town":"蒲野沢","city_name":"下北郡東通村"},{"code":"0350004","prefecture_code":2,"town":"蒲野沢","city_name":"下北郡東通村"},{"code":"0350112","prefecture_code":2,"town":"尻労","city_name":"下北郡東通村"},{"code":"0350111","prefecture_code":2,"town":"尻屋","city_name":"下北郡東通村"},{"code":"0350005","prefecture_code":2,"town":"田屋","city_name":"下北郡東通村"},{"code":"0350003","prefecture_code":2,"town":"野牛","city_name":"下北郡東通村"},{"code":"0350103","prefecture_code":2,"town":"野牛","city_name":"下北郡東通村"},{"code":"0350002","prefecture_code":2,"town":"目名","city_name":"下北郡東通村"}]
