[{"code":"0380000","prefecture_code":2,"town":"","city_name":"青森市"},{"code":"0380056","prefecture_code":2,"town":"飛鳥","city_name":"青森市"},{"code":"0380059","prefecture_code":2,"town":"油川","city_name":"青森市"},{"code":"0380003","prefecture_code":2,"town":"石江","city_name":"青森市"},{"code":"0380043","prefecture_code":2,"town":"岩渡","city_name":"青森市"},{"code":"0380051","prefecture_code":2,"town":"内真部","city_name":"青森市"},{"code":"0380041","prefecture_code":2,"town":"岡町","city_name":"青森市"},{"code":"0380002","prefecture_code":2,"town":"沖館","city_name":"青森市"},{"code":"0380054","prefecture_code":2,"town":"奥内","city_name":"青森市"},{"code":"0380013","prefecture_code":2,"town":"久須志","city_name":"青森市"},{"code":"0380032","prefecture_code":2,"town":"里見","city_name":"青森市"},{"code":"0380031","prefecture_code":2,"town":"三内","city_name":"青森市"},{"code":"0380011","prefecture_code":2,"town":"篠田","city_name":"青森市"},{"code":"0380052","prefecture_code":2,"town":"清水","city_name":"青森市"},{"code":"0380042","prefecture_code":2,"town":"新城","city_name":"青森市"},{"code":"0380055","prefecture_code":2,"town":"瀬戸子","city_name":"青森市"},{"code":"0380015","prefecture_code":2,"town":"千刈","city_name":"青森市"},{"code":"0380045","prefecture_code":2,"town":"鶴ケ坂","city_name":"青森市"},{"code":"0380046","prefecture_code":2,"town":"戸門","city_name":"青森市"},{"code":"0380004","prefecture_code":2,"town":"富田","city_name":"青森市"},{"code":"0381321","prefecture_code":2,"town":"浪岡相沢","city_name":"青森市"},{"code":"0381313","prefecture_code":2,"town":"浪岡王余魚沢","city_name":"青森市"},{"code":"0381325","prefecture_code":2,"town":"浪岡北中野","city_name":"青森市"},{"code":"0381324","prefecture_code":2,"town":"浪岡吉内","city_name":"青森市"},{"code":"0381343","prefecture_code":2,"town":"浪岡郷山前","city_name":"青森市"},{"code":"0381312","prefecture_code":2,"town":"浪岡五本松","city_name":"青森市"},{"code":"0381345","prefecture_code":2,"town":"浪岡下石川","city_name":"青森市"},{"code":"0381332","prefecture_code":2,"town":"浪岡下十川","city_name":"青森市"},{"code":"0381341","prefecture_code":2,"town":"浪岡銀","city_name":"青森市"},{"code":"0381305","prefecture_code":2,"town":"浪岡杉沢","city_name":"青森市"},{"code":"0381301","prefecture_code":2,"town":"浪岡大釈迦","city_name":"青森市"},{"code":"0381304","prefecture_code":2,"town":"浪岡高屋敷","city_name":"青森市"},{"code":"0381342","prefecture_code":2,"town":"浪岡樽沢","city_name":"青森市"},{"code":"0381303","prefecture_code":2,"town":"浪岡徳才子","city_name":"青森市"},{"code":"0381302","prefecture_code":2,"town":"浪岡長沼","city_name":"青森市"},{"code":"0381311","prefecture_code":2,"town":"浪岡浪岡","city_name":"青森市"},{"code":"0381306","prefecture_code":2,"town":"浪岡福田","city_name":"青森市"},{"code":"0381322","prefecture_code":2,"town":"浪岡細野","city_name":"青森市"},{"code":"0381323","prefecture_code":2,"town":"浪岡本郷","city_name":"青森市"},{"code":"0381333","prefecture_code":2,"town":"浪岡増館","city_name":"青森市"},{"code":"0381331","prefecture_code":2,"town":"浪岡女鹿沢","city_name":"青森市"},{"code":"0381344","prefecture_code":2,"town":"浪岡吉野田","city_name":"青森市"},{"code":"0380022","prefecture_code":2,"town":"浪館","city_name":"青森市"},{"code":"0380024","prefecture_code":2,"town":"浪館前田","city_name":"青森市"},{"code":"0380014","prefecture_code":2,"town":"西滝","city_name":"青森市"},{"code":"0380057","prefecture_code":2,"town":"西田沢","city_name":"青森市"},{"code":"0380001","prefecture_code":2,"town":"新田","city_name":"青森市"},{"code":"0380058","prefecture_code":2,"town":"羽白","city_name":"青森市"},{"code":"0380023","prefecture_code":2,"town":"細越","city_name":"青森市"},{"code":"0380053","prefecture_code":2,"town":"前田","city_name":"青森市"},{"code":"0380044","prefecture_code":2,"town":"孫内","city_name":"青森市"},{"code":"0380006","prefecture_code":2,"town":"三好","city_name":"青森市"},{"code":"0380021","prefecture_code":2,"town":"安田","city_name":"青森市"},{"code":"0380012","prefecture_code":2,"town":"柳川","city_name":"青森市"},{"code":"0383615","prefecture_code":2,"town":"青女子","city_name":"弘前市"},{"code":"0383613","prefecture_code":2,"town":"小友","city_name":"弘前市"},{"code":"0383612","prefecture_code":2,"town":"笹舘","city_name":"弘前市"},{"code":"0383614","prefecture_code":2,"town":"種市","city_name":"弘前市"},{"code":"0383874","prefecture_code":2,"town":"津賀野","city_name":"弘前市"},{"code":"0383611","prefecture_code":2,"town":"三和","city_name":"弘前市"},{"code":"0383821","prefecture_code":2,"town":"百田","city_name":"弘前市"},{"code":"0383100","prefecture_code":2,"town":"","city_name":"つがる市"},{"code":"0383305","prefecture_code":2,"town":"牛潟町","city_name":"つがる市"},{"code":"0383107","prefecture_code":2,"town":"柏稲盛","city_name":"つがる市"},{"code":"0383103","prefecture_code":2,"town":"柏上古川","city_name":"つがる市"},{"code":"0383104","prefecture_code":2,"town":"柏桑野木田","city_name":"つがる市"},{"code":"0383101","prefecture_code":2,"town":"柏鷺坂","city_name":"つがる市"},{"code":"0383102","prefecture_code":2,"town":"柏下古川","city_name":"つがる市"},{"code":"0383106","prefecture_code":2,"town":"柏玉水","city_name":"つがる市"},{"code":"0383105","prefecture_code":2,"town":"柏広須","city_name":"つがる市"},{"code":"0383142","prefecture_code":2,"town":"木造赤根","city_name":"つがる市"},{"code":"0383144","prefecture_code":2,"town":"木造曙","city_name":"つがる市"},{"code":"0383124","prefecture_code":2,"town":"木造朝日","city_name":"つがる市"},{"code":"0383113","prefecture_code":2,"town":"木造芦沼","city_name":"つがる市"},{"code":"0383273","prefecture_code":2,"town":"木造出野里","city_name":"つがる市"},{"code":"0383141","prefecture_code":2,"town":"木造浮巣","city_name":"つがる市"},{"code":"0383135","prefecture_code":2,"town":"木造有楽町","city_name":"つがる市"},{"code":"0383162","prefecture_code":2,"town":"木造浦船","city_name":"つがる市"},{"code":"0383122","prefecture_code":2,"town":"木造追広","city_name":"つがる市"},{"code":"0383277","prefecture_code":2,"town":"木造大畑","city_name":"つがる市"},{"code":"0383285","prefecture_code":2,"town":"木造大湯町","city_name":"つがる市"},{"code":"0383272","prefecture_code":2,"town":"木造兼館","city_name":"つがる市"},{"code":"0383284","prefecture_code":2,"town":"木造亀ケ岡","city_name":"つがる市"},{"code":"0383112","prefecture_code":2,"town":"木造川除","city_name":"つがる市"},{"code":"0383165","prefecture_code":2,"town":"木造菊川","city_name":"つがる市"},{"code":"0382806","prefecture_code":2,"town":"木造越水","city_name":"つがる市"},{"code":"0383286","prefecture_code":2,"town":"木造菰槌","city_name":"つがる市"},{"code":"0383159","prefecture_code":2,"town":"木造桜川","city_name":"つがる市"},{"code":"0383146","prefecture_code":2,"town":"木造桜木","city_name":"つがる市"},{"code":"0383164","prefecture_code":2,"town":"木造柴田","city_name":"つがる市"},{"code":"0383132","prefecture_code":2,"town":"木造清水","city_name":"つがる市"},{"code":"0383287","prefecture_code":2,"town":"木造下遠山里","city_name":"つがる市"},{"code":"0382803","prefecture_code":2,"town":"木造下福原","city_name":"つがる市"},{"code":"0383133","prefecture_code":2,"town":"木造末広","city_name":"つがる市"},{"code":"0383283","prefecture_code":2,"town":"木造館岡","city_name":"つがる市"},{"code":"0383134","prefecture_code":2,"town":"木造種取","city_name":"つがる市"},{"code":"0383131","prefecture_code":2,"town":"木造千年","city_name":"つがる市"},{"code":"0383167","prefecture_code":2,"town":"木造千代田","city_name":"つがる市"},{"code":"0383145","prefecture_code":2,"town":"木造千代町","city_name":"つがる市"},{"code":"0383278","prefecture_code":2,"town":"木造土滝","city_name":"つがる市"},{"code":"0383125","prefecture_code":2,"town":"木造鶴泊","city_name":"つがる市"},{"code":"0383288","prefecture_code":2,"town":"木造出来島","city_name":"つがる市"},{"code":"0383154","prefecture_code":2,"town":"木造照日","city_name":"つがる市"},{"code":"0383282","prefecture_code":2,"town":"木造筒木坂","city_name":"つがる市"},{"code":"0383111","prefecture_code":2,"town":"木造豊田","city_name":"つがる市"},{"code":"0383275","prefecture_code":2,"town":"木造永田","city_name":"つがる市"},{"code":"0383163","prefecture_code":2,"town":"木造中館","city_name":"つがる市"},{"code":"0383114","prefecture_code":2,"town":"木造成田","city_name":"つがる市"},{"code":"0383161","prefecture_code":2,"town":"木造濁川","city_name":"つがる市"},{"code":"0383153","prefecture_code":2,"town":"木造野宮","city_name":"つがる市"},{"code":"0383139","prefecture_code":2,"town":"木造萩流","city_name":"つがる市"},{"code":"0383136","prefecture_code":2,"town":"木造萩野","city_name":"つがる市"},{"code":"0383115","prefecture_code":2,"town":"木造蓮川","city_name":"つがる市"},{"code":"0383276","prefecture_code":2,"town":"木造林","city_name":"つがる市"},{"code":"0383121","prefecture_code":2,"town":"木造早田","city_name":"つがる市"},{"code":"0383143","prefecture_code":2,"town":"木造日向","city_name":"つがる市"},{"code":"0383281","prefecture_code":2,"town":"木造平滝","city_name":"つがる市"},{"code":"0382808","prefecture_code":2,"town":"木造吹原","city_name":"つがる市"},{"code":"0383166","prefecture_code":2,"town":"木造福原","city_name":"つがる市"},{"code":"0383158","prefecture_code":2,"town":"木造房松","city_name":"つがる市"},{"code":"0383152","prefecture_code":2,"town":"木造藤岡","city_name":"つがる市"},{"code":"0383123","prefecture_code":2,"town":"木造藤田","city_name":"つがる市"},{"code":"0383155","prefecture_code":2,"town":"木造増田","city_name":"つがる市"},{"code":"0382801","prefecture_code":2,"town":"木造丸山","city_name":"つがる市"},{"code":"0382804","prefecture_code":2,"town":"木造三ツ館","city_name":"つがる市"},{"code":"0383156","prefecture_code":2,"town":"木造宮井","city_name":"つがる市"},{"code":"0383157","prefecture_code":2,"town":"木造宮崎","city_name":"つがる市"},{"code":"0383126","prefecture_code":2,"town":"木造森内","city_name":"つがる市"},{"code":"0383128","prefecture_code":2,"town":"木造森本","city_name":"つがる市"},{"code":"0383127","prefecture_code":2,"town":"木造森山","city_name":"つがる市"},{"code":"0383271","prefecture_code":2,"town":"木造善積","city_name":"つがる市"},{"code":"0383274","prefecture_code":2,"town":"木造蓮花田","city_name":"つがる市"},{"code":"0383151","prefecture_code":2,"town":"木造若竹","city_name":"つがる市"},{"code":"0383138","prefecture_code":2,"town":"木造若緑","city_name":"つがる市"},{"code":"0383137","prefecture_code":2,"town":"木造若宮","city_name":"つがる市"},{"code":"0383304","prefecture_code":2,"town":"下車力町","city_name":"つがる市"},{"code":"0383306","prefecture_code":2,"town":"下牛潟町","city_name":"つがる市"},{"code":"0383303","prefecture_code":2,"town":"車力町","city_name":"つがる市"},{"code":"0383301","prefecture_code":2,"town":"富萢町","city_name":"つがる市"},{"code":"0383302","prefecture_code":2,"town":"豊富町","city_name":"つがる市"},{"code":"0382818","prefecture_code":2,"town":"森田町大館","city_name":"つがる市"},{"code":"0382811","prefecture_code":2,"town":"森田町上相野","city_name":"つがる市"},{"code":"0382812","prefecture_code":2,"town":"森田町下相野","city_name":"つがる市"},{"code":"0382817","prefecture_code":2,"town":"森田町床舞","city_name":"つがる市"},{"code":"0382814","prefecture_code":2,"town":"森田町中田","city_name":"つがる市"},{"code":"0382813","prefecture_code":2,"town":"森田町妙堂崎","city_name":"つがる市"},{"code":"0382816","prefecture_code":2,"town":"森田町森田","city_name":"つがる市"},{"code":"0382815","prefecture_code":2,"town":"森田町山田","city_name":"つがる市"},{"code":"0380101","prefecture_code":2,"town":"碇ケ関","city_name":"平川市"},{"code":"0380101","prefecture_code":2,"town":"碇ケ関相沢","city_name":"平川市"},{"code":"0380101","prefecture_code":2,"town":"碇ケ関阿原","city_name":"平川市"},{"code":"0380101","prefecture_code":2,"town":"碇ケ関雷林","city_name":"平川市"},{"code":"0380101","prefecture_code":2,"town":"碇ケ関碇石","city_name":"平川市"},{"code":"0380101","prefecture_code":2,"town":"碇ケ関岩井","city_name":"平川市"},{"code":"0380101","prefecture_code":2,"town":"碇ケ関大葉平","city_name":"平川市"},{"code":"0380101","prefecture_code":2,"town":"碇ケ関大落前","city_name":"平川市"},{"code":"0380101","prefecture_code":2,"town":"碇ケ関折橋","city_name":"平川市"},{"code":"0380101","prefecture_code":2,"town":"碇ケ関鯨森","city_name":"平川市"},{"code":"0380101","prefecture_code":2,"town":"碇ケ関小落前","city_name":"平川市"},{"code":"0380101","prefecture_code":2,"town":"碇ケ関山神堂","city_name":"平川市"},{"code":"0380101","prefecture_code":2,"town":"碇ケ関白沢","city_name":"平川市"},{"code":"0380101","prefecture_code":2,"town":"碇ケ関諏訪平","city_name":"平川市"},{"code":"0380101","prefecture_code":2,"town":"碇ケ関外白沢","city_name":"平川市"},{"code":"0380101","prefecture_code":2,"town":"碇ケ関高田","city_name":"平川市"},{"code":"0380101","prefecture_code":2,"town":"碇ケ関樋ケ沢","city_name":"平川市"},{"code":"0380101","prefecture_code":2,"town":"碇ケ関西碇ケ関山","city_name":"平川市"},{"code":"0380101","prefecture_code":2,"town":"碇ケ関東碇ケ関山","city_name":"平川市"},{"code":"0380101","prefecture_code":2,"town":"碇ケ関樋ノ口","city_name":"平川市"},{"code":"0380101","prefecture_code":2,"town":"碇ケ関船岡","city_name":"平川市"},{"code":"0380101","prefecture_code":2,"town":"碇ケ関踏田切","city_name":"平川市"},{"code":"0380101","prefecture_code":2,"town":"碇ケ関三笠山","city_name":"平川市"},{"code":"0380101","prefecture_code":2,"town":"碇ケ関水溜","city_name":"平川市"},{"code":"0380101","prefecture_code":2,"town":"碇ケ関湯向川添","city_name":"平川市"},{"code":"0380101","prefecture_code":2,"town":"碇ケ関横町","city_name":"平川市"},{"code":"0380102","prefecture_code":2,"town":"碇ケ関古懸上程森","city_name":"平川市"},{"code":"0380102","prefecture_code":2,"town":"碇ケ関古懸沢田","city_name":"平川市"},{"code":"0380102","prefecture_code":2,"town":"碇ケ関古懸樋ケ沢","city_name":"平川市"},{"code":"0380102","prefecture_code":2,"town":"碇ケ関古懸堂ノ上","city_name":"平川市"},{"code":"0380102","prefecture_code":2,"town":"碇ケ関古懸鳥井","city_name":"平川市"},{"code":"0380102","prefecture_code":2,"town":"碇ケ関古懸西不動野","city_name":"平川市"},{"code":"0380102","prefecture_code":2,"town":"碇ケ関古懸東不動野","city_name":"平川市"},{"code":"0380102","prefecture_code":2,"town":"碇ケ関古懸不動沢大石","city_name":"平川市"},{"code":"0380102","prefecture_code":2,"town":"碇ケ関古懸不動野","city_name":"平川市"},{"code":"0380102","prefecture_code":2,"town":"碇ケ関古懸南不動野","city_name":"平川市"},{"code":"0380102","prefecture_code":2,"town":"碇ケ関古懸向安田","city_name":"平川市"},{"code":"0380102","prefecture_code":2,"town":"碇ケ関古懸門前","city_name":"平川市"},{"code":"0380102","prefecture_code":2,"town":"碇ケ関古懸門前屋岸","city_name":"平川市"},{"code":"0380102","prefecture_code":2,"town":"碇ケ関古懸安田","city_name":"平川市"},{"code":"0380103","prefecture_code":2,"town":"碇ケ関久吉蕷ケ平","city_name":"平川市"},{"code":"0380103","prefecture_code":2,"town":"碇ケ関久吉二ノ渡","city_name":"平川市"},{"code":"0380103","prefecture_code":2,"town":"碇ケ関久吉山岸","city_name":"平川市"},{"code":"0382700","prefecture_code":2,"town":"","city_name":"西津軽郡鰺ヶ沢町"},{"code":"0382731","prefecture_code":2,"town":"赤石町","city_name":"西津軽郡鰺ヶ沢町"},{"code":"0382714","prefecture_code":2,"town":"芦萢町","city_name":"西津軽郡鰺ヶ沢町"},{"code":"0382742","prefecture_code":2,"town":"新町","city_name":"西津軽郡鰺ヶ沢町"},{"code":"0382735","prefecture_code":2,"town":"姥袋町","city_name":"西津軽郡鰺ヶ沢町"},{"code":"0382724","prefecture_code":2,"town":"鬼袋町","city_name":"西津軽郡鰺ヶ沢町"},{"code":"0382701","prefecture_code":2,"town":"北浮田町","city_name":"西津軽郡鰺ヶ沢町"},{"code":"0382754","prefecture_code":2,"town":"米町","city_name":"西津軽郡鰺ヶ沢町"},{"code":"0382722","prefecture_code":2,"town":"小森町","city_name":"西津軽郡鰺ヶ沢町"},{"code":"0382703","prefecture_code":2,"town":"小屋敷町","city_name":"西津軽郡鰺ヶ沢町"},{"code":"0382745","prefecture_code":2,"town":"新地町","city_name":"西津軽郡鰺ヶ沢町"},{"code":"0382702","prefecture_code":2,"town":"建石町","city_name":"西津軽郡鰺ヶ沢町"},{"code":"0382733","prefecture_code":2,"town":"館前町","city_name":"西津軽郡鰺ヶ沢町"},{"code":"0382751","prefecture_code":2,"town":"田中町","city_name":"西津軽郡鰺ヶ沢町"},{"code":"0382725","prefecture_code":2,"town":"種里町","city_name":"西津軽郡鰺ヶ沢町"},{"code":"0382743","prefecture_code":2,"town":"釣町","city_name":"西津軽郡鰺ヶ沢町"},{"code":"0382711","prefecture_code":2,"town":"中村町","city_name":"西津軽郡鰺ヶ沢町"},{"code":"0382712","prefecture_code":2,"town":"長平町","city_name":"西津軽郡鰺ヶ沢町"},{"code":"0382752","prefecture_code":2,"town":"七ツ石町","city_name":"西津軽郡鰺ヶ沢町"},{"code":"0382741","prefecture_code":2,"town":"浜町","city_name":"西津軽郡鰺ヶ沢町"},{"code":"0382715","prefecture_code":2,"town":"浜横沢町","city_name":"西津軽郡鰺ヶ沢町"},{"code":"0382732","prefecture_code":2,"town":"日照田町","city_name":"西津軽郡鰺ヶ沢町"},{"code":"0382723","prefecture_code":2,"town":"一ツ森町","city_name":"西津軽郡鰺ヶ沢町"},{"code":"0382721","prefecture_code":2,"town":"深谷町","city_name":"西津軽郡鰺ヶ沢町"},{"code":"0382746","prefecture_code":2,"town":"富根町","city_name":"西津軽郡鰺ヶ沢町"},{"code":"0382753","prefecture_code":2,"town":"本町","city_name":"西津軽郡鰺ヶ沢町"},{"code":"0382761","prefecture_code":2,"town":"舞戸町","city_name":"西津軽郡鰺ヶ沢町"},{"code":"0382713","prefecture_code":2,"town":"松代町","city_name":"西津軽郡鰺ヶ沢町"},{"code":"0382705","prefecture_code":2,"town":"南浮田町","city_name":"西津軽郡鰺ヶ沢町"},{"code":"0382734","prefecture_code":2,"town":"南金沢町","city_name":"西津軽郡鰺ヶ沢町"},{"code":"0382704","prefecture_code":2,"town":"湯舟町","city_name":"西津軽郡鰺ヶ沢町"},{"code":"0382747","prefecture_code":2,"town":"淀町","city_name":"西津軽郡鰺ヶ沢町"},{"code":"0382744","prefecture_code":2,"town":"漁師町","city_name":"西津軽郡鰺ヶ沢町"},{"code":"0382300","prefecture_code":2,"town":"","city_name":"西津軽郡深浦町"},{"code":"0382502","prefecture_code":2,"town":"岩坂","city_name":"西津軽郡深浦町"},{"code":"0382202","prefecture_code":2,"town":"岩崎","city_name":"西津軽郡深浦町"},{"code":"0382413","prefecture_code":2,"town":"追良瀬","city_name":"西津軽郡深浦町"},{"code":"0382208","prefecture_code":2,"town":"大間越","city_name":"西津軽郡深浦町"},{"code":"0382411","prefecture_code":2,"town":"風合瀬","city_name":"西津軽郡深浦町"},{"code":"0382323","prefecture_code":2,"town":"上長慶平","city_name":"西津軽郡深浦町"},{"code":"0382504","prefecture_code":2,"town":"北金ケ沢","city_name":"西津軽郡深浦町"},{"code":"0382207","prefecture_code":2,"town":"黒崎","city_name":"西津軽郡深浦町"},{"code":"0382201","prefecture_code":2,"town":"沢辺","city_name":"西津軽郡深浦町"},{"code":"0382203","prefecture_code":2,"town":"正道尻","city_name":"西津軽郡深浦町"},{"code":"0382503","prefecture_code":2,"town":"関","city_name":"西津軽郡深浦町"},{"code":"0382505","prefecture_code":2,"town":"田野沢","city_name":"西津軽郡深浦町"},{"code":"0382322","prefecture_code":2,"town":"長慶平","city_name":"西津軽郡深浦町"},{"code":"0382326","prefecture_code":2,"town":"月屋","city_name":"西津軽郡深浦町"},{"code":"0382412","prefecture_code":2,"town":"驫木","city_name":"西津軽郡深浦町"},{"code":"0382204","prefecture_code":2,"town":"久田","city_name":"西津軽郡深浦町"},{"code":"0382321","prefecture_code":2,"town":"広戸","city_name":"西津軽郡深浦町"},{"code":"0382324","prefecture_code":2,"town":"深浦","city_name":"西津軽郡深浦町"},{"code":"0382327","prefecture_code":2,"town":"舮作","city_name":"西津軽郡深浦町"},{"code":"0382206","prefecture_code":2,"town":"松神","city_name":"西津軽郡深浦町"},{"code":"0382205","prefecture_code":2,"town":"森山","city_name":"西津軽郡深浦町"},{"code":"0382501","prefecture_code":2,"town":"柳田","city_name":"西津軽郡深浦町"},{"code":"0382325","prefecture_code":2,"town":"横磯","city_name":"西津軽郡深浦町"},{"code":"0383800","prefecture_code":2,"town":"","city_name":"南津軽郡藤崎町"},{"code":"0383837","prefecture_code":2,"town":"柏木堰","city_name":"南津軽郡藤崎町"},{"code":"0383833","prefecture_code":2,"town":"亀岡","city_name":"南津軽郡藤崎町"},{"code":"0381203","prefecture_code":2,"town":"久井名舘","city_name":"南津軽郡藤崎町"},{"code":"0383804","prefecture_code":2,"town":"葛野","city_name":"南津軽郡藤崎町"},{"code":"0381206","prefecture_code":2,"town":"郷山前","city_name":"南津軽郡藤崎町"},{"code":"0383812","prefecture_code":2,"town":"小畑","city_name":"南津軽郡藤崎町"},{"code":"0383805","prefecture_code":2,"town":"五林","city_name":"南津軽郡藤崎町"},{"code":"0381216","prefecture_code":2,"town":"榊","city_name":"南津軽郡藤崎町"},{"code":"0383836","prefecture_code":2,"town":"下俵舛","city_name":"南津軽郡藤崎町"},{"code":"0383835","prefecture_code":2,"town":"俵舛","city_name":"南津軽郡藤崎町"},{"code":"0381214","prefecture_code":2,"town":"常盤","city_name":"南津軽郡藤崎町"},{"code":"0381213","prefecture_code":2,"town":"徳下","city_name":"南津軽郡藤崎町"},{"code":"0381202","prefecture_code":2,"town":"富柳","city_name":"南津軽郡藤崎町"},{"code":"0383811","prefecture_code":2,"town":"中島","city_name":"南津軽郡藤崎町"},{"code":"0383831","prefecture_code":2,"town":"中野目","city_name":"南津軽郡藤崎町"},{"code":"0383803","prefecture_code":2,"town":"西豊田","city_name":"南津軽郡藤崎町"},{"code":"0383834","prefecture_code":2,"town":"西中野目","city_name":"南津軽郡藤崎町"},{"code":"0383806","prefecture_code":2,"town":"林崎","city_name":"南津軽郡藤崎町"},{"code":"0381211","prefecture_code":2,"town":"福島","city_name":"南津軽郡藤崎町"},{"code":"0381201","prefecture_code":2,"town":"福舘","city_name":"南津軽郡藤崎町"},{"code":"0383801","prefecture_code":2,"town":"藤越","city_name":"南津軽郡藤崎町"},{"code":"0383802","prefecture_code":2,"town":"藤崎","city_name":"南津軽郡藤崎町"},{"code":"0381207","prefecture_code":2,"town":"増館","city_name":"南津軽郡藤崎町"},{"code":"0381204","prefecture_code":2,"town":"水木","city_name":"南津軽郡藤崎町"},{"code":"0383814","prefecture_code":2,"town":"水沼","city_name":"南津軽郡藤崎町"},{"code":"0381212","prefecture_code":2,"town":"三ツ屋","city_name":"南津軽郡藤崎町"},{"code":"0383813","prefecture_code":2,"town":"矢沢","city_name":"南津軽郡藤崎町"},{"code":"0381205","prefecture_code":2,"town":"吉野田","city_name":"南津軽郡藤崎町"},{"code":"0383832","prefecture_code":2,"town":"吉向","city_name":"南津軽郡藤崎町"},{"code":"0381215","prefecture_code":2,"town":"若松","city_name":"南津軽郡藤崎町"},{"code":"0380200","prefecture_code":2,"town":"","city_name":"南津軽郡大鰐町"},{"code":"0380233","prefecture_code":2,"town":"居土","city_name":"南津軽郡大鰐町"},{"code":"0380211","prefecture_code":2,"town":"大鰐","city_name":"南津軽郡大鰐町"},{"code":"0380204","prefecture_code":2,"town":"唐牛","city_name":"南津軽郡大鰐町"},{"code":"0380212","prefecture_code":2,"town":"蔵館","city_name":"南津軽郡大鰐町"},{"code":"0380203","prefecture_code":2,"town":"駒木","city_name":"南津軽郡大鰐町"},{"code":"0380241","prefecture_code":2,"town":"鯖石","city_name":"南津軽郡大鰐町"},{"code":"0380223","prefecture_code":2,"town":"島田","city_name":"南津軽郡大鰐町"},{"code":"0380231","prefecture_code":2,"town":"宿川原","city_name":"南津軽郡大鰐町"},{"code":"0380202","prefecture_code":2,"town":"長峰","city_name":"南津軽郡大鰐町"},{"code":"0380201","prefecture_code":2,"town":"苦木","city_name":"南津軽郡大鰐町"},{"code":"0380221","prefecture_code":2,"town":"虹貝","city_name":"南津軽郡大鰐町"},{"code":"0380243","prefecture_code":2,"town":"八幡館","city_name":"南津軽郡大鰐町"},{"code":"0380222","prefecture_code":2,"town":"早瀬野","city_name":"南津軽郡大鰐町"},{"code":"0380232","prefecture_code":2,"town":"三ツ目内","city_name":"南津軽郡大鰐町"},{"code":"0380242","prefecture_code":2,"town":"森山","city_name":"南津軽郡大鰐町"},{"code":"0381100","prefecture_code":2,"town":"","city_name":"南津軽郡田舎館村"},{"code":"0381142","prefecture_code":2,"town":"和泉","city_name":"南津軽郡田舎館村"},{"code":"0381113","prefecture_code":2,"town":"田舎舘","city_name":"南津軽郡田舎館村"},{"code":"0381104","prefecture_code":2,"town":"枝川","city_name":"南津軽郡田舎館村"},{"code":"0381133","prefecture_code":2,"town":"大根子","city_name":"南津軽郡田舎館村"},{"code":"0381131","prefecture_code":2,"town":"大袋","city_name":"南津軽郡田舎館村"},{"code":"0381123","prefecture_code":2,"town":"大曲","city_name":"南津軽郡田舎館村"},{"code":"0381141","prefecture_code":2,"town":"川部","city_name":"南津軽郡田舎館村"},{"code":"0381143","prefecture_code":2,"town":"境森","city_name":"南津軽郡田舎館村"},{"code":"0381103","prefecture_code":2,"town":"十二川原","city_name":"南津軽郡田舎館村"},{"code":"0381132","prefecture_code":2,"town":"諏訪堂","city_name":"南津軽郡田舎館村"},{"code":"0381111","prefecture_code":2,"town":"高樋","city_name":"南津軽郡田舎館村"},{"code":"0381112","prefecture_code":2,"town":"垂柳","city_name":"南津軽郡田舎館村"},{"code":"0381145","prefecture_code":2,"town":"土矢倉","city_name":"南津軽郡田舎館村"},{"code":"0381101","prefecture_code":2,"town":"東光寺","city_name":"南津軽郡田舎館村"},{"code":"0381102","prefecture_code":2,"town":"堂野前","city_name":"南津軽郡田舎館村"},{"code":"0381134","prefecture_code":2,"town":"豊蒔","city_name":"南津軽郡田舎館村"},{"code":"0381121","prefecture_code":2,"town":"畑中","city_name":"南津軽郡田舎館村"},{"code":"0381122","prefecture_code":2,"town":"八反田","city_name":"南津軽郡田舎館村"},{"code":"0381144","prefecture_code":2,"town":"前田屋敷","city_name":"南津軽郡田舎館村"},{"code":"0383600","prefecture_code":2,"town":"","city_name":"北津軽郡板柳町"},{"code":"0383683","prefecture_code":2,"town":"赤田","city_name":"北津軽郡板柳町"},{"code":"0383651","prefecture_code":2,"town":"飯田","city_name":"北津軽郡板柳町"},{"code":"0383682","prefecture_code":2,"town":"石野","city_name":"北津軽郡板柳町"},{"code":"0383685","prefecture_code":2,"town":"いたや町","city_name":"北津軽郡板柳町"},{"code":"0383662","prefecture_code":2,"town":"板柳","city_name":"北津軽郡板柳町"},{"code":"0383642","prefecture_code":2,"town":"太田","city_name":"北津軽郡板柳町"},{"code":"0383635","prefecture_code":2,"town":"大俵","city_name":"北津軽郡板柳町"},{"code":"0383671","prefecture_code":2,"town":"掛落林","city_name":"北津軽郡板柳町"},{"code":"0383632","prefecture_code":2,"town":"柏木","city_name":"北津軽郡板柳町"},{"code":"0383633","prefecture_code":2,"town":"狐森","city_name":"北津軽郡板柳町"},{"code":"0383636","prefecture_code":2,"town":"五幾形","city_name":"北津軽郡板柳町"},{"code":"0383673","prefecture_code":2,"town":"小幡","city_name":"北津軽郡板柳町"},{"code":"0383621","prefecture_code":2,"town":"五林平","city_name":"北津軽郡板柳町"},{"code":"0383684","prefecture_code":2,"town":"三千石","city_name":"北津軽郡板柳町"},{"code":"0383623","prefecture_code":2,"town":"常海橋","city_name":"北津軽郡板柳町"},{"code":"0383634","prefecture_code":2,"town":"高増","city_name":"北津軽郡板柳町"},{"code":"0383624","prefecture_code":2,"town":"滝井","city_name":"北津軽郡板柳町"},{"code":"0383625","prefecture_code":2,"town":"舘野越","city_name":"北津軽郡板柳町"},{"code":"0383645","prefecture_code":2,"town":"辻","city_name":"北津軽郡板柳町"},{"code":"0383643","prefecture_code":2,"town":"長野","city_name":"北津軽郡板柳町"},{"code":"0383681","prefecture_code":2,"town":"野中","city_name":"北津軽郡板柳町"},{"code":"0383672","prefecture_code":2,"town":"灰沼","city_name":"北津軽郡板柳町"},{"code":"0383641","prefecture_code":2,"town":"深味","city_name":"北津軽郡板柳町"},{"code":"0383661","prefecture_code":2,"town":"福野田","city_name":"北津軽郡板柳町"},{"code":"0383631","prefecture_code":2,"town":"牡丹森","city_name":"北津軽郡板柳町"},{"code":"0383622","prefecture_code":2,"town":"夕顔関","city_name":"北津軽郡板柳町"},{"code":"0383644","prefecture_code":2,"town":"横沢","city_name":"北津軽郡板柳町"},{"code":"0383500","prefecture_code":2,"town":"","city_name":"北津軽郡鶴田町"},{"code":"0383501","prefecture_code":2,"town":"大巻","city_name":"北津軽郡鶴田町"},{"code":"0383513","prefecture_code":2,"town":"沖","city_name":"北津軽郡鶴田町"},{"code":"0383541","prefecture_code":2,"town":"尾原","city_name":"北津軽郡鶴田町"},{"code":"0383531","prefecture_code":2,"town":"木筒","city_name":"北津軽郡鶴田町"},{"code":"0383523","prefecture_code":2,"town":"胡桃舘","city_name":"北津軽郡鶴田町"},{"code":"0383502","prefecture_code":2,"town":"強巻","city_name":"北津軽郡鶴田町"},{"code":"0383524","prefecture_code":2,"town":"境","city_name":"北津軽郡鶴田町"},{"code":"0383521","prefecture_code":2,"town":"菖蒲川","city_name":"北津軽郡鶴田町"},{"code":"0383512","prefecture_code":2,"town":"瀬良沢","city_name":"北津軽郡鶴田町"},{"code":"0383525","prefecture_code":2,"town":"大性","city_name":"北津軽郡鶴田町"},{"code":"0383503","prefecture_code":2,"town":"鶴田","city_name":"北津軽郡鶴田町"},{"code":"0383522","prefecture_code":2,"town":"鶴泊","city_name":"北津軽郡鶴田町"},{"code":"0383514","prefecture_code":2,"town":"中野","city_name":"北津軽郡鶴田町"},{"code":"0383532","prefecture_code":2,"town":"野木","city_name":"北津軽郡鶴田町"},{"code":"0383542","prefecture_code":2,"town":"廻堰","city_name":"北津軽郡鶴田町"},{"code":"0383543","prefecture_code":2,"town":"妙堂崎","city_name":"北津軽郡鶴田町"},{"code":"0383515","prefecture_code":2,"town":"山道","city_name":"北津軽郡鶴田町"},{"code":"0383511","prefecture_code":2,"town":"横萢","city_name":"北津軽郡鶴田町"}]
