[{"code":"0482561","prefecture_code":1,"town":"忍路","city_name":"小樽市"},{"code":"0482671","prefecture_code":1,"town":"オタモイ","city_name":"小樽市"},{"code":"0482672","prefecture_code":1,"town":"塩谷","city_name":"小樽市"},{"code":"0482673","prefecture_code":1,"town":"桃内","city_name":"小樽市"},{"code":"0482562","prefecture_code":1,"town":"蘭島","city_name":"小樽市"},{"code":"0480600","prefecture_code":1,"town":"","city_name":"島牧郡島牧村"},{"code":"0480602","prefecture_code":1,"town":"歌島","city_name":"島牧郡島牧村"},{"code":"0480623","prefecture_code":1,"town":"江の島","city_name":"島牧郡島牧村"},{"code":"0480613","prefecture_code":1,"town":"大平","city_name":"島牧郡島牧村"},{"code":"0480611","prefecture_code":1,"town":"栄磯","city_name":"島牧郡島牧村"},{"code":"0480634","prefecture_code":1,"town":"栄浜","city_name":"島牧郡島牧村"},{"code":"0480631","prefecture_code":1,"town":"千走","city_name":"島牧郡島牧村"},{"code":"0480621","prefecture_code":1,"town":"泊","city_name":"島牧郡島牧村"},{"code":"0480601","prefecture_code":1,"town":"富浦","city_name":"島牧郡島牧村"},{"code":"0480612","prefecture_code":1,"town":"豊浜","city_name":"島牧郡島牧村"},{"code":"0480622","prefecture_code":1,"town":"豊平","city_name":"島牧郡島牧村"},{"code":"0480614","prefecture_code":1,"town":"永豊町","city_name":"島牧郡島牧村"},{"code":"0480633","prefecture_code":1,"town":"原歌町","city_name":"島牧郡島牧村"},{"code":"0480603","prefecture_code":1,"town":"本目","city_name":"島牧郡島牧村"},{"code":"0480604","prefecture_code":1,"town":"港","city_name":"島牧郡島牧村"},{"code":"0480632","prefecture_code":1,"town":"元町","city_name":"島牧郡島牧村"},{"code":"0480400","prefecture_code":1,"town":"","city_name":"寿都郡寿都町"},{"code":"0480351","prefecture_code":1,"town":"磯谷町","city_name":"寿都郡寿都町"},{"code":"0480412","prefecture_code":1,"town":"岩崎町","city_name":"寿都郡寿都町"},{"code":"0480415","prefecture_code":1,"town":"歌棄町","city_name":"寿都郡寿都町"},{"code":"0480404","prefecture_code":1,"town":"大磯町","city_name":"寿都郡寿都町"},{"code":"0480405","prefecture_code":1,"town":"開進町","city_name":"寿都郡寿都町"},{"code":"0480401","prefecture_code":1,"town":"新栄町","city_name":"寿都郡寿都町"},{"code":"0480413","prefecture_code":1,"town":"樽岸町","city_name":"寿都郡寿都町"},{"code":"0480406","prefecture_code":1,"town":"渡島町","city_name":"寿都郡寿都町"},{"code":"0480403","prefecture_code":1,"town":"政泊町","city_name":"寿都郡寿都町"},{"code":"0480402","prefecture_code":1,"town":"矢追町","city_name":"寿都郡寿都町"},{"code":"0480414","prefecture_code":1,"town":"湯別町","city_name":"寿都郡寿都町"},{"code":"0480411","prefecture_code":1,"town":"六条町","city_name":"寿都郡寿都町"},{"code":"0480100","prefecture_code":1,"town":"","city_name":"寿都郡黒松内町"},{"code":"0480136","prefecture_code":1,"town":"赤井川","city_name":"寿都郡黒松内町"},{"code":"0480116","prefecture_code":1,"town":"旭野","city_name":"寿都郡黒松内町"},{"code":"0480124","prefecture_code":1,"town":"五十嵐","city_name":"寿都郡黒松内町"},{"code":"0480114","prefecture_code":1,"town":"歌才","city_name":"寿都郡黒松内町"},{"code":"0480133","prefecture_code":1,"town":"大谷地","city_name":"寿都郡黒松内町"},{"code":"0480112","prefecture_code":1,"town":"貝殻","city_name":"寿都郡黒松内町"},{"code":"0480135","prefecture_code":1,"town":"角十","city_name":"寿都郡黒松内町"},{"code":"0480145","prefecture_code":1,"town":"上大成","city_name":"寿都郡黒松内町"},{"code":"0480141","prefecture_code":1,"town":"上豊幌","city_name":"寿都郡黒松内町"},{"code":"0480126","prefecture_code":1,"town":"北作開","city_name":"寿都郡黒松内町"},{"code":"0480101","prefecture_code":1,"town":"黒松内","city_name":"寿都郡黒松内町"},{"code":"0480134","prefecture_code":1,"town":"白井川","city_name":"寿都郡黒松内町"},{"code":"0480122","prefecture_code":1,"town":"白炭","city_name":"寿都郡黒松内町"},{"code":"0480117","prefecture_code":1,"town":"添別","city_name":"寿都郡黒松内町"},{"code":"0480143","prefecture_code":1,"town":"大成","city_name":"寿都郡黒松内町"},{"code":"0480132","prefecture_code":1,"town":"チョポシナイ","city_name":"寿都郡黒松内町"},{"code":"0480142","prefecture_code":1,"town":"東栄","city_name":"寿都郡黒松内町"},{"code":"0480113","prefecture_code":1,"town":"豊幌","city_name":"寿都郡黒松内町"},{"code":"0480111","prefecture_code":1,"town":"中里","city_name":"寿都郡黒松内町"},{"code":"0480123","prefecture_code":1,"town":"中ノ川","city_name":"寿都郡黒松内町"},{"code":"0480131","prefecture_code":1,"town":"西熱郛原野","city_name":"寿都郡黒松内町"},{"code":"0480115","prefecture_code":1,"town":"西沢","city_name":"寿都郡黒松内町"},{"code":"0480121","prefecture_code":1,"town":"熱郛","city_name":"寿都郡黒松内町"},{"code":"0480137","prefecture_code":1,"town":"婆沢","city_name":"寿都郡黒松内町"},{"code":"0480144","prefecture_code":1,"town":"東川","city_name":"寿都郡黒松内町"},{"code":"0480127","prefecture_code":1,"town":"南作開","city_name":"寿都郡黒松内町"},{"code":"0480125","prefecture_code":1,"town":"目名","city_name":"寿都郡黒松内町"},{"code":"0481300","prefecture_code":1,"town":"","city_name":"磯谷郡蘭越町"},{"code":"0481251","prefecture_code":1,"town":"相生","city_name":"磯谷郡蘭越町"},{"code":"0481265","prefecture_code":1,"town":"鮎川","city_name":"磯谷郡蘭越町"},{"code":"0481305","prefecture_code":1,"town":"大谷","city_name":"磯谷郡蘭越町"},{"code":"0481316","prefecture_code":1,"town":"大曲","city_name":"磯谷郡蘭越町"},{"code":"0481314","prefecture_code":1,"town":"御成","city_name":"磯谷郡蘭越町"},{"code":"0481262","prefecture_code":1,"town":"貝川","city_name":"磯谷郡蘭越町"},{"code":"0481313","prefecture_code":1,"town":"上里","city_name":"磯谷郡蘭越町"},{"code":"0481254","prefecture_code":1,"town":"上目名","city_name":"磯谷郡蘭越町"},{"code":"0481315","prefecture_code":1,"town":"共栄","city_name":"磯谷郡蘭越町"},{"code":"0481323","prefecture_code":1,"town":"黄金","city_name":"磯谷郡蘭越町"},{"code":"0481321","prefecture_code":1,"town":"昆布温泉","city_name":"磯谷郡蘭越町"},{"code":"0481302","prefecture_code":1,"town":"昆布町","city_name":"磯谷郡蘭越町"},{"code":"0481325","prefecture_code":1,"town":"栄","city_name":"磯谷郡蘭越町"},{"code":"0481252","prefecture_code":1,"town":"讃岐","city_name":"磯谷郡蘭越町"},{"code":"0481264","prefecture_code":1,"town":"清水","city_name":"磯谷郡蘭越町"},{"code":"0481253","prefecture_code":1,"town":"田下","city_name":"磯谷郡蘭越町"},{"code":"0481303","prefecture_code":1,"town":"立川","city_name":"磯谷郡蘭越町"},{"code":"0481326","prefecture_code":1,"town":"富岡","city_name":"磯谷郡蘭越町"},{"code":"0481324","prefecture_code":1,"town":"豊国","city_name":"磯谷郡蘭越町"},{"code":"0481307","prefecture_code":1,"town":"トンカラ","city_name":"磯谷郡蘭越町"},{"code":"0481307","prefecture_code":1,"town":"名駒町","city_name":"磯谷郡蘭越町"},{"code":"0481327","prefecture_code":1,"town":"新見","city_name":"磯谷郡蘭越町"},{"code":"0481316","prefecture_code":1,"town":"初田","city_name":"磯谷郡蘭越町"},{"code":"0481322","prefecture_code":1,"town":"日出","city_name":"磯谷郡蘭越町"},{"code":"0481312","prefecture_code":1,"town":"冷水","city_name":"磯谷郡蘭越町"},{"code":"0481263","prefecture_code":1,"town":"三笠","city_name":"磯谷郡蘭越町"},{"code":"0481304","prefecture_code":1,"town":"水上","city_name":"磯谷郡蘭越町"},{"code":"0481312","prefecture_code":1,"town":"三和","city_name":"磯谷郡蘭越町"},{"code":"0481341","prefecture_code":1,"town":"港町","city_name":"磯谷郡蘭越町"},{"code":"0481261","prefecture_code":1,"town":"目名町","city_name":"磯谷郡蘭越町"},{"code":"0481321","prefecture_code":1,"town":"湯里","city_name":"磯谷郡蘭越町"},{"code":"0481311","prefecture_code":1,"town":"吉国","city_name":"磯谷郡蘭越町"},{"code":"0481306","prefecture_code":1,"town":"淀川","city_name":"磯谷郡蘭越町"},{"code":"0481301","prefecture_code":1,"town":"蘭越町","city_name":"磯谷郡蘭越町"},{"code":"0481500","prefecture_code":1,"town":"","city_name":"虻田郡ニセコ町"},{"code":"0481531","prefecture_code":1,"town":"有島","city_name":"虻田郡ニセコ町"},{"code":"0481562","prefecture_code":1,"town":"桂台","city_name":"虻田郡ニセコ町"},{"code":"0481553","prefecture_code":1,"town":"黒川","city_name":"虻田郡ニセコ町"},{"code":"0481542","prefecture_code":1,"town":"近藤","city_name":"虻田郡ニセコ町"},{"code":"0481551","prefecture_code":1,"town":"里見","city_name":"虻田郡ニセコ町"},{"code":"0481522","prefecture_code":1,"town":"曽我","city_name":"虻田郡ニセコ町"},{"code":"0481512","prefecture_code":1,"town":"中央通","city_name":"虻田郡ニセコ町"},{"code":"0481554","prefecture_code":1,"town":"富川","city_name":"虻田郡ニセコ町"},{"code":"0481543","prefecture_code":1,"town":"豊里","city_name":"虻田郡ニセコ町"},{"code":"0481563","prefecture_code":1,"town":"西富","city_name":"虻田郡ニセコ町"},{"code":"0481511","prefecture_code":1,"town":"ニセコ","city_name":"虻田郡ニセコ町"},{"code":"0481521","prefecture_code":1,"town":"東山","city_name":"虻田郡ニセコ町"},{"code":"0481561","prefecture_code":1,"town":"福井","city_name":"虻田郡ニセコ町"},{"code":"0481501","prefecture_code":1,"town":"富士見","city_name":"虻田郡ニセコ町"},{"code":"0481502","prefecture_code":1,"town":"本通","city_name":"虻田郡ニセコ町"},{"code":"0481552","prefecture_code":1,"town":"宮田","city_name":"虻田郡ニセコ町"},{"code":"0481544","prefecture_code":1,"town":"元町","city_name":"虻田郡ニセコ町"},{"code":"0481541","prefecture_code":1,"town":"羊蹄","city_name":"虻田郡ニセコ町"},{"code":"0481600","prefecture_code":1,"town":"","city_name":"虻田郡真狩村"},{"code":"0481602","prefecture_code":1,"town":"泉","city_name":"虻田郡真狩村"},{"code":"0481622","prefecture_code":1,"town":"加野","city_name":"虻田郡真狩村"},{"code":"0481624","prefecture_code":1,"town":"神里","city_name":"虻田郡真狩村"},{"code":"0481623","prefecture_code":1,"town":"川崎","city_name":"虻田郡真狩村"},{"code":"0481603","prefecture_code":1,"town":"共明","city_name":"虻田郡真狩村"},{"code":"0481614","prefecture_code":1,"town":"桜川","city_name":"虻田郡真狩村"},{"code":"0481604","prefecture_code":1,"town":"富里","city_name":"虻田郡真狩村"},{"code":"0481621","prefecture_code":1,"town":"豊川","city_name":"虻田郡真狩村"},{"code":"0481613","prefecture_code":1,"town":"南部","city_name":"虻田郡真狩村"},{"code":"0481611","prefecture_code":1,"town":"光","city_name":"虻田郡真狩村"},{"code":"0481631","prefecture_code":1,"town":"真狩","city_name":"虻田郡真狩村"},{"code":"0481615","prefecture_code":1,"town":"緑岡","city_name":"虻田郡真狩村"},{"code":"0481601","prefecture_code":1,"town":"美原","city_name":"虻田郡真狩村"},{"code":"0481612","prefecture_code":1,"town":"見晴","city_name":"虻田郡真狩村"},{"code":"0481605","prefecture_code":1,"town":"社","city_name":"虻田郡真狩村"},{"code":"0481700","prefecture_code":1,"town":"","city_name":"虻田郡留寿都村"},{"code":"0481752","prefecture_code":1,"town":"旭野","city_name":"虻田郡留寿都村"},{"code":"0481711","prefecture_code":1,"town":"泉川","city_name":"虻田郡留寿都村"},{"code":"0481722","prefecture_code":1,"town":"黒田","city_name":"虻田郡留寿都村"},{"code":"0481723","prefecture_code":1,"town":"三ノ原","city_name":"虻田郡留寿都村"},{"code":"0481712","prefecture_code":1,"town":"豊岡","city_name":"虻田郡留寿都村"},{"code":"0481741","prefecture_code":1,"town":"西ノ原","city_name":"虻田郡留寿都村"},{"code":"0481751","prefecture_code":1,"town":"登","city_name":"虻田郡留寿都村"},{"code":"0481724","prefecture_code":1,"town":"三豊","city_name":"虻田郡留寿都村"},{"code":"0481721","prefecture_code":1,"town":"向丘","city_name":"虻田郡留寿都村"},{"code":"0481731","prefecture_code":1,"town":"留寿都","city_name":"虻田郡留寿都村"},{"code":"0482200","prefecture_code":1,"town":"","city_name":"岩内郡共和町"},{"code":"0482143","prefecture_code":1,"town":"国富","city_name":"岩内郡共和町"},{"code":"0482142","prefecture_code":1,"town":"小沢","city_name":"岩内郡共和町"},{"code":"0482201","prefecture_code":1,"town":"前田","city_name":"岩内郡共和町"},{"code":"0482202","prefecture_code":1,"town":"南幌似","city_name":"岩内郡共和町"},{"code":"0482141","prefecture_code":1,"town":"ワイス","city_name":"岩内郡共和町"},{"code":"0482400","prefecture_code":1,"town":"","city_name":"余市郡仁木町"},{"code":"0482401","prefecture_code":1,"town":"旭台","city_name":"余市郡仁木町"},{"code":"0482402","prefecture_code":1,"town":"３−４、２０、６７８、６８７番地）","city_name":"余市郡仁木町"},{"code":"0482331","prefecture_code":1,"town":"２１０、２５４、２６７、３７２、４４４、４６９番地）","city_name":"余市郡仁木町"},{"code":"0482334","prefecture_code":1,"town":"尾根内","city_name":"余市郡仁木町"},{"code":"0482405","prefecture_code":1,"town":"北町","city_name":"余市郡仁木町"},{"code":"0482335","prefecture_code":1,"town":"銀山","city_name":"余市郡仁木町"},{"code":"0482403","prefecture_code":1,"town":"然別","city_name":"余市郡仁木町"},{"code":"0482404","prefecture_code":1,"town":"砥の川","city_name":"余市郡仁木町"},{"code":"0482332","prefecture_code":1,"town":"長沢西","city_name":"余市郡仁木町"},{"code":"0482333","prefecture_code":1,"town":"長沢南","city_name":"余市郡仁木町"},{"code":"0482406","prefecture_code":1,"town":"西町","city_name":"余市郡仁木町"},{"code":"0482411","prefecture_code":1,"town":"東町","city_name":"余市郡仁木町"},{"code":"0482412","prefecture_code":1,"town":"東町緑ケ丘","city_name":"余市郡仁木町"},{"code":"0482413","prefecture_code":1,"town":"南町","city_name":"余市郡仁木町"},{"code":"0482402","prefecture_code":1,"town":"大江（１丁目、２丁目「６５１、６６２、６６８番地」以外、３丁目５、１","city_name":"余市郡仁木町"},{"code":"0482331","prefecture_code":1,"town":"大江（２丁目６５１、６６２、６６８番地、３丁目１０３、１１８、","city_name":"余市郡仁木町"}]
