[{"code":"0490100","prefecture_code":1,"town":"","city_name":"北斗市"},{"code":"0490161","prefecture_code":1,"town":"飯生","city_name":"北斗市"},{"code":"0490101","prefecture_code":1,"town":"追分","city_name":"北斗市"},{"code":"0490152","prefecture_code":1,"town":"押上","city_name":"北斗市"},{"code":"0490136","prefecture_code":1,"town":"峨朗","city_name":"北斗市"},{"code":"0490157","prefecture_code":1,"town":"清川","city_name":"北斗市"},{"code":"0490121","prefecture_code":1,"town":"久根別","city_name":"北斗市"},{"code":"0490143","prefecture_code":1,"town":"公園通","city_name":"北斗市"},{"code":"0490151","prefecture_code":1,"town":"桜岱","city_name":"北斗市"},{"code":"0490142","prefecture_code":1,"town":"昭和","city_name":"北斗市"},{"code":"0490154","prefecture_code":1,"town":"添山","city_name":"北斗市"},{"code":"0490153","prefecture_code":1,"town":"大工川","city_name":"北斗市"},{"code":"0490132","prefecture_code":1,"town":"館野","city_name":"北斗市"},{"code":"0490141","prefecture_code":1,"town":"谷好","city_name":"北斗市"},{"code":"0490162","prefecture_code":1,"town":"中央","city_name":"北斗市"},{"code":"0490282","prefecture_code":1,"town":"当別","city_name":"北斗市"},{"code":"0490171","prefecture_code":1,"town":"常盤","city_name":"北斗市"},{"code":"0490131","prefecture_code":1,"town":"富川","city_name":"北斗市"},{"code":"0490155","prefecture_code":1,"town":"中野","city_name":"北斗市"},{"code":"0490156","prefecture_code":1,"town":"中野通","city_name":"北斗市"},{"code":"0490111","prefecture_code":1,"town":"七重浜","city_name":"北斗市"},{"code":"0490158","prefecture_code":1,"town":"野崎","city_name":"北斗市"},{"code":"0490122","prefecture_code":1,"town":"東浜","city_name":"北斗市"},{"code":"0490135","prefecture_code":1,"town":"水無","city_name":"北斗市"},{"code":"0490283","prefecture_code":1,"town":"三ツ石","city_name":"北斗市"},{"code":"0490134","prefecture_code":1,"town":"三好","city_name":"北斗市"},{"code":"0490281","prefecture_code":1,"town":"茂辺地","city_name":"北斗市"},{"code":"0490285","prefecture_code":1,"town":"茂辺地市ノ渡","city_name":"北斗市"},{"code":"0490133","prefecture_code":1,"town":"柳沢","city_name":"北斗市"},{"code":"0490286","prefecture_code":1,"town":"矢不来","city_name":"北斗市"},{"code":"0490284","prefecture_code":1,"town":"湯ノ沢","city_name":"北斗市"},{"code":"0491500","prefecture_code":1,"town":"","city_name":"松前郡松前町"},{"code":"0491643","prefecture_code":1,"town":"赤神","city_name":"松前郡松前町"},{"code":"0491517","prefecture_code":1,"town":"朝日","city_name":"松前郡松前町"},{"code":"0491504","prefecture_code":1,"town":"愛宕","city_name":"松前郡松前町"},{"code":"0491523","prefecture_code":1,"town":"荒谷","city_name":"松前郡松前町"},{"code":"0491771","prefecture_code":1,"town":"江良","city_name":"松前郡松前町"},{"code":"0491503","prefecture_code":1,"town":"大磯","city_name":"松前郡松前町"},{"code":"0491522","prefecture_code":1,"town":"大沢","city_name":"松前郡松前町"},{"code":"0491781","prefecture_code":1,"town":"大津","city_name":"松前郡松前町"},{"code":"0491521","prefecture_code":1,"town":"上川","city_name":"松前郡松前町"},{"code":"0491761","prefecture_code":1,"town":"神山","city_name":"松前郡松前町"},{"code":"0491506","prefecture_code":1,"town":"唐津","city_name":"松前郡松前町"},{"code":"0491783","prefecture_code":1,"town":"清部","city_name":"松前郡松前町"},{"code":"0491784","prefecture_code":1,"town":"小浜","city_name":"松前郡松前町"},{"code":"0491642","prefecture_code":1,"town":"札前","city_name":"松前郡松前町"},{"code":"0491644","prefecture_code":1,"town":"静浦","city_name":"松前郡松前町"},{"code":"0491524","prefecture_code":1,"town":"白神","city_name":"松前郡松前町"},{"code":"0491763","prefecture_code":1,"town":"白坂","city_name":"松前郡松前町"},{"code":"0491513","prefecture_code":1,"town":"神明","city_name":"松前郡松前町"},{"code":"0491782","prefecture_code":1,"town":"高野","city_name":"松前郡松前町"},{"code":"0491501","prefecture_code":1,"town":"建石","city_name":"松前郡松前町"},{"code":"0491641","prefecture_code":1,"town":"館浜","city_name":"松前郡松前町"},{"code":"0491515","prefecture_code":1,"town":"月島","city_name":"松前郡松前町"},{"code":"0491514","prefecture_code":1,"town":"豊岡","city_name":"松前郡松前町"},{"code":"0491507","prefecture_code":1,"town":"西館","city_name":"松前郡松前町"},{"code":"0491505","prefecture_code":1,"town":"博多","city_name":"松前郡松前町"},{"code":"0491762","prefecture_code":1,"town":"原口","city_name":"松前郡松前町"},{"code":"0491516","prefecture_code":1,"town":"東山","city_name":"松前郡松前町"},{"code":"0491512","prefecture_code":1,"town":"福山","city_name":"松前郡松前町"},{"code":"0491764","prefecture_code":1,"town":"二越","city_name":"松前郡松前町"},{"code":"0491502","prefecture_code":1,"town":"弁天","city_name":"松前郡松前町"},{"code":"0491511","prefecture_code":1,"town":"松城","city_name":"松前郡松前町"},{"code":"0491645","prefecture_code":1,"town":"茂草","city_name":"松前郡松前町"},{"code":"0491300","prefecture_code":1,"town":"","city_name":"松前郡福島町"},{"code":"0491325","prefecture_code":1,"town":"岩部","city_name":"松前郡福島町"},{"code":"0491312","prefecture_code":1,"town":"上町","city_name":"松前郡福島町"},{"code":"0491323","prefecture_code":1,"town":"浦和","city_name":"松前郡福島町"},{"code":"0491312","prefecture_code":1,"town":"川原町","city_name":"松前郡福島町"},{"code":"0491322","prefecture_code":1,"town":"塩釜","city_name":"松前郡福島町"},{"code":"0491301","prefecture_code":1,"town":"白符","city_name":"松前郡福島町"},{"code":"0491331","prefecture_code":1,"town":"新栄町","city_name":"松前郡福島町"},{"code":"0491332","prefecture_code":1,"town":"千軒","city_name":"松前郡福島町"},{"code":"0491312","prefecture_code":1,"town":"館古","city_name":"松前郡福島町"},{"code":"0491454","prefecture_code":1,"town":"館崎","city_name":"松前郡福島町"},{"code":"0491321","prefecture_code":1,"town":"月崎","city_name":"松前郡福島町"},{"code":"0491452","prefecture_code":1,"town":"豊浜","city_name":"松前郡福島町"},{"code":"0491311","prefecture_code":1,"town":"桧倉","city_name":"松前郡福島町"},{"code":"0491324","prefecture_code":1,"town":"日の出","city_name":"松前郡福島町"},{"code":"0491302","prefecture_code":1,"town":"日向","city_name":"松前郡福島町"},{"code":"0491312","prefecture_code":1,"town":"福島","city_name":"松前郡福島町"},{"code":"0491312","prefecture_code":1,"town":"本町","city_name":"松前郡福島町"},{"code":"0491456","prefecture_code":1,"town":"松浦","city_name":"松前郡福島町"},{"code":"0491321","prefecture_code":1,"town":"丸山団地","city_name":"松前郡福島町"},{"code":"0491331","prefecture_code":1,"town":"三岳","city_name":"松前郡福島町"},{"code":"0491321","prefecture_code":1,"town":"緑町","city_name":"松前郡福島町"},{"code":"0491451","prefecture_code":1,"town":"宮歌","city_name":"松前郡福島町"},{"code":"0491453","prefecture_code":1,"town":"美山","city_name":"松前郡福島町"},{"code":"0491453","prefecture_code":1,"town":"吉岡","city_name":"松前郡福島町"},{"code":"0491312","prefecture_code":1,"town":"吉田町","city_name":"松前郡福島町"},{"code":"0491455","prefecture_code":1,"town":"吉野","city_name":"松前郡福島町"},{"code":"0491100","prefecture_code":1,"town":"","city_name":"上磯郡知内町"},{"code":"0491103","prefecture_code":1,"town":"重内","city_name":"上磯郡知内町"},{"code":"0491105","prefecture_code":1,"town":"小谷石","city_name":"上磯郡知内町"},{"code":"0491107","prefecture_code":1,"town":"上雷","city_name":"上磯郡知内町"},{"code":"0491101","prefecture_code":1,"town":"中ノ川","city_name":"上磯郡知内町"},{"code":"0491106","prefecture_code":1,"town":"元町","city_name":"上磯郡知内町"},{"code":"0491102","prefecture_code":1,"town":"森越","city_name":"上磯郡知内町"},{"code":"0491221","prefecture_code":1,"town":"湯ノ里","city_name":"上磯郡知内町"},{"code":"0491104","prefecture_code":1,"town":"涌元","city_name":"上磯郡知内町"},{"code":"0490400","prefecture_code":1,"town":"","city_name":"上磯郡木古内町"},{"code":"0490405","prefecture_code":1,"town":"泉沢","city_name":"上磯郡木古内町"},{"code":"0490454","prefecture_code":1,"town":"瓜谷","city_name":"上磯郡木古内町"},{"code":"0490401","prefecture_code":1,"town":"大釜谷","city_name":"上磯郡木古内町"},{"code":"0490453","prefecture_code":1,"town":"大川","city_name":"上磯郡木古内町"},{"code":"0490412","prefecture_code":1,"town":"大平","city_name":"上磯郡木古内町"},{"code":"0490402","prefecture_code":1,"town":"御宮野","city_name":"上磯郡木古内町"},{"code":"0490403","prefecture_code":1,"town":"釜谷","city_name":"上磯郡木古内町"},{"code":"0490404","prefecture_code":1,"town":"亀川","city_name":"上磯郡木古内町"},{"code":"0490431","prefecture_code":1,"town":"木古内","city_name":"上磯郡木古内町"},{"code":"0490408","prefecture_code":1,"town":"幸連","city_name":"上磯郡木古内町"},{"code":"0490411","prefecture_code":1,"town":"札苅","city_name":"上磯郡木古内町"},{"code":"0490451","prefecture_code":1,"town":"新道","city_name":"上磯郡木古内町"},{"code":"0490452","prefecture_code":1,"town":"建川","city_name":"上磯郡木古内町"},{"code":"0490455","prefecture_code":1,"town":"鶴岡","city_name":"上磯郡木古内町"},{"code":"0490441","prefecture_code":1,"town":"中野","city_name":"上磯郡木古内町"},{"code":"0490406","prefecture_code":1,"town":"二乃岱","city_name":"上磯郡木古内町"},{"code":"0490407","prefecture_code":1,"town":"橋呉","city_name":"上磯郡木古内町"},{"code":"0490422","prefecture_code":1,"town":"本町","city_name":"上磯郡木古内町"},{"code":"0490421","prefecture_code":1,"town":"前浜","city_name":"上磯郡木古内町"},{"code":"0492300","prefecture_code":1,"town":"","city_name":"茅部郡森町"},{"code":"0492142","prefecture_code":1,"town":"赤井川","city_name":"茅部郡森町"},{"code":"0492463","prefecture_code":1,"town":"石倉町","city_name":"茅部郡森町"},{"code":"0492311","prefecture_code":1,"town":"上台町","city_name":"茅部郡森町"},{"code":"0492465","prefecture_code":1,"town":"蛯谷町","city_name":"茅部郡森町"},{"code":"0492301","prefecture_code":1,"town":"尾白内町","city_name":"茅部郡森町"},{"code":"0492312","prefecture_code":1,"town":"霞台","city_name":"茅部郡森町"},{"code":"0492327","prefecture_code":1,"town":"清澄町","city_name":"茅部郡森町"},{"code":"0492324","prefecture_code":1,"town":"栗ケ丘","city_name":"茅部郡森町"},{"code":"0492141","prefecture_code":1,"town":"駒ケ岳","city_name":"茅部郡森町"},{"code":"0492308","prefecture_code":1,"town":"栄町","city_name":"茅部郡森町"},{"code":"0492222","prefecture_code":1,"town":"砂原","city_name":"茅部郡森町"},{"code":"0492221","prefecture_code":1,"town":"砂原西","city_name":"茅部郡森町"},{"code":"0492223","prefecture_code":1,"town":"砂原東","city_name":"茅部郡森町"},{"code":"0492461","prefecture_code":1,"town":"三岱","city_name":"茅部郡森町"},{"code":"0492307","prefecture_code":1,"town":"白川","city_name":"茅部郡森町"},{"code":"0492304","prefecture_code":1,"town":"新川町","city_name":"茅部郡森町"},{"code":"0492305","prefecture_code":1,"town":"常盤町","city_name":"茅部郡森町"},{"code":"0492323","prefecture_code":1,"town":"鳥崎町","city_name":"茅部郡森町"},{"code":"0492462","prefecture_code":1,"town":"濁川","city_name":"茅部郡森町"},{"code":"0492303","prefecture_code":1,"town":"東森町","city_name":"茅部郡森町"},{"code":"0492306","prefecture_code":1,"town":"姫川","city_name":"茅部郡森町"},{"code":"0492322","prefecture_code":1,"town":"富士見町","city_name":"茅部郡森町"},{"code":"0492464","prefecture_code":1,"town":"本茅部町","city_name":"茅部郡森町"},{"code":"0492325","prefecture_code":1,"town":"本町","city_name":"茅部郡森町"},{"code":"0492302","prefecture_code":1,"town":"港町","city_name":"茅部郡森町"},{"code":"0492326","prefecture_code":1,"town":"御幸町","city_name":"茅部郡森町"},{"code":"0492313","prefecture_code":1,"town":"森川町","city_name":"茅部郡森町"},{"code":"0492321","prefecture_code":1,"town":"鷲ノ木町","city_name":"茅部郡森町"},{"code":"0493100","prefecture_code":1,"town":"","city_name":"二海郡八雲町"},{"code":"0493113","prefecture_code":1,"town":"相生町","city_name":"二海郡八雲町"},{"code":"0492561","prefecture_code":1,"town":"旭丘","city_name":"二海郡八雲町"},{"code":"0493125","prefecture_code":1,"town":"熱田","city_name":"二海郡八雲町"},{"code":"0493115","prefecture_code":1,"town":"出雲町","city_name":"二海郡八雲町"},{"code":"0492564","prefecture_code":1,"town":"入沢","city_name":"二海郡八雲町"},{"code":"0493104","prefecture_code":1,"town":"内浦町","city_name":"二海郡八雲町"},{"code":"0493126","prefecture_code":1,"town":"大新","city_name":"二海郡八雲町"},{"code":"0492562","prefecture_code":1,"town":"落部","city_name":"二海郡八雲町"},{"code":"0493127","prefecture_code":1,"town":"春日","city_name":"二海郡八雲町"},{"code":"0492566","prefecture_code":1,"town":"上の湯","city_name":"二海郡八雲町"},{"code":"0493121","prefecture_code":1,"town":"上八雲","city_name":"二海郡八雲町"},{"code":"0493341","prefecture_code":1,"town":"黒岩","city_name":"二海郡八雲町"},{"code":"0493117","prefecture_code":1,"town":"栄町","city_name":"二海郡八雲町"},{"code":"0492563","prefecture_code":1,"town":"栄浜","city_name":"二海郡八雲町"},{"code":"0492675","prefecture_code":1,"town":"桜野","city_name":"二海郡八雲町"},{"code":"0493105","prefecture_code":1,"town":"東雲町","city_name":"二海郡八雲町"},{"code":"0492565","prefecture_code":1,"town":"下の湯","city_name":"二海郡八雲町"},{"code":"0493112","prefecture_code":1,"town":"末広町","city_name":"二海郡八雲町"},{"code":"0493111","prefecture_code":1,"town":"住初町","city_name":"二海郡八雲町"},{"code":"0493123","prefecture_code":1,"town":"立岩","city_name":"二海郡八雲町"},{"code":"0493121","prefecture_code":1,"town":"富咲","city_name":"二海郡八雲町"},{"code":"0493103","prefecture_code":1,"town":"豊河町","city_name":"二海郡八雲町"},{"code":"0493128","prefecture_code":1,"town":"鉛川","city_name":"二海郡八雲町"},{"code":"0492672","prefecture_code":1,"town":"野田生","city_name":"二海郡八雲町"},{"code":"0493122","prefecture_code":1,"town":"花浦","city_name":"二海郡八雲町"},{"code":"0493124","prefecture_code":1,"town":"浜松","city_name":"二海郡八雲町"},{"code":"0493102","prefecture_code":1,"town":"東町","city_name":"二海郡八雲町"},{"code":"0492673","prefecture_code":1,"town":"東野","city_name":"二海郡八雲町"},{"code":"0493106","prefecture_code":1,"town":"富士見町","city_name":"二海郡八雲町"},{"code":"0493107","prefecture_code":1,"town":"本町","city_name":"二海郡八雲町"},{"code":"0493114","prefecture_code":1,"town":"三杉町","city_name":"二海郡八雲町"},{"code":"0493118","prefecture_code":1,"town":"緑町","city_name":"二海郡八雲町"},{"code":"0493116","prefecture_code":1,"town":"宮園町","city_name":"二海郡八雲町"},{"code":"0493101","prefecture_code":1,"town":"元町","city_name":"二海郡八雲町"},{"code":"0492671","prefecture_code":1,"town":"山越","city_name":"二海郡八雲町"},{"code":"0493342","prefecture_code":1,"town":"山崎","city_name":"二海郡八雲町"},{"code":"0492674","prefecture_code":1,"town":"わらび野","city_name":"二海郡八雲町"},{"code":"0493500","prefecture_code":1,"town":"","city_name":"山越郡長万部町"},{"code":"0493521","prefecture_code":1,"town":"曙町","city_name":"山越郡長万部町"},{"code":"0493519","prefecture_code":1,"town":"旭浜","city_name":"山越郡長万部町"},{"code":"0493511","prefecture_code":1,"town":"大浜","city_name":"山越郡長万部町"},{"code":"0493521","prefecture_code":1,"town":"大町","city_name":"山越郡長万部町"},{"code":"0493501","prefecture_code":1,"town":"大峰","city_name":"山越郡長万部町"},{"code":"0493521","prefecture_code":1,"town":"長万部","city_name":"山越郡長万部町"},{"code":"0493521","prefecture_code":1,"town":"温泉町","city_name":"山越郡長万部町"},{"code":"0493517","prefecture_code":1,"town":"共立","city_name":"山越郡長万部町"},{"code":"0493515","prefecture_code":1,"town":"栗岡","city_name":"山越郡長万部町"},{"code":"0493462","prefecture_code":1,"town":"国縫","city_name":"山越郡長万部町"},{"code":"0493516","prefecture_code":1,"town":"栄原","city_name":"山越郡長万部町"},{"code":"0493518","prefecture_code":1,"town":"静狩","city_name":"山越郡長万部町"},{"code":"0495141","prefecture_code":1,"town":"静狩","city_name":"山越郡長万部町"},{"code":"0493521","prefecture_code":1,"town":"新開町","city_name":"山越郡長万部町"},{"code":"0493521","prefecture_code":1,"town":"陣屋町","city_name":"山越郡長万部町"},{"code":"0493521","prefecture_code":1,"town":"住吉町","city_name":"山越郡長万部町"},{"code":"0493521","prefecture_code":1,"town":"高砂町","city_name":"山越郡長万部町"},{"code":"0493465","prefecture_code":1,"town":"茶屋川","city_name":"山越郡長万部町"},{"code":"0493502","prefecture_code":1,"town":"知来","city_name":"山越郡長万部町"},{"code":"0493514","prefecture_code":1,"town":"富野","city_name":"山越郡長万部町"},{"code":"0493464","prefecture_code":1,"town":"豊津","city_name":"山越郡長万部町"},{"code":"0493463","prefecture_code":1,"town":"豊野","city_name":"山越郡長万部町"},{"code":"0493512","prefecture_code":1,"town":"中の沢","city_name":"山越郡長万部町"},{"code":"0493461","prefecture_code":1,"town":"花岡","city_name":"山越郡長万部町"},{"code":"0493504","prefecture_code":1,"town":"美畑","city_name":"山越郡長万部町"},{"code":"0493513","prefecture_code":1,"town":"平里","city_name":"山越郡長万部町"},{"code":"0493501","prefecture_code":1,"town":"双葉","city_name":"山越郡長万部町"},{"code":"0493521","prefecture_code":1,"town":"本町","city_name":"山越郡長万部町"},{"code":"0493521","prefecture_code":1,"town":"南栄町","city_name":"山越郡長万部町"},{"code":"0493521","prefecture_code":1,"town":"元町","city_name":"山越郡長万部町"},{"code":"0493503","prefecture_code":1,"town":"蕨岱","city_name":"山越郡長万部町"},{"code":"0490600","prefecture_code":1,"town":"","city_name":"檜山郡上ノ国町"},{"code":"0490741","prefecture_code":1,"town":"石崎","city_name":"檜山郡上ノ国町"},{"code":"0490621","prefecture_code":1,"town":"内郷","city_name":"檜山郡上ノ国町"},{"code":"0490607","prefecture_code":1,"town":"扇石","city_name":"檜山郡上ノ国町"},{"code":"0490604","prefecture_code":1,"town":"大安在","city_name":"檜山郡上ノ国町"},{"code":"0490603","prefecture_code":1,"town":"大崎","city_name":"檜山郡上ノ国町"},{"code":"0490611","prefecture_code":1,"town":"大留","city_name":"檜山郡上ノ国町"},{"code":"0490601","prefecture_code":1,"town":"勝山","city_name":"檜山郡上ノ国町"},{"code":"0490626","prefecture_code":1,"town":"桂岡","city_name":"檜山郡上ノ国町"},{"code":"0490612","prefecture_code":1,"town":"上ノ国","city_name":"檜山郡上ノ国町"},{"code":"0490622","prefecture_code":1,"town":"北村","city_name":"檜山郡上ノ国町"},{"code":"0490606","prefecture_code":1,"town":"木ノ子","city_name":"檜山郡上ノ国町"},{"code":"0490605","prefecture_code":1,"town":"小安在","city_name":"檜山郡上ノ国町"},{"code":"0490627","prefecture_code":1,"town":"小森","city_name":"檜山郡上ノ国町"},{"code":"0490608","prefecture_code":1,"town":"汐吹","city_name":"檜山郡上ノ国町"},{"code":"0490623","prefecture_code":1,"town":"新村","city_name":"檜山郡上ノ国町"},{"code":"0490561","prefecture_code":1,"town":"神明","city_name":"檜山郡上ノ国町"},{"code":"0490742","prefecture_code":1,"town":"館野","city_name":"檜山郡上ノ国町"},{"code":"0490743","prefecture_code":1,"town":"小砂子","city_name":"檜山郡上ノ国町"},{"code":"0490625","prefecture_code":1,"town":"豊田","city_name":"檜山郡上ノ国町"},{"code":"0490624","prefecture_code":1,"town":"中須田","city_name":"檜山郡上ノ国町"},{"code":"0490744","prefecture_code":1,"town":"早川","city_name":"檜山郡上ノ国町"},{"code":"0490564","prefecture_code":1,"town":"早瀬","city_name":"檜山郡上ノ国町"},{"code":"0490602","prefecture_code":1,"town":"原歌","city_name":"檜山郡上ノ国町"},{"code":"0490563","prefecture_code":1,"town":"宮越","city_name":"檜山郡上ノ国町"},{"code":"0490613","prefecture_code":1,"town":"向浜","city_name":"檜山郡上ノ国町"},{"code":"0490562","prefecture_code":1,"town":"湯ノ岱","city_name":"檜山郡上ノ国町"},{"code":"0494300","prefecture_code":1,"town":"","city_name":"瀬棚郡今金町"},{"code":"0494303","prefecture_code":1,"town":"曙町","city_name":"瀬棚郡今金町"},{"code":"0494312","prefecture_code":1,"town":"旭町","city_name":"瀬棚郡今金町"},{"code":"0494301","prefecture_code":1,"town":"東町","city_name":"瀬棚郡今金町"},{"code":"0494325","prefecture_code":1,"town":"稲穂","city_name":"瀬棚郡今金町"},{"code":"0494308","prefecture_code":1,"town":"今金","city_name":"瀬棚郡今金町"},{"code":"0494155","prefecture_code":1,"town":"奥沢","city_name":"瀬棚郡今金町"},{"code":"0494327","prefecture_code":1,"town":"神丘","city_name":"瀬棚郡今金町"},{"code":"0494157","prefecture_code":1,"town":"上種川","city_name":"瀬棚郡今金町"},{"code":"0494304","prefecture_code":1,"town":"寒昇","city_name":"瀬棚郡今金町"},{"code":"0494335","prefecture_code":1,"town":"金原","city_name":"瀬棚郡今金町"},{"code":"0494311","prefecture_code":1,"town":"栄町","city_name":"瀬棚郡今金町"},{"code":"0494326","prefecture_code":1,"town":"商工団地","city_name":"瀬棚郡今金町"},{"code":"0494314","prefecture_code":1,"town":"昭和町","city_name":"瀬棚郡今金町"},{"code":"0494332","prefecture_code":1,"town":"白石","city_name":"瀬棚郡今金町"},{"code":"0494315","prefecture_code":1,"town":"末広町","city_name":"瀬棚郡今金町"},{"code":"0494321","prefecture_code":1,"town":"鈴岡","city_name":"瀬棚郡今金町"},{"code":"0494336","prefecture_code":1,"town":"鈴金","city_name":"瀬棚郡今金町"},{"code":"0494156","prefecture_code":1,"town":"住吉","city_name":"瀬棚郡今金町"},{"code":"0494306","prefecture_code":1,"town":"高美町","city_name":"瀬棚郡今金町"},{"code":"0494331","prefecture_code":1,"town":"田代","city_name":"瀬棚郡今金町"},{"code":"0494324","prefecture_code":1,"town":"種川","city_name":"瀬棚郡今金町"},{"code":"0494337","prefecture_code":1,"town":"豊田","city_name":"瀬棚郡今金町"},{"code":"0494154","prefecture_code":1,"town":"中里","city_name":"瀬棚郡今金町"},{"code":"0494305","prefecture_code":1,"town":"南栄町","city_name":"瀬棚郡今金町"},{"code":"0494333","prefecture_code":1,"town":"日進","city_name":"瀬棚郡今金町"},{"code":"0494307","prefecture_code":1,"town":"八幡町","city_name":"瀬棚郡今金町"},{"code":"0494153","prefecture_code":1,"town":"花石","city_name":"瀬棚郡今金町"},{"code":"0494323","prefecture_code":1,"town":"光台","city_name":"瀬棚郡今金町"},{"code":"0494302","prefecture_code":1,"town":"日の出町","city_name":"瀬棚郡今金町"},{"code":"0494151","prefecture_code":1,"town":"美利河","city_name":"瀬棚郡今金町"},{"code":"0494313","prefecture_code":1,"town":"本町","city_name":"瀬棚郡今金町"},{"code":"0494322","prefecture_code":1,"town":"御影","city_name":"瀬棚郡今金町"},{"code":"0494317","prefecture_code":1,"town":"緑町","city_name":"瀬棚郡今金町"},{"code":"0494316","prefecture_code":1,"town":"南町","city_name":"瀬棚郡今金町"},{"code":"0494152","prefecture_code":1,"town":"宮島","city_name":"瀬棚郡今金町"},{"code":"0494334","prefecture_code":1,"town":"八束","city_name":"瀬棚郡今金町"},{"code":"0494318","prefecture_code":1,"town":"大和町","city_name":"瀬棚郡今金町"},{"code":"0494500","prefecture_code":1,"town":"","city_name":"久遠郡せたな町"},{"code":"0494513","prefecture_code":1,"town":"北檜山区愛知","city_name":"久遠郡せたな町"},{"code":"0494431","prefecture_code":1,"town":"北檜山区小倉山","city_name":"久遠郡せたな町"},{"code":"0494515","prefecture_code":1,"town":"北檜山区兜野","city_name":"久遠郡せたな町"},{"code":"0494501","prefecture_code":1,"town":"北檜山区北檜山","city_name":"久遠郡せたな町"},{"code":"0494516","prefecture_code":1,"town":"北檜山区共和","city_name":"久遠郡せたな町"},{"code":"0494753","prefecture_code":1,"town":"北檜山区小川","city_name":"久遠郡せたな町"},{"code":"0494751","prefecture_code":1,"town":"北檜山区栄","city_name":"久遠郡せたな町"},{"code":"0494518","prefecture_code":1,"town":"北檜山区新成","city_name":"久遠郡せたな町"},{"code":"0494512","prefecture_code":1,"town":"北檜山区徳島","city_name":"久遠郡せたな町"},{"code":"0494755","prefecture_code":1,"town":"北檜山区富里","city_name":"久遠郡せたな町"},{"code":"0494514","prefecture_code":1,"town":"北檜山区豊岡","city_name":"久遠郡せたな町"},{"code":"0494434","prefecture_code":1,"town":"北檜山区西丹羽","city_name":"久遠郡せたな町"},{"code":"0494433","prefecture_code":1,"town":"北檜山区丹羽","city_name":"久遠郡せたな町"},{"code":"0494432","prefecture_code":1,"town":"北檜山区東丹羽","city_name":"久遠郡せたな町"},{"code":"0494754","prefecture_code":1,"town":"北檜山区二俣","city_name":"久遠郡せたな町"},{"code":"0494517","prefecture_code":1,"town":"北檜山区太櫓","city_name":"久遠郡せたな町"},{"code":"0494511","prefecture_code":1,"town":"北檜山区松岡","city_name":"久遠郡せたな町"},{"code":"0494752","prefecture_code":1,"town":"北檜山区若松","city_name":"久遠郡せたな町"},{"code":"0494824","prefecture_code":1,"town":"瀬棚区北島歌","city_name":"久遠郡せたな町"},{"code":"0494827","prefecture_code":1,"town":"瀬棚区共和","city_name":"久遠郡せたな町"},{"code":"0494821","prefecture_code":1,"town":"瀬棚区三本杉","city_name":"久遠郡せたな町"},{"code":"0494823","prefecture_code":1,"town":"瀬棚区島歌","city_name":"久遠郡せたな町"},{"code":"0494825","prefecture_code":1,"town":"瀬棚区西大里","city_name":"久遠郡せたな町"},{"code":"0494826","prefecture_code":1,"town":"瀬棚区東大里","city_name":"久遠郡せたな町"},{"code":"0494816","prefecture_code":1,"town":"瀬棚区本町","city_name":"久遠郡せたな町"},{"code":"0494801","prefecture_code":1,"town":"瀬棚区本町","city_name":"久遠郡せたな町"},{"code":"0494802","prefecture_code":1,"town":"瀬棚区本町","city_name":"久遠郡せたな町"},{"code":"0494803","prefecture_code":1,"town":"瀬棚区本町","city_name":"久遠郡せたな町"},{"code":"0494804","prefecture_code":1,"town":"瀬棚区本町","city_name":"久遠郡せたな町"},{"code":"0494805","prefecture_code":1,"town":"瀬棚区本町","city_name":"久遠郡せたな町"},{"code":"0494811","prefecture_code":1,"town":"瀬棚区本町","city_name":"久遠郡せたな町"},{"code":"0494812","prefecture_code":1,"town":"瀬棚区本町","city_name":"久遠郡せたな町"},{"code":"0494813","prefecture_code":1,"town":"瀬棚区本町","city_name":"久遠郡せたな町"},{"code":"0494814","prefecture_code":1,"town":"瀬棚区本町","city_name":"久遠郡せたな町"},{"code":"0494815","prefecture_code":1,"town":"瀬棚区本町","city_name":"久遠郡せたな町"},{"code":"0494828","prefecture_code":1,"town":"瀬棚区南川","city_name":"久遠郡せたな町"},{"code":"0494822","prefecture_code":1,"town":"瀬棚区元浦","city_name":"久遠郡せたな町"},{"code":"0495400","prefecture_code":1,"town":"","city_name":"虻田郡豊浦町"},{"code":"0495412","prefecture_code":1,"town":"旭町","city_name":"虻田郡豊浦町"},{"code":"0495332","prefecture_code":1,"town":"大岸","city_name":"虻田郡豊浦町"},{"code":"0495413","prefecture_code":1,"town":"海岸町","city_name":"虻田郡豊浦町"},{"code":"0495407","prefecture_code":1,"town":"上泉","city_name":"虻田郡豊浦町"},{"code":"0495414","prefecture_code":1,"town":"幸町","city_name":"虻田郡豊浦町"},{"code":"0495404","prefecture_code":1,"town":"桜","city_name":"虻田郡豊浦町"},{"code":"0495411","prefecture_code":1,"town":"東雲町","city_name":"虻田郡豊浦町"},{"code":"0495408","prefecture_code":1,"town":"新富","city_name":"虻田郡豊浦町"},{"code":"0495406","prefecture_code":1,"town":"新山梨","city_name":"虻田郡豊浦町"},{"code":"0495405","prefecture_code":1,"town":"高岡","city_name":"虻田郡豊浦町"},{"code":"0495331","prefecture_code":1,"town":"豊泉","city_name":"虻田郡豊浦町"},{"code":"0495415","prefecture_code":1,"town":"浜町","city_name":"虻田郡豊浦町"},{"code":"0495416","prefecture_code":1,"town":"船見町","city_name":"虻田郡豊浦町"},{"code":"0495403","prefecture_code":1,"town":"美和","city_name":"虻田郡豊浦町"},{"code":"0495402","prefecture_code":1,"town":"大和","city_name":"虻田郡豊浦町"},{"code":"0495401","prefecture_code":1,"town":"山梨","city_name":"虻田郡豊浦町"},{"code":"0495333","prefecture_code":1,"town":"礼文華","city_name":"虻田郡豊浦町"},{"code":"0495731","prefecture_code":1,"town":"洞爺湖温泉","city_name":"有珠郡壮瞥町"},{"code":"0495600","prefecture_code":1,"town":"","city_name":"虻田郡洞爺湖町"},{"code":"0495601","prefecture_code":1,"town":"青葉町","city_name":"虻田郡洞爺湖町"},{"code":"0495801","prefecture_code":1,"town":"旭浦","city_name":"虻田郡洞爺湖町"},{"code":"0495611","prefecture_code":1,"town":"旭町","city_name":"虻田郡洞爺湖町"},{"code":"0495602","prefecture_code":1,"town":"泉","city_name":"虻田郡洞爺湖町"},{"code":"0495603","prefecture_code":1,"town":"入江","city_name":"虻田郡洞爺湖町"},{"code":"0495811","prefecture_code":1,"town":"岩屋","city_name":"虻田郡洞爺湖町"},{"code":"0495612","prefecture_code":1,"town":"大磯町","city_name":"虻田郡洞爺湖町"},{"code":"0495821","prefecture_code":1,"town":"大原","city_name":"虻田郡洞爺湖町"},{"code":"0495831","prefecture_code":1,"town":"香川","city_name":"虻田郡洞爺湖町"},{"code":"0495812","prefecture_code":1,"town":"川東","city_name":"虻田郡洞爺湖町"},{"code":"0495604","prefecture_code":1,"town":"栄町","city_name":"虻田郡洞爺湖町"},{"code":"0495722","prefecture_code":1,"town":"清水","city_name":"虻田郡洞爺湖町"},{"code":"0495613","prefecture_code":1,"town":"清水","city_name":"虻田郡洞爺湖町"},{"code":"0495605","prefecture_code":1,"town":"高砂町","city_name":"虻田郡洞爺湖町"},{"code":"0495813","prefecture_code":1,"town":"財田","city_name":"虻田郡洞爺湖町"},{"code":"0495723","prefecture_code":1,"town":"月浦","city_name":"虻田郡洞爺湖町"},{"code":"0495721","prefecture_code":1,"town":"洞爺湖温泉","city_name":"虻田郡洞爺湖町"},{"code":"0495802","prefecture_code":1,"town":"洞爺町","city_name":"虻田郡洞爺湖町"},{"code":"0495822","prefecture_code":1,"town":"富丘","city_name":"虻田郡洞爺湖町"},{"code":"0495832","prefecture_code":1,"town":"成香","city_name":"虻田郡洞爺湖町"},{"code":"0495724","prefecture_code":1,"town":"花和","city_name":"虻田郡洞爺湖町"},{"code":"0495614","prefecture_code":1,"town":"浜町","city_name":"虻田郡洞爺湖町"},{"code":"0495814","prefecture_code":1,"town":"早月","city_name":"虻田郡洞爺湖町"},{"code":"0495833","prefecture_code":1,"town":"伏見","city_name":"虻田郡洞爺湖町"},{"code":"0495615","prefecture_code":1,"town":"本町","city_name":"虻田郡洞爺湖町"},{"code":"0495616","prefecture_code":1,"town":"三豊","city_name":"虻田郡洞爺湖町"}]
