[{"code":"0591366","prefecture_code":1,"town":"あけぼの町","city_name":"苫小牧市"},{"code":"0591375","prefecture_code":1,"town":"一本松町","city_name":"苫小牧市"},{"code":"0591365","prefecture_code":1,"town":"植苗","city_name":"苫小牧市"},{"code":"0591306","prefecture_code":1,"town":"ウトナイ北","city_name":"苫小牧市"},{"code":"0591307","prefecture_code":1,"town":"ウトナイ南","city_name":"苫小牧市"},{"code":"0591362","prefecture_code":1,"town":"柏原","city_name":"苫小牧市"},{"code":"0591266","prefecture_code":1,"town":"錦西町","city_name":"苫小牧市"},{"code":"0591363","prefecture_code":1,"town":"静川","city_name":"苫小牧市"},{"code":"0591271","prefecture_code":1,"town":"澄川町","city_name":"苫小牧市"},{"code":"0591263","prefecture_code":1,"town":"青雲町","city_name":"苫小牧市"},{"code":"0591302","prefecture_code":1,"town":"拓勇西町","city_name":"苫小牧市"},{"code":"0591303","prefecture_code":1,"town":"拓勇東町","city_name":"苫小牧市"},{"code":"0591265","prefecture_code":1,"town":"樽前","city_name":"苫小牧市"},{"code":"0591301","prefecture_code":1,"town":"東開町","city_name":"苫小牧市"},{"code":"0591261","prefecture_code":1,"town":"ときわ町","city_name":"苫小牧市"},{"code":"0591275","prefecture_code":1,"town":"錦岡","city_name":"苫小牧市"},{"code":"0591364","prefecture_code":1,"town":"沼ノ端","city_name":"苫小牧市"},{"code":"0591305","prefecture_code":1,"town":"沼ノ端中央","city_name":"苫小牧市"},{"code":"0591272","prefecture_code":1,"town":"のぞみ町","city_name":"苫小牧市"},{"code":"0591276","prefecture_code":1,"town":"はまなす町","city_name":"苫小牧市"},{"code":"0591374","prefecture_code":1,"town":"晴海町","city_name":"苫小牧市"},{"code":"0591371","prefecture_code":1,"town":"弁天","city_name":"苫小牧市"},{"code":"0591304","prefecture_code":1,"town":"北栄町","city_name":"苫小牧市"},{"code":"0591277","prefecture_code":1,"town":"北星町","city_name":"苫小牧市"},{"code":"0591373","prefecture_code":1,"town":"真砂町","city_name":"苫小牧市"},{"code":"0591361","prefecture_code":1,"town":"美沢","city_name":"苫小牧市"},{"code":"0591262","prefecture_code":1,"town":"美原町","city_name":"苫小牧市"},{"code":"0591264","prefecture_code":1,"town":"宮前町","city_name":"苫小牧市"},{"code":"0591273","prefecture_code":1,"town":"明徳町","city_name":"苫小牧市"},{"code":"0591274","prefecture_code":1,"town":"もえぎ町","city_name":"苫小牧市"},{"code":"0591372","prefecture_code":1,"town":"勇払","city_name":"苫小牧市"},{"code":"0590000","prefecture_code":1,"town":"","city_name":"登別市"},{"code":"0590027","prefecture_code":1,"town":"青葉町","city_name":"登別市"},{"code":"0590017","prefecture_code":1,"town":"柏木町","city_name":"登別市"},{"code":"0590016","prefecture_code":1,"town":"片倉町","city_name":"登別市"},{"code":"0590552","prefecture_code":1,"town":"上登別町","city_name":"登別市"},{"code":"0590031","prefecture_code":1,"town":"上鷲別町","city_name":"登別市"},{"code":"0590553","prefecture_code":1,"town":"カルルス町","city_name":"登別市"},{"code":"0590022","prefecture_code":1,"town":"川上町","city_name":"登別市"},{"code":"0590021","prefecture_code":1,"town":"鉱山町","city_name":"登別市"},{"code":"0590002","prefecture_code":1,"town":"幸町","city_name":"登別市"},{"code":"0590033","prefecture_code":1,"town":"栄町","city_name":"登別市"},{"code":"0590023","prefecture_code":1,"town":"桜木町","city_name":"登別市"},{"code":"0590005","prefecture_code":1,"town":"１８４、２３１、３８９−２、４９９、５００番地）","city_name":"登別市"},{"code":"0590461","prefecture_code":1,"town":"札内町","city_name":"登別市"},{"code":"0590001","prefecture_code":1,"town":"新栄町","city_name":"登別市"},{"code":"0590015","prefecture_code":1,"town":"新川町","city_name":"登別市"},{"code":"0590032","prefecture_code":1,"town":"新生町","city_name":"登別市"},{"code":"0590003","prefecture_code":1,"town":"千歳町","city_name":"登別市"},{"code":"0590012","prefecture_code":1,"town":"中央町","city_name":"登別市"},{"code":"0590011","prefecture_code":1,"town":"常盤町","city_name":"登別市"},{"code":"0590462","prefecture_code":1,"town":"富浦町","city_name":"登別市"},{"code":"0590028","prefecture_code":1,"town":"富岸町","city_name":"登別市"},{"code":"0590463","prefecture_code":1,"town":"中登別町","city_name":"登別市"},{"code":"0590551","prefecture_code":1,"town":"登別温泉町","city_name":"登別市"},{"code":"0590464","prefecture_code":1,"town":"登別東町","city_name":"登別市"},{"code":"0590465","prefecture_code":1,"town":"登別本町","city_name":"登別市"},{"code":"0590466","prefecture_code":1,"town":"登別港町","city_name":"登別市"},{"code":"0590014","prefecture_code":1,"town":"富士町","city_name":"登別市"},{"code":"0590013","prefecture_code":1,"town":"幌別町","city_name":"登別市"},{"code":"0590036","prefecture_code":1,"town":"美園町","city_name":"登別市"},{"code":"0590024","prefecture_code":1,"town":"緑町","city_name":"登別市"},{"code":"0590025","prefecture_code":1,"town":"大和町","city_name":"登別市"},{"code":"0590004","prefecture_code":1,"town":"来馬町","city_name":"登別市"},{"code":"0590035","prefecture_code":1,"town":"若草町","city_name":"登別市"},{"code":"0590026","prefecture_code":1,"town":"若山町","city_name":"登別市"},{"code":"0590034","prefecture_code":1,"town":"鷲別町","city_name":"登別市"},{"code":"0590151","prefecture_code":1,"town":"有珠町","city_name":"伊達市"},{"code":"0590153","prefecture_code":1,"town":"大平町","city_name":"伊達市"},{"code":"0590152","prefecture_code":1,"town":"北有珠町","city_name":"伊達市"},{"code":"0590272","prefecture_code":1,"town":"北黄金町","city_name":"伊達市"},{"code":"0590275","prefecture_code":1,"town":"北稀府町","city_name":"伊達市"},{"code":"0590274","prefecture_code":1,"town":"中稀府町","city_name":"伊達市"},{"code":"0590154","prefecture_code":1,"town":"東有珠町","city_name":"伊達市"},{"code":"0590156","prefecture_code":1,"town":"南有珠町","city_name":"伊達市"},{"code":"0590271","prefecture_code":1,"town":"南黄金町","city_name":"伊達市"},{"code":"0590273","prefecture_code":1,"town":"南稀府町","city_name":"伊達市"},{"code":"0590157","prefecture_code":1,"town":"向有珠町","city_name":"伊達市"},{"code":"0590155","prefecture_code":1,"town":"若生町","city_name":"伊達市"},{"code":"0590900","prefecture_code":1,"town":"","city_name":"白老郡白老町"},{"code":"0590921","prefecture_code":1,"town":"石山","city_name":"白老郡白老町"},{"code":"0590905","prefecture_code":1,"town":"大町","city_name":"白老郡白老町"},{"code":"0590915","prefecture_code":1,"town":"川沿","city_name":"白老郡白老町"},{"code":"0590923","prefecture_code":1,"town":"北吉原","city_name":"白老郡白老町"},{"code":"0590641","prefecture_code":1,"town":"虎杖浜","city_name":"白老郡白老町"},{"code":"0590914","prefecture_code":1,"town":"栄町","city_name":"白老郡白老町"},{"code":"0590901","prefecture_code":1,"town":"社台","city_name":"白老郡白老町"},{"code":"0590912","prefecture_code":1,"town":"陣屋町","city_name":"白老郡白老町"},{"code":"0590907","prefecture_code":1,"town":"末広町","city_name":"白老郡白老町"},{"code":"0590916","prefecture_code":1,"town":"高砂町","city_name":"白老郡白老町"},{"code":"0590642","prefecture_code":1,"town":"竹浦","city_name":"白老郡白老町"},{"code":"0590922","prefecture_code":1,"town":"萩野","city_name":"白老郡白老町"},{"code":"0590904","prefecture_code":1,"town":"東町","city_name":"白老郡白老町"},{"code":"0590903","prefecture_code":1,"town":"日の出町","city_name":"白老郡白老町"},{"code":"0590906","prefecture_code":1,"town":"本町","city_name":"白老郡白老町"},{"code":"0590908","prefecture_code":1,"town":"緑丘","city_name":"白老郡白老町"},{"code":"0590913","prefecture_code":1,"town":"緑町","city_name":"白老郡白老町"},{"code":"0590911","prefecture_code":1,"town":"森野","city_name":"白老郡白老町"},{"code":"0590902","prefecture_code":1,"town":"若草町","city_name":"白老郡白老町"},{"code":"0591600","prefecture_code":1,"town":"","city_name":"勇払郡厚真町"},{"code":"0591606","prefecture_code":1,"town":"朝日","city_name":"勇払郡厚真町"},{"code":"0591746","prefecture_code":1,"town":"上野","city_name":"勇払郡厚真町"},{"code":"0591622","prefecture_code":1,"town":"宇隆","city_name":"勇払郡厚真町"},{"code":"0591602","prefecture_code":1,"town":"表町","city_name":"勇払郡厚真町"},{"code":"0591741","prefecture_code":1,"town":"上厚真","city_name":"勇払郡厚真町"},{"code":"0591752","prefecture_code":1,"town":"軽舞","city_name":"勇払郡厚真町"},{"code":"0591744","prefecture_code":1,"town":"共栄","city_name":"勇払郡厚真町"},{"code":"0591601","prefecture_code":1,"town":"京町","city_name":"勇払郡厚真町"},{"code":"0591743","prefecture_code":1,"town":"共和","city_name":"勇払郡厚真町"},{"code":"0591749","prefecture_code":1,"town":"清住","city_name":"勇払郡厚真町"},{"code":"0591751","prefecture_code":1,"town":"鯉沼","city_name":"勇払郡厚真町"},{"code":"0591748","prefecture_code":1,"town":"厚和","city_name":"勇払郡厚真町"},{"code":"0591612","prefecture_code":1,"town":"桜丘","city_name":"勇払郡厚真町"},{"code":"0591754","prefecture_code":1,"town":"鹿沼","city_name":"勇払郡厚真町"},{"code":"0591623","prefecture_code":1,"town":"新町","city_name":"勇払郡厚真町"},{"code":"0591615","prefecture_code":1,"town":"高丘","city_name":"勇払郡厚真町"},{"code":"0591621","prefecture_code":1,"town":"東和","city_name":"勇払郡厚真町"},{"code":"0591614","prefecture_code":1,"town":"富里","city_name":"勇払郡厚真町"},{"code":"0591747","prefecture_code":1,"town":"富野","city_name":"勇払郡厚真町"},{"code":"0591753","prefecture_code":1,"town":"豊丘","city_name":"勇払郡厚真町"},{"code":"0591745","prefecture_code":1,"town":"豊川","city_name":"勇払郡厚真町"},{"code":"0591624","prefecture_code":1,"town":"豊沢","city_name":"勇払郡厚真町"},{"code":"0591604","prefecture_code":1,"town":"錦町","city_name":"勇払郡厚真町"},{"code":"0591742","prefecture_code":1,"town":"浜厚真","city_name":"勇払郡厚真町"},{"code":"0591611","prefecture_code":1,"town":"幌里","city_name":"勇払郡厚真町"},{"code":"0591616","prefecture_code":1,"town":"幌内","city_name":"勇払郡厚真町"},{"code":"0591605","prefecture_code":1,"town":"本郷","city_name":"勇払郡厚真町"},{"code":"0591603","prefecture_code":1,"town":"本町","city_name":"勇払郡厚真町"},{"code":"0591625","prefecture_code":1,"town":"美里","city_name":"勇払郡厚真町"},{"code":"0591613","prefecture_code":1,"town":"吉野","city_name":"勇払郡厚真町"},{"code":"0591500","prefecture_code":1,"town":"","city_name":"勇払郡安平町"},{"code":"0591511","prefecture_code":1,"town":"安平","city_name":"勇払郡安平町"},{"code":"0591941","prefecture_code":1,"town":"追分青葉","city_name":"勇払郡安平町"},{"code":"0591983","prefecture_code":1,"town":"追分旭","city_name":"勇払郡安平町"},{"code":"0591921","prefecture_code":1,"town":"追分柏が丘","city_name":"勇払郡安平町"},{"code":"0591985","prefecture_code":1,"town":"追分春日","city_name":"勇払郡安平町"},{"code":"0591984","prefecture_code":1,"town":"追分向陽","city_name":"勇払郡安平町"},{"code":"0591942","prefecture_code":1,"town":"追分白樺","city_name":"勇払郡安平町"},{"code":"0591931","prefecture_code":1,"town":"追分中央","city_name":"勇払郡安平町"},{"code":"0591961","prefecture_code":1,"town":"追分花園","city_name":"勇払郡安平町"},{"code":"0591987","prefecture_code":1,"town":"追分豊栄","city_name":"勇払郡安平町"},{"code":"0591911","prefecture_code":1,"town":"追分本町","city_name":"勇払郡安平町"},{"code":"0591982","prefecture_code":1,"town":"追分美園","city_name":"勇払郡安平町"},{"code":"0591971","prefecture_code":1,"town":"追分緑が丘","city_name":"勇払郡安平町"},{"code":"0591986","prefecture_code":1,"town":"追分弥生","city_name":"勇払郡安平町"},{"code":"0591951","prefecture_code":1,"town":"追分若草","city_name":"勇払郡安平町"},{"code":"0591433","prefecture_code":1,"town":"遠浅","city_name":"勇払郡安平町"},{"code":"0591501","prefecture_code":1,"town":"早来大町","city_name":"勇払郡安平町"},{"code":"0591506","prefecture_code":1,"town":"早来北町","city_name":"勇払郡安平町"},{"code":"0591432","prefecture_code":1,"town":"早来源武","city_name":"勇払郡安平町"},{"code":"0591505","prefecture_code":1,"town":"早来栄町","city_name":"勇払郡安平町"},{"code":"0591431","prefecture_code":1,"town":"早来新栄","city_name":"勇払郡安平町"},{"code":"0591434","prefecture_code":1,"town":"早来富岡","city_name":"勇払郡安平町"},{"code":"0591502","prefecture_code":1,"town":"早来北進","city_name":"勇払郡安平町"},{"code":"0591512","prefecture_code":1,"town":"早来瑞穂","city_name":"勇払郡安平町"},{"code":"0591513","prefecture_code":1,"town":"早来緑丘","city_name":"勇払郡安平町"},{"code":"0591504","prefecture_code":1,"town":"早来守田","city_name":"勇払郡安平町"},{"code":"0591503","prefecture_code":1,"town":"東早来","city_name":"勇払郡安平町"},{"code":"0592127","prefecture_code":1,"town":"旭町","city_name":"沙流郡日高町"},{"code":"0592243","prefecture_code":1,"town":"厚賀町","city_name":"沙流郡日高町"},{"code":"0592123","prefecture_code":1,"town":"幾千世","city_name":"沙流郡日高町"},{"code":"0592244","prefecture_code":1,"town":"賀張","city_name":"沙流郡日高町"},{"code":"0592245","prefecture_code":1,"town":"清畠","city_name":"沙流郡日高町"},{"code":"0592124","prefecture_code":1,"town":"庫富","city_name":"沙流郡日高町"},{"code":"0592331","prefecture_code":1,"town":"正和","city_name":"沙流郡日高町"},{"code":"0592126","prefecture_code":1,"town":"豊郷","city_name":"沙流郡日高町"},{"code":"0592241","prefecture_code":1,"town":"豊田","city_name":"沙流郡日高町"},{"code":"0592125","prefecture_code":1,"town":"広富","city_name":"沙流郡日高町"},{"code":"0592122","prefecture_code":1,"town":"緑町","city_name":"沙流郡日高町"},{"code":"0592242","prefecture_code":1,"town":"美原","city_name":"沙流郡日高町"},{"code":"0592332","prefecture_code":1,"town":"三和","city_name":"沙流郡日高町"},{"code":"0592121","prefecture_code":1,"town":"門別本町","city_name":"沙流郡日高町"},{"code":"0592400","prefecture_code":1,"town":"","city_name":"新冠郡新冠町"},{"code":"0592414","prefecture_code":1,"town":"朝日","city_name":"新冠郡新冠町"},{"code":"0592404","prefecture_code":1,"town":"東町","city_name":"新冠郡新冠町"},{"code":"0592423","prefecture_code":1,"town":"泉","city_name":"新冠郡新冠町"},{"code":"0592422","prefecture_code":1,"town":"岩清水","city_name":"新冠郡新冠町"},{"code":"0592253","prefecture_code":1,"town":"大狩部","city_name":"新冠郡新冠町"},{"code":"0592411","prefecture_code":1,"town":"大狩部","city_name":"新冠郡新冠町"},{"code":"0592427","prefecture_code":1,"town":"大富","city_name":"新冠郡新冠町"},{"code":"0592251","prefecture_code":1,"town":"共栄","city_name":"新冠郡新冠町"},{"code":"0592424","prefecture_code":1,"town":"新栄","city_name":"新冠郡新冠町"},{"code":"0592341","prefecture_code":1,"town":"新和","city_name":"新冠郡新冠町"},{"code":"0592412","prefecture_code":1,"town":"節婦町","city_name":"新冠郡新冠町"},{"code":"0592343","prefecture_code":1,"town":"太陽","city_name":"新冠郡新冠町"},{"code":"0592413","prefecture_code":1,"town":"高江","city_name":"新冠郡新冠町"},{"code":"0592402","prefecture_code":1,"town":"中央町","city_name":"新冠郡新冠町"},{"code":"0592418","prefecture_code":1,"town":"西泊津","city_name":"新冠郡新冠町"},{"code":"0592426","prefecture_code":1,"town":"万世","city_name":"新冠郡新冠町"},{"code":"0592344","prefecture_code":1,"town":"美宇","city_name":"新冠郡新冠町"},{"code":"0592252","prefecture_code":1,"town":"東川","city_name":"新冠郡新冠町"},{"code":"0592417","prefecture_code":1,"town":"東泊津","city_name":"新冠郡新冠町"},{"code":"0592416","prefecture_code":1,"town":"古岸","city_name":"新冠郡新冠町"},{"code":"0592403","prefecture_code":1,"town":"北星町","city_name":"新冠郡新冠町"},{"code":"0592401","prefecture_code":1,"town":"本町","city_name":"新冠郡新冠町"},{"code":"0592415","prefecture_code":1,"town":"緑丘","city_name":"新冠郡新冠町"},{"code":"0592425","prefecture_code":1,"town":"明和","city_name":"新冠郡新冠町"},{"code":"0592342","prefecture_code":1,"town":"里平","city_name":"新冠郡新冠町"},{"code":"0592421","prefecture_code":1,"town":"若園","city_name":"新冠郡新冠町"},{"code":"0593463","prefecture_code":1,"town":"姉茶","city_name":"浦河郡浦河町"},{"code":"0593451","prefecture_code":1,"town":"荻伏町","city_name":"浦河郡浦河町"},{"code":"0593461","prefecture_code":1,"town":"東栄","city_name":"浦河郡浦河町"},{"code":"0593462","prefecture_code":1,"town":"富里","city_name":"浦河郡浦河町"},{"code":"0593454","prefecture_code":1,"town":"野深","city_name":"浦河郡浦河町"},{"code":"0593453","prefecture_code":1,"town":"瑞穂","city_name":"浦河郡浦河町"},{"code":"0592562","prefecture_code":1,"town":"静内浦和","city_name":"日高郡新ひだか町"},{"code":"0592563","prefecture_code":1,"town":"静内川合","city_name":"日高郡新ひだか町"},{"code":"0592566","prefecture_code":1,"town":"静内東別","city_name":"日高郡新ひだか町"},{"code":"0592564","prefecture_code":1,"town":"静内西川","city_name":"日高郡新ひだか町"},{"code":"0592565","prefecture_code":1,"town":"静内春立","city_name":"日高郡新ひだか町"},{"code":"0592561","prefecture_code":1,"town":"東静内","city_name":"日高郡新ひだか町"},{"code":"0593107","prefecture_code":1,"town":"三石旭町","city_name":"日高郡新ひだか町"},{"code":"0593352","prefecture_code":1,"town":"三石稲見","city_name":"日高郡新ひだか町"},{"code":"0593351","prefecture_code":1,"town":"三石歌笛","city_name":"日高郡新ひだか町"},{"code":"0593354","prefecture_code":1,"town":"三石川上","city_name":"日高郡新ひだか町"},{"code":"0593353","prefecture_code":1,"town":"三石清瀬","city_name":"日高郡新ひだか町"},{"code":"0593233","prefecture_code":1,"town":"三石鳧舞","city_name":"日高郡新ひだか町"},{"code":"0593111","prefecture_code":1,"town":"三石越海町","city_name":"日高郡新ひだか町"},{"code":"0593101","prefecture_code":1,"town":"三石富沢","city_name":"日高郡新ひだか町"},{"code":"0593103","prefecture_code":1,"town":"三石豊岡","city_name":"日高郡新ひだか町"},{"code":"0592571","prefecture_code":1,"town":"三石西端","city_name":"日高郡新ひだか町"},{"code":"0593106","prefecture_code":1,"town":"三石西蓬莱","city_name":"日高郡新ひだか町"},{"code":"0593105","prefecture_code":1,"town":"三石東蓬莱","city_name":"日高郡新ひだか町"},{"code":"0593102","prefecture_code":1,"town":"三石福畑","city_name":"日高郡新ひだか町"},{"code":"0593104","prefecture_code":1,"town":"三石蓬栄","city_name":"日高郡新ひだか町"},{"code":"0593231","prefecture_code":1,"town":"三石本桐","city_name":"日高郡新ひだか町"},{"code":"0593108","prefecture_code":1,"town":"三石本町","city_name":"日高郡新ひだか町"},{"code":"0593355","prefecture_code":1,"town":"三石美河","city_name":"日高郡新ひだか町"},{"code":"0593112","prefecture_code":1,"town":"三石港町","city_name":"日高郡新ひだか町"},{"code":"0593232","prefecture_code":1,"town":"三石美野和","city_name":"日高郡新ひだか町"},{"code":"0590005","prefecture_code":1,"town":"札内町（５、９、１１−１２、３６、４２−２、６２、８０、９５、","city_name":"登別市"}]
