[{"code":"0860061","prefecture_code":1,"town":"明郷","city_name":"根室市"},{"code":"0860064","prefecture_code":1,"town":"厚床","city_name":"根室市"},{"code":"0860072","prefecture_code":1,"town":"川口","city_name":"根室市"},{"code":"0860062","prefecture_code":1,"town":"湖南","city_name":"根室市"},{"code":"0860074","prefecture_code":1,"town":"東梅","city_name":"根室市"},{"code":"0860065","prefecture_code":1,"town":"西厚床","city_name":"根室市"},{"code":"0860076","prefecture_code":1,"town":"初田牛","city_name":"根室市"},{"code":"0860063","prefecture_code":1,"town":"東厚床","city_name":"根室市"},{"code":"0860075","prefecture_code":1,"town":"別当賀","city_name":"根室市"},{"code":"0860071","prefecture_code":1,"town":"槍昔","city_name":"根室市"},{"code":"0860073","prefecture_code":1,"town":"酪陽","city_name":"根室市"},{"code":"0860081","prefecture_code":1,"town":"厚陽","city_name":"厚岸郡浜中町"},{"code":"0860200","prefecture_code":1,"town":"","city_name":"野付郡別海町"},{"code":"0860213","prefecture_code":1,"town":"奥行","city_name":"野付郡別海町"},{"code":"0861641","prefecture_code":1,"town":"尾岱沼","city_name":"野付郡別海町"},{"code":"0861644","prefecture_code":1,"town":"尾岱沼潮見町","city_name":"野付郡別海町"},{"code":"0861642","prefecture_code":1,"town":"尾岱沼岬町","city_name":"野付郡別海町"},{"code":"0861643","prefecture_code":1,"town":"尾岱沼港町","city_name":"野付郡別海町"},{"code":"0860131","prefecture_code":1,"town":"上風連","city_name":"野付郡別海町"},{"code":"0860655","prefecture_code":1,"town":"床丹","city_name":"野付郡別海町"},{"code":"0860521","prefecture_code":1,"town":"床丹","city_name":"野付郡別海町"},{"code":"0860657","prefecture_code":1,"town":"豊原","city_name":"野付郡別海町"},{"code":"0860654","prefecture_code":1,"town":"中春別","city_name":"野付郡別海町"},{"code":"0860653","prefecture_code":1,"town":"中春別西町","city_name":"野付郡別海町"},{"code":"0860651","prefecture_code":1,"town":"中春別東町","city_name":"野付郡別海町"},{"code":"0860652","prefecture_code":1,"town":"中春別南町","city_name":"野付郡別海町"},{"code":"0860345","prefecture_code":1,"town":"中西別","city_name":"野付郡別海町"},{"code":"0860342","prefecture_code":1,"town":"中西別朝日町","city_name":"野付郡別海町"},{"code":"0860343","prefecture_code":1,"town":"中西別光町","city_name":"野付郡別海町"},{"code":"0860344","prefecture_code":1,"town":"中西別本町","city_name":"野付郡別海町"},{"code":"0860341","prefecture_code":1,"town":"中西別緑町","city_name":"野付郡別海町"},{"code":"0861645","prefecture_code":1,"town":"野付","city_name":"野付郡別海町"},{"code":"0860523","prefecture_code":1,"town":"走古丹","city_name":"野付郡別海町"},{"code":"0860216","prefecture_code":1,"town":"別海","city_name":"野付郡別海町"},{"code":"0860202","prefecture_code":1,"town":"別海旭町","city_name":"野付郡別海町"},{"code":"0860215","prefecture_code":1,"town":"別海川上町","city_name":"野付郡別海町"},{"code":"0860211","prefecture_code":1,"town":"別海寿町","city_name":"野付郡別海町"},{"code":"0860204","prefecture_code":1,"town":"別海新栄町","city_name":"野付郡別海町"},{"code":"0860212","prefecture_code":1,"town":"別海鶴舞町","city_name":"野付郡別海町"},{"code":"0860205","prefecture_code":1,"town":"別海常盤町","city_name":"野付郡別海町"},{"code":"0860203","prefecture_code":1,"town":"別海西本町","city_name":"野付郡別海町"},{"code":"0860214","prefecture_code":1,"town":"別海緑町","city_name":"野付郡別海町"},{"code":"0860201","prefecture_code":1,"town":"別海宮舞町","city_name":"野付郡別海町"},{"code":"0860522","prefecture_code":1,"town":"本別海","city_name":"野付郡別海町"},{"code":"0860656","prefecture_code":1,"town":"美原","city_name":"野付郡別海町"},{"code":"0860346","prefecture_code":1,"town":"矢臼別","city_name":"野付郡別海町"},{"code":"0861100","prefecture_code":1,"town":"","city_name":"標津郡中標津町"},{"code":"0861159","prefecture_code":1,"town":"青葉台","city_name":"標津郡中標津町"},{"code":"0861135","prefecture_code":1,"town":"旭ケ丘","city_name":"標津郡中標津町"},{"code":"0861142","prefecture_code":1,"town":"大通南","city_name":"標津郡中標津町"},{"code":"0861141","prefecture_code":1,"town":"大通北","city_name":"標津郡中標津町"},{"code":"0861272","prefecture_code":1,"town":"開陽","city_name":"標津郡中標津町"},{"code":"0861151","prefecture_code":1,"town":"川西","city_name":"標津郡中標津町"},{"code":"0861145","prefecture_code":1,"town":"北中","city_name":"標津郡中標津町"},{"code":"0861152","prefecture_code":1,"town":"北町","city_name":"標津郡中標津町"},{"code":"0861147","prefecture_code":1,"town":"共立","city_name":"標津郡中標津町"},{"code":"0861136","prefecture_code":1,"town":"協和","city_name":"標津郡中標津町"},{"code":"0861153","prefecture_code":1,"town":"桜ケ丘","city_name":"標津郡中標津町"},{"code":"0861137","prefecture_code":1,"town":"俵橋","city_name":"標津郡中標津町"},{"code":"0861143","prefecture_code":1,"town":"当幌本通","city_name":"標津郡中標津町"},{"code":"0861139","prefecture_code":1,"town":"豊岡","city_name":"標津郡中標津町"},{"code":"0861156","prefecture_code":1,"town":"並美ケ丘","city_name":"標津郡中標津町"},{"code":"0861157","prefecture_code":1,"town":"西町","city_name":"標津郡中標津町"},{"code":"0861101","prefecture_code":1,"town":"西１条南","city_name":"標津郡中標津町"},{"code":"0861121","prefecture_code":1,"town":"西１条北","city_name":"標津郡中標津町"},{"code":"0861102","prefecture_code":1,"town":"西２条南","city_name":"標津郡中標津町"},{"code":"0861122","prefecture_code":1,"town":"西２条北","city_name":"標津郡中標津町"},{"code":"0861103","prefecture_code":1,"town":"西３条南","city_name":"標津郡中標津町"},{"code":"0861123","prefecture_code":1,"town":"西３条北","city_name":"標津郡中標津町"},{"code":"0861104","prefecture_code":1,"town":"西４条南","city_name":"標津郡中標津町"},{"code":"0861124","prefecture_code":1,"town":"西４条北","city_name":"標津郡中標津町"},{"code":"0861105","prefecture_code":1,"town":"西５条南","city_name":"標津郡中標津町"},{"code":"0861125","prefecture_code":1,"town":"西５条北","city_name":"標津郡中標津町"},{"code":"0861106","prefecture_code":1,"town":"西６条南","city_name":"標津郡中標津町"},{"code":"0861126","prefecture_code":1,"town":"西６条北","city_name":"標津郡中標津町"},{"code":"0861107","prefecture_code":1,"town":"西７条南","city_name":"標津郡中標津町"},{"code":"0861127","prefecture_code":1,"town":"西７条北","city_name":"標津郡中標津町"},{"code":"0861108","prefecture_code":1,"town":"西８条南","city_name":"標津郡中標津町"},{"code":"0861128","prefecture_code":1,"town":"西８条北","city_name":"標津郡中標津町"},{"code":"0861109","prefecture_code":1,"town":"西９条南","city_name":"標津郡中標津町"},{"code":"0861129","prefecture_code":1,"town":"西９条北","city_name":"標津郡中標津町"},{"code":"0861110","prefecture_code":1,"town":"西１０条南","city_name":"標津郡中標津町"},{"code":"0861130","prefecture_code":1,"town":"西１０条北","city_name":"標津郡中標津町"},{"code":"0861111","prefecture_code":1,"town":"西１１条南","city_name":"標津郡中標津町"},{"code":"0861131","prefecture_code":1,"town":"西１１条北","city_name":"標津郡中標津町"},{"code":"0861112","prefecture_code":1,"town":"西１２条南","city_name":"標津郡中標津町"},{"code":"0861132","prefecture_code":1,"town":"西１２条北","city_name":"標津郡中標津町"},{"code":"0861133","prefecture_code":1,"town":"西１３条北","city_name":"標津郡中標津町"},{"code":"0861134","prefecture_code":1,"town":"西１４条北","city_name":"標津郡中標津町"},{"code":"0861001","prefecture_code":1,"town":"東１条南","city_name":"標津郡中標津町"},{"code":"0861041","prefecture_code":1,"town":"東１条北","city_name":"標津郡中標津町"},{"code":"0861002","prefecture_code":1,"town":"東２条南","city_name":"標津郡中標津町"},{"code":"0861042","prefecture_code":1,"town":"東２条北","city_name":"標津郡中標津町"},{"code":"0861003","prefecture_code":1,"town":"東３条南","city_name":"標津郡中標津町"},{"code":"0861043","prefecture_code":1,"town":"東３条北","city_name":"標津郡中標津町"},{"code":"0861004","prefecture_code":1,"town":"東４条南","city_name":"標津郡中標津町"},{"code":"0861044","prefecture_code":1,"town":"東４条北","city_name":"標津郡中標津町"},{"code":"0861005","prefecture_code":1,"town":"東５条南","city_name":"標津郡中標津町"},{"code":"0861045","prefecture_code":1,"town":"東５条北","city_name":"標津郡中標津町"},{"code":"0861006","prefecture_code":1,"town":"東６条南","city_name":"標津郡中標津町"},{"code":"0861046","prefecture_code":1,"town":"東６条北","city_name":"標津郡中標津町"},{"code":"0861007","prefecture_code":1,"town":"東７条南","city_name":"標津郡中標津町"},{"code":"0861047","prefecture_code":1,"town":"東７条北","city_name":"標津郡中標津町"},{"code":"0861008","prefecture_code":1,"town":"東８条南","city_name":"標津郡中標津町"},{"code":"0861048","prefecture_code":1,"town":"東８条北","city_name":"標津郡中標津町"},{"code":"0861009","prefecture_code":1,"town":"東９条南","city_name":"標津郡中標津町"},{"code":"0861049","prefecture_code":1,"town":"東９条北","city_name":"標津郡中標津町"},{"code":"0861010","prefecture_code":1,"town":"東１０条南","city_name":"標津郡中標津町"},{"code":"0861050","prefecture_code":1,"town":"東１０条北","city_name":"標津郡中標津町"},{"code":"0861011","prefecture_code":1,"town":"東１１条南","city_name":"標津郡中標津町"},{"code":"0861051","prefecture_code":1,"town":"東１１条北","city_name":"標津郡中標津町"},{"code":"0861012","prefecture_code":1,"town":"東１２条南","city_name":"標津郡中標津町"},{"code":"0861052","prefecture_code":1,"town":"東１２条北","city_name":"標津郡中標津町"},{"code":"0861013","prefecture_code":1,"town":"東１３条南","city_name":"標津郡中標津町"},{"code":"0861053","prefecture_code":1,"town":"東１３条北","city_name":"標津郡中標津町"},{"code":"0861014","prefecture_code":1,"town":"東１４条南","city_name":"標津郡中標津町"},{"code":"0861054","prefecture_code":1,"town":"東１４条北","city_name":"標津郡中標津町"},{"code":"0861015","prefecture_code":1,"town":"東１５条南","city_name":"標津郡中標津町"},{"code":"0861055","prefecture_code":1,"town":"東１５条北","city_name":"標津郡中標津町"},{"code":"0861016","prefecture_code":1,"town":"東１６条南","city_name":"標津郡中標津町"},{"code":"0861056","prefecture_code":1,"town":"東１６条北","city_name":"標津郡中標津町"},{"code":"0861017","prefecture_code":1,"town":"東１７条南","city_name":"標津郡中標津町"},{"code":"0861057","prefecture_code":1,"town":"東１７条北","city_name":"標津郡中標津町"},{"code":"0861018","prefecture_code":1,"town":"東１８条南","city_name":"標津郡中標津町"},{"code":"0861058","prefecture_code":1,"town":"東１８条北","city_name":"標津郡中標津町"},{"code":"0861019","prefecture_code":1,"town":"東１９条南","city_name":"標津郡中標津町"},{"code":"0861059","prefecture_code":1,"town":"東１９条北","city_name":"標津郡中標津町"},{"code":"0861020","prefecture_code":1,"town":"東２０条南","city_name":"標津郡中標津町"},{"code":"0861060","prefecture_code":1,"town":"東２０条北","city_name":"標津郡中標津町"},{"code":"0861021","prefecture_code":1,"town":"東２１条南","city_name":"標津郡中標津町"},{"code":"0861061","prefecture_code":1,"town":"東２１条北","city_name":"標津郡中標津町"},{"code":"0861022","prefecture_code":1,"town":"東２２条南","city_name":"標津郡中標津町"},{"code":"0861062","prefecture_code":1,"town":"東２２条北","city_name":"標津郡中標津町"},{"code":"0861023","prefecture_code":1,"town":"東２３条南","city_name":"標津郡中標津町"},{"code":"0861063","prefecture_code":1,"town":"東２３条北","city_name":"標津郡中標津町"},{"code":"0861024","prefecture_code":1,"town":"東２４条南","city_name":"標津郡中標津町"},{"code":"0861064","prefecture_code":1,"town":"東２４条北","city_name":"標津郡中標津町"},{"code":"0861025","prefecture_code":1,"town":"東２５条南","city_name":"標津郡中標津町"},{"code":"0861065","prefecture_code":1,"town":"東２５条北","city_name":"標津郡中標津町"},{"code":"0861026","prefecture_code":1,"town":"東２６条南","city_name":"標津郡中標津町"},{"code":"0861066","prefecture_code":1,"town":"東２６条北","city_name":"標津郡中標津町"},{"code":"0861027","prefecture_code":1,"town":"東２７条南","city_name":"標津郡中標津町"},{"code":"0861067","prefecture_code":1,"town":"東２７条北","city_name":"標津郡中標津町"},{"code":"0861028","prefecture_code":1,"town":"東２８条南","city_name":"標津郡中標津町"},{"code":"0861068","prefecture_code":1,"town":"東２８条北","city_name":"標津郡中標津町"},{"code":"0861029","prefecture_code":1,"town":"東２９条南","city_name":"標津郡中標津町"},{"code":"0861069","prefecture_code":1,"town":"東２９条北","city_name":"標津郡中標津町"},{"code":"0861030","prefecture_code":1,"town":"東３０条南","city_name":"標津郡中標津町"},{"code":"0861070","prefecture_code":1,"town":"東３０条北","city_name":"標津郡中標津町"},{"code":"0861031","prefecture_code":1,"town":"東３１条南","city_name":"標津郡中標津町"},{"code":"0861071","prefecture_code":1,"town":"東３１条北","city_name":"標津郡中標津町"},{"code":"0861032","prefecture_code":1,"town":"東３２条南","city_name":"標津郡中標津町"},{"code":"0861072","prefecture_code":1,"town":"東３２条北","city_name":"標津郡中標津町"},{"code":"0861033","prefecture_code":1,"town":"東３３条南","city_name":"標津郡中標津町"},{"code":"0861073","prefecture_code":1,"town":"東３３条北","city_name":"標津郡中標津町"},{"code":"0861034","prefecture_code":1,"town":"東３４条南","city_name":"標津郡中標津町"},{"code":"0861074","prefecture_code":1,"town":"東３４条北","city_name":"標津郡中標津町"},{"code":"0861035","prefecture_code":1,"town":"東３５条南","city_name":"標津郡中標津町"},{"code":"0861075","prefecture_code":1,"town":"東３５条北","city_name":"標津郡中標津町"},{"code":"0861036","prefecture_code":1,"town":"東３６条南","city_name":"標津郡中標津町"},{"code":"0861076","prefecture_code":1,"town":"東３６条北","city_name":"標津郡中標津町"},{"code":"0861037","prefecture_code":1,"town":"東３７条南","city_name":"標津郡中標津町"},{"code":"0861077","prefecture_code":1,"town":"東３７条北","city_name":"標津郡中標津町"},{"code":"0861038","prefecture_code":1,"town":"東３８条南","city_name":"標津郡中標津町"},{"code":"0861078","prefecture_code":1,"town":"東３８条北","city_name":"標津郡中標津町"},{"code":"0861039","prefecture_code":1,"town":"東３９条南","city_name":"標津郡中標津町"},{"code":"0861079","prefecture_code":1,"town":"東３９条北","city_name":"標津郡中標津町"},{"code":"0861080","prefecture_code":1,"town":"東４０条南","city_name":"標津郡中標津町"},{"code":"0861080","prefecture_code":1,"town":"東４０条北","city_name":"標津郡中標津町"},{"code":"0861081","prefecture_code":1,"town":"東４１条南","city_name":"標津郡中標津町"},{"code":"0861081","prefecture_code":1,"town":"東４１条北","city_name":"標津郡中標津町"},{"code":"0861082","prefecture_code":1,"town":"東４２条南","city_name":"標津郡中標津町"},{"code":"0861082","prefecture_code":1,"town":"東４２条北","city_name":"標津郡中標津町"},{"code":"0861144","prefecture_code":1,"town":"東当幌","city_name":"標津郡中標津町"},{"code":"0861083","prefecture_code":1,"town":"東中","city_name":"標津郡中標津町"},{"code":"0861163","prefecture_code":1,"town":"俵中","city_name":"標津郡中標津町"},{"code":"0861273","prefecture_code":1,"town":"俣落","city_name":"標津郡中標津町"},{"code":"0861164","prefecture_code":1,"town":"丸山","city_name":"標津郡中標津町"},{"code":"0861148","prefecture_code":1,"town":"緑ケ丘","city_name":"標津郡中標津町"},{"code":"0861166","prefecture_code":1,"town":"緑町南","city_name":"標津郡中標津町"},{"code":"0861165","prefecture_code":1,"town":"緑町北","city_name":"標津郡中標津町"},{"code":"0861150","prefecture_code":1,"town":"南中","city_name":"標津郡中標津町"},{"code":"0861146","prefecture_code":1,"town":"南町","city_name":"標津郡中標津町"},{"code":"0861271","prefecture_code":1,"town":"武佐","city_name":"標津郡中標津町"},{"code":"0861160","prefecture_code":1,"town":"りんどう町","city_name":"標津郡中標津町"},{"code":"0861600","prefecture_code":1,"town":"","city_name":"標津郡標津町"},{"code":"0861602","prefecture_code":1,"town":"伊茶仁","city_name":"標津郡標津町"},{"code":"0861451","prefecture_code":1,"town":"川北","city_name":"標津郡標津町"},{"code":"0861631","prefecture_code":1,"town":"北一条","city_name":"標津郡標津町"},{"code":"0861632","prefecture_code":1,"town":"北二条","city_name":"標津郡標津町"},{"code":"0861633","prefecture_code":1,"town":"北三条","city_name":"標津郡標津町"},{"code":"0861634","prefecture_code":1,"town":"北四条","city_name":"標津郡標津町"},{"code":"0861635","prefecture_code":1,"town":"北五条","city_name":"標津郡標津町"},{"code":"0861636","prefecture_code":1,"town":"北六条","city_name":"標津郡標津町"},{"code":"0861637","prefecture_code":1,"town":"北七条","city_name":"標津郡標津町"},{"code":"0861638","prefecture_code":1,"town":"北八条","city_name":"標津郡標津町"},{"code":"0861639","prefecture_code":1,"town":"北九条","city_name":"標津郡標津町"},{"code":"0861630","prefecture_code":1,"town":"北十条","city_name":"標津郡標津町"},{"code":"0861732","prefecture_code":1,"town":"薫別","city_name":"標津郡標津町"},{"code":"0861731","prefecture_code":1,"town":"古多糠","city_name":"標津郡標津町"},{"code":"0861733","prefecture_code":1,"town":"崎無異","city_name":"標津郡標津町"},{"code":"0861622","prefecture_code":1,"town":"茶志骨","city_name":"標津郡標津町"},{"code":"0861625","prefecture_code":1,"town":"茶志骨","city_name":"標津郡標津町"},{"code":"0861621","prefecture_code":1,"town":"茶志骨","city_name":"標津郡標津町"},{"code":"0861623","prefecture_code":1,"town":"茶志骨","city_name":"標津郡標津町"},{"code":"0861626","prefecture_code":1,"town":"茶志骨","city_name":"標津郡標津町"},{"code":"0861601","prefecture_code":1,"town":"忠類","city_name":"標津郡標津町"},{"code":"0861651","prefecture_code":1,"town":"南一条","city_name":"標津郡標津町"},{"code":"0861652","prefecture_code":1,"town":"南二条","city_name":"標津郡標津町"},{"code":"0861653","prefecture_code":1,"town":"南三条","city_name":"標津郡標津町"},{"code":"0861654","prefecture_code":1,"town":"南四条","city_name":"標津郡標津町"},{"code":"0861655","prefecture_code":1,"town":"南五条","city_name":"標津郡標津町"},{"code":"0861656","prefecture_code":1,"town":"南六条","city_name":"標津郡標津町"},{"code":"0861657","prefecture_code":1,"town":"南七条","city_name":"標津郡標津町"},{"code":"0861658","prefecture_code":1,"town":"南八条","city_name":"標津郡標津町"},{"code":"0861800","prefecture_code":1,"town":"","city_name":"目梨郡羅臼町"},{"code":"0861806","prefecture_code":1,"town":"相泊","city_name":"目梨郡羅臼町"},{"code":"0861842","prefecture_code":1,"town":"麻布町","city_name":"目梨郡羅臼町"},{"code":"0861815","prefecture_code":1,"town":"海岸町","city_name":"目梨郡羅臼町"},{"code":"0861843","prefecture_code":1,"town":"春日町","city_name":"目梨郡羅臼町"},{"code":"0861804","prefecture_code":1,"town":"化石浜","city_name":"目梨郡羅臼町"},{"code":"0861813","prefecture_code":1,"town":"北浜","city_name":"目梨郡羅臼町"},{"code":"0861816","prefecture_code":1,"town":"共栄町","city_name":"目梨郡羅臼町"},{"code":"0861805","prefecture_code":1,"town":"崩浜","city_name":"目梨郡羅臼町"},{"code":"0861812","prefecture_code":1,"town":"昆布浜","city_name":"目梨郡羅臼町"},{"code":"0861823","prefecture_code":1,"town":"栄町","city_name":"目梨郡羅臼町"},{"code":"0861801","prefecture_code":1,"town":"知床岬","city_name":"目梨郡羅臼町"},{"code":"0861811","prefecture_code":1,"town":"瀬石","city_name":"目梨郡羅臼町"},{"code":"0861802","prefecture_code":1,"town":"滝ノ下","city_name":"目梨郡羅臼町"},{"code":"0861836","prefecture_code":1,"town":"知昭町","city_name":"目梨郡羅臼町"},{"code":"0861831","prefecture_code":1,"town":"富士見町","city_name":"目梨郡羅臼町"},{"code":"0861803","prefecture_code":1,"town":"船泊","city_name":"目梨郡羅臼町"},{"code":"0861832","prefecture_code":1,"town":"船見町","city_name":"目梨郡羅臼町"},{"code":"0861844","prefecture_code":1,"town":"幌萌町","city_name":"目梨郡羅臼町"},{"code":"0861752","prefecture_code":1,"town":"幌萌町","city_name":"目梨郡羅臼町"},{"code":"0861833","prefecture_code":1,"town":"本町","city_name":"目梨郡羅臼町"},{"code":"0861835","prefecture_code":1,"town":"松法町","city_name":"目梨郡羅臼町"},{"code":"0861814","prefecture_code":1,"town":"岬町","city_name":"目梨郡羅臼町"},{"code":"0861821","prefecture_code":1,"town":"緑町","city_name":"目梨郡羅臼町"},{"code":"0861751","prefecture_code":1,"town":"峯浜町","city_name":"目梨郡羅臼町"},{"code":"0861841","prefecture_code":1,"town":"八木浜町","city_name":"目梨郡羅臼町"},{"code":"0861822","prefecture_code":1,"town":"湯ノ沢町","city_name":"目梨郡羅臼町"},{"code":"0861834","prefecture_code":1,"town":"礼文町","city_name":"目梨郡羅臼町"}]
