[{"code":"1900000","prefecture_code":13,"town":"","city_name":"立川市"},{"code":"1900012","prefecture_code":13,"town":"曙町","city_name":"立川市"},{"code":"1900015","prefecture_code":13,"town":"泉町","city_name":"立川市"},{"code":"1900033","prefecture_code":13,"town":"一番町","city_name":"立川市"},{"code":"1900004","prefecture_code":13,"town":"柏町","city_name":"立川市"},{"code":"1900032","prefecture_code":13,"town":"上砂町","city_name":"立川市"},{"code":"1900002","prefecture_code":13,"town":"幸町","city_name":"立川市"},{"code":"1900003","prefecture_code":13,"town":"栄町","city_name":"立川市"},{"code":"1900023","prefecture_code":13,"town":"柴崎町","city_name":"立川市"},{"code":"1900031","prefecture_code":13,"town":"砂川町","city_name":"立川市"},{"code":"1900011","prefecture_code":13,"town":"高松町","city_name":"立川市"},{"code":"1900022","prefecture_code":13,"town":"錦町","city_name":"立川市"},{"code":"1900034","prefecture_code":13,"town":"西砂町","city_name":"立川市"},{"code":"1900021","prefecture_code":13,"town":"羽衣町","city_name":"立川市"},{"code":"1900013","prefecture_code":13,"town":"富士見町","city_name":"立川市"},{"code":"1900014","prefecture_code":13,"town":"緑町","city_name":"立川市"},{"code":"1900001","prefecture_code":13,"town":"若葉町","city_name":"立川市"},{"code":"1900100","prefecture_code":13,"town":"","city_name":"あきる野市"},{"code":"1900155","prefecture_code":13,"town":"網代","city_name":"あきる野市"},{"code":"1900164","prefecture_code":13,"town":"五日市","city_name":"あきる野市"},{"code":"1900142","prefecture_code":13,"town":"伊奈","city_name":"あきる野市"},{"code":"1900161","prefecture_code":13,"town":"入野","city_name":"あきる野市"},{"code":"1900143","prefecture_code":13,"town":"上ノ台","city_name":"あきる野市"},{"code":"1900174","prefecture_code":13,"town":"乙津","city_name":"あきる野市"},{"code":"1900165","prefecture_code":13,"town":"小中野","city_name":"あきる野市"},{"code":"1900153","prefecture_code":13,"town":"小峰台","city_name":"あきる野市"},{"code":"1900151","prefecture_code":13,"town":"小和田","city_name":"あきる野市"},{"code":"1900162","prefecture_code":13,"town":"三内","city_name":"あきる野市"},{"code":"1900154","prefecture_code":13,"town":"高尾","city_name":"あきる野市"},{"code":"1900163","prefecture_code":13,"town":"舘谷","city_name":"あきる野市"},{"code":"1900166","prefecture_code":13,"town":"舘谷台","city_name":"あきる野市"},{"code":"1900173","prefecture_code":13,"town":"戸倉","city_name":"あきる野市"},{"code":"1900152","prefecture_code":13,"town":"留原","city_name":"あきる野市"},{"code":"1900172","prefecture_code":13,"town":"深沢","city_name":"あきる野市"},{"code":"1900144","prefecture_code":13,"town":"山田","city_name":"あきる野市"},{"code":"1900171","prefecture_code":13,"town":"養沢","city_name":"あきる野市"},{"code":"1900141","prefecture_code":13,"town":"横沢","city_name":"あきる野市"},{"code":"1901200","prefecture_code":13,"town":"","city_name":"西多摩郡瑞穂町"},{"code":"1901211","prefecture_code":13,"town":"石畑","city_name":"西多摩郡瑞穂町"},{"code":"1901202","prefecture_code":13,"town":"駒形富士山","city_name":"西多摩郡瑞穂町"},{"code":"1901203","prefecture_code":13,"town":"高根","city_name":"西多摩郡瑞穂町"},{"code":"1901212","prefecture_code":13,"town":"殿ケ谷","city_name":"西多摩郡瑞穂町"},{"code":"1901232","prefecture_code":13,"town":"長岡","city_name":"西多摩郡瑞穂町"},{"code":"1901233","prefecture_code":13,"town":"長岡下師岡","city_name":"西多摩郡瑞穂町"},{"code":"1901231","prefecture_code":13,"town":"長岡長谷部","city_name":"西多摩郡瑞穂町"},{"code":"1901234","prefecture_code":13,"town":"長岡藤橋","city_name":"西多摩郡瑞穂町"},{"code":"1901201","prefecture_code":13,"town":"二本木","city_name":"西多摩郡瑞穂町"},{"code":"1901221","prefecture_code":13,"town":"箱根ケ崎","city_name":"西多摩郡瑞穂町"},{"code":"1901222","prefecture_code":13,"town":"箱根ケ崎東松原","city_name":"西多摩郡瑞穂町"},{"code":"1901223","prefecture_code":13,"town":"箱根ケ崎西松原","city_name":"西多摩郡瑞穂町"},{"code":"1901204","prefecture_code":13,"town":"富士山栗原新田","city_name":"西多摩郡瑞穂町"},{"code":"1901224","prefecture_code":13,"town":"南平","city_name":"西多摩郡瑞穂町"},{"code":"1901213","prefecture_code":13,"town":"武蔵","city_name":"西多摩郡瑞穂町"},{"code":"1901214","prefecture_code":13,"town":"むさし野","city_name":"西多摩郡瑞穂町"},{"code":"1900100","prefecture_code":13,"town":"","city_name":"西多摩郡日の出町"},{"code":"1900181","prefecture_code":13,"town":"大久野","city_name":"西多摩郡日の出町"},{"code":"1900182","prefecture_code":13,"town":"平井","city_name":"西多摩郡日の出町"},{"code":"1900200","prefecture_code":13,"town":"","city_name":"西多摩郡檜原村"},{"code":"1900204","prefecture_code":13,"town":"小沢","city_name":"西多摩郡檜原村"},{"code":"1900221","prefecture_code":13,"town":"数馬","city_name":"西多摩郡檜原村"},{"code":"1900203","prefecture_code":13,"town":"神戸","city_name":"西多摩郡檜原村"},{"code":"1900212","prefecture_code":13,"town":"上元郷","city_name":"西多摩郡檜原村"},{"code":"1900201","prefecture_code":13,"town":"倉掛","city_name":"西多摩郡檜原村"},{"code":"1900213","prefecture_code":13,"town":"下元郷","city_name":"西多摩郡檜原村"},{"code":"1900223","prefecture_code":13,"town":"南郷","city_name":"西多摩郡檜原村"},{"code":"1900205","prefecture_code":13,"town":"樋里","city_name":"西多摩郡檜原村"},{"code":"1900202","prefecture_code":13,"town":"藤原","city_name":"西多摩郡檜原村"},{"code":"1900222","prefecture_code":13,"town":"人里","city_name":"西多摩郡檜原村"},{"code":"1900211","prefecture_code":13,"town":"三都郷","city_name":"西多摩郡檜原村"},{"code":"1900214","prefecture_code":13,"town":"本宿","city_name":"西多摩郡檜原村"}]
