[{"code":"2370062","prefecture_code":14,"town":"浦郷町","city_name":"横須賀市"},{"code":"2370063","prefecture_code":14,"town":"追浜東町","city_name":"横須賀市"},{"code":"2370065","prefecture_code":14,"town":"追浜南町","city_name":"横須賀市"},{"code":"2370068","prefecture_code":14,"town":"追浜本町","city_name":"横須賀市"},{"code":"2370064","prefecture_code":14,"town":"追浜町","city_name":"横須賀市"},{"code":"2370066","prefecture_code":14,"town":"湘南鷹取","city_name":"横須賀市"},{"code":"2370073","prefecture_code":14,"town":"田浦泉町","city_name":"横須賀市"},{"code":"2370074","prefecture_code":14,"town":"田浦大作町","city_name":"横須賀市"},{"code":"2370071","prefecture_code":14,"town":"田浦港町","city_name":"横須賀市"},{"code":"2370075","prefecture_code":14,"town":"田浦町","city_name":"横須賀市"},{"code":"2370067","prefecture_code":14,"town":"鷹取","city_name":"横須賀市"},{"code":"2370072","prefecture_code":14,"town":"長浦町","city_name":"横須賀市"},{"code":"2370061","prefecture_code":14,"town":"夏島町","city_name":"横須賀市"},{"code":"2370078","prefecture_code":14,"town":"箱崎町","city_name":"横須賀市"},{"code":"2370077","prefecture_code":14,"town":"浜見台","city_name":"横須賀市"},{"code":"2370076","prefecture_code":14,"town":"船越町","city_name":"横須賀市"},{"code":"2370079","prefecture_code":14,"town":"港が丘","city_name":"横須賀市"}]
