[{"code":"2390845","prefecture_code":14,"town":"粟田","city_name":"横須賀市"},{"code":"2390806","prefecture_code":14,"town":"池田町","city_name":"横須賀市"},{"code":"2390844","prefecture_code":14,"town":"岩戸","city_name":"横須賀市"},{"code":"2390836","prefecture_code":14,"town":"内川","city_name":"横須賀市"},{"code":"2390837","prefecture_code":14,"town":"内川新田","city_name":"横須賀市"},{"code":"2390822","prefecture_code":14,"town":"浦賀","city_name":"横須賀市"},{"code":"2390823","prefecture_code":14,"town":"浦賀丘","city_name":"横須賀市"},{"code":"2390815","prefecture_code":14,"town":"浦上台","city_name":"横須賀市"},{"code":"2390808","prefecture_code":14,"town":"大津町","city_name":"横須賀市"},{"code":"2390812","prefecture_code":14,"town":"小原台","city_name":"横須賀市"},{"code":"2390813","prefecture_code":14,"town":"鴨居","city_name":"横須賀市"},{"code":"2390828","prefecture_code":14,"town":"久比里","city_name":"横須賀市"},{"code":"2390834","prefecture_code":14,"town":"久村","city_name":"横須賀市"},{"code":"2390831","prefecture_code":14,"town":"久里浜","city_name":"横須賀市"},{"code":"2390827","prefecture_code":14,"town":"久里浜台","city_name":"横須賀市"},{"code":"2390846","prefecture_code":14,"town":"グリーンハイツ","city_name":"横須賀市"},{"code":"2390820","prefecture_code":14,"town":"光風台","city_name":"横須賀市"},{"code":"2390803","prefecture_code":14,"town":"桜が丘","city_name":"横須賀市"},{"code":"2390835","prefecture_code":14,"town":"佐原","city_name":"横須賀市"},{"code":"2390832","prefecture_code":14,"town":"神明町","city_name":"横須賀市"},{"code":"2390843","prefecture_code":14,"town":"津久井","city_name":"横須賀市"},{"code":"2390842","prefecture_code":14,"town":"長沢","city_name":"横須賀市"},{"code":"2390826","prefecture_code":14,"town":"長瀬","city_name":"横須賀市"},{"code":"2390824","prefecture_code":14,"town":"西浦賀","city_name":"横須賀市"},{"code":"2390807","prefecture_code":14,"town":"根岸町","city_name":"横須賀市"},{"code":"2390841","prefecture_code":14,"town":"野比","city_name":"横須賀市"},{"code":"2390833","prefecture_code":14,"town":"ハイランド","city_name":"横須賀市"},{"code":"2390811","prefecture_code":14,"town":"走水","city_name":"横須賀市"},{"code":"2390821","prefecture_code":14,"town":"東浦賀","city_name":"横須賀市"},{"code":"2390847","prefecture_code":14,"town":"光の丘","city_name":"横須賀市"},{"code":"2390814","prefecture_code":14,"town":"二葉","city_name":"横須賀市"},{"code":"2390805","prefecture_code":14,"town":"舟倉","city_name":"横須賀市"},{"code":"2390801","prefecture_code":14,"town":"馬堀海岸","city_name":"横須賀市"},{"code":"2390802","prefecture_code":14,"town":"馬堀町","city_name":"横須賀市"},{"code":"2390825","prefecture_code":14,"town":"南浦賀","city_name":"横須賀市"},{"code":"2390804","prefecture_code":14,"town":"吉井","city_name":"横須賀市"},{"code":"2390829","prefecture_code":14,"town":"若宮台","city_name":"横須賀市"}]
