[{"code":"3050000","prefecture_code":8,"town":"","city_name":"つくば市"},{"code":"3050062","prefecture_code":8,"town":"赤塚","city_name":"つくば市"},{"code":"3050804","prefecture_code":8,"town":"旭","city_name":"つくば市"},{"code":"3050031","prefecture_code":8,"town":"吾妻","city_name":"つくば市"},{"code":"3050005","prefecture_code":8,"town":"天久保","city_name":"つくば市"},{"code":"3050835","prefecture_code":8,"town":"新井","city_name":"つくば市"},{"code":"3050076","prefecture_code":8,"town":"新牧田","city_name":"つくば市"},{"code":"3050874","prefecture_code":8,"town":"飯田","city_name":"つくば市"},{"code":"3050901","prefecture_code":8,"town":"池の台","city_name":"つくば市"},{"code":"3050073","prefecture_code":8,"town":"市之台","city_name":"つくば市"},{"code":"3050071","prefecture_code":8,"town":"稲岡","city_name":"つくば市"},{"code":"3050061","prefecture_code":8,"town":"稲荷前","city_name":"つくば市"},{"code":"3050855","prefecture_code":8,"town":"今泉","city_name":"つくば市"},{"code":"3050002","prefecture_code":8,"town":"上野","city_name":"つくば市"},{"code":"3050023","prefecture_code":8,"town":"上ノ室","city_name":"つくば市"},{"code":"3050045","prefecture_code":8,"town":"梅園","city_name":"つくば市"},{"code":"3050853","prefecture_code":8,"town":"榎戸","city_name":"つくば市"},{"code":"3050016","prefecture_code":8,"town":"大","city_name":"つくば市"},{"code":"3050845","prefecture_code":8,"town":"大白硲","city_name":"つくば市"},{"code":"3050801","prefecture_code":8,"town":"大穂","city_name":"つくば市"},{"code":"3050851","prefecture_code":8,"town":"大わし","city_name":"つくば市"},{"code":"3050026","prefecture_code":8,"town":"岡村新田","city_name":"つくば市"},{"code":"3050053","prefecture_code":8,"town":"小野川","city_name":"つくば市"},{"code":"3050034","prefecture_code":8,"town":"小野崎","city_name":"つくば市"},{"code":"3050816","prefecture_code":8,"town":"学園の森","city_name":"つくば市"},{"code":"3050818","prefecture_code":8,"town":"学園南","city_name":"つくば市"},{"code":"3050064","prefecture_code":8,"town":"梶内","city_name":"つくば市"},{"code":"3050821","prefecture_code":8,"town":"春日","city_name":"つくば市"},{"code":"3050877","prefecture_code":8,"town":"片田","city_name":"つくば市"},{"code":"3050824","prefecture_code":8,"town":"葛城根崎","city_name":"つくば市"},{"code":"3050871","prefecture_code":8,"town":"上萱丸","city_name":"つくば市"},{"code":"3050011","prefecture_code":8,"town":"上境","city_name":"つくば市"},{"code":"3050055","prefecture_code":8,"town":"上原","city_name":"つくば市"},{"code":"3050041","prefecture_code":8,"town":"上広岡","city_name":"つくば市"},{"code":"3050854","prefecture_code":8,"town":"上横場","city_name":"つくば市"},{"code":"3050822","prefecture_code":8,"town":"苅間","city_name":"つくば市"},{"code":"3050856","prefecture_code":8,"town":"観音台","city_name":"つくば市"},{"code":"3050022","prefecture_code":8,"town":"吉瀬","city_name":"つくば市"},{"code":"3050811","prefecture_code":8,"town":"北郷","city_name":"つくば市"},{"code":"3050072","prefecture_code":8,"town":"北中島","city_name":"つくば市"},{"code":"3050066","prefecture_code":8,"town":"北中妻","city_name":"つくば市"},{"code":"3050024","prefecture_code":8,"town":"倉掛","city_name":"つくば市"},{"code":"3050001","prefecture_code":8,"town":"栗原","city_name":"つくば市"},{"code":"3050817","prefecture_code":8,"town":"研究学園","city_name":"つくば市"},{"code":"3050074","prefecture_code":8,"town":"高野台","city_name":"つくば市"},{"code":"3050844","prefecture_code":8,"town":"小白硲","city_name":"つくば市"},{"code":"3050018","prefecture_code":8,"town":"金田","city_name":"つくば市"},{"code":"3050028","prefecture_code":8,"town":"妻木","city_name":"つくば市"},{"code":"3050036","prefecture_code":8,"town":"西郷","city_name":"つくば市"},{"code":"3050867","prefecture_code":8,"town":"境田","city_name":"つくば市"},{"code":"3050864","prefecture_code":8,"town":"境松","city_name":"つくば市"},{"code":"3050013","prefecture_code":8,"town":"栄","city_name":"つくば市"},{"code":"3050003","prefecture_code":8,"town":"桜","city_name":"つくば市"},{"code":"3050019","prefecture_code":8,"town":"さくらの森","city_name":"つくば市"},{"code":"3050043","prefecture_code":8,"town":"大角豆","city_name":"つくば市"},{"code":"3050004","prefecture_code":8,"town":"柴崎","city_name":"つくば市"},{"code":"3050833","prefecture_code":8,"town":"島","city_name":"つくば市"},{"code":"3050872","prefecture_code":8,"town":"下萱丸","city_name":"つくば市"},{"code":"3050063","prefecture_code":8,"town":"下原","city_name":"つくば市"},{"code":"3050813","prefecture_code":8,"town":"下平塚","city_name":"つくば市"},{"code":"3050042","prefecture_code":8,"town":"下広岡","city_name":"つくば市"},{"code":"3050075","prefecture_code":8,"town":"下横場","city_name":"つくば市"},{"code":"3050014","prefecture_code":8,"town":"松栄","city_name":"つくば市"},{"code":"3050847","prefecture_code":8,"town":"陣場","city_name":"つくば市"},{"code":"3050047","prefecture_code":8,"town":"千現","city_name":"つくば市"},{"code":"3050868","prefecture_code":8,"town":"台町","city_name":"つくば市"},{"code":"3050846","prefecture_code":8,"town":"平","city_name":"つくば市"},{"code":"3050077","prefecture_code":8,"town":"鷹野原","city_name":"つくば市"},{"code":"3050032","prefecture_code":8,"town":"竹園","city_name":"つくば市"},{"code":"3050802","prefecture_code":8,"town":"立原","city_name":"つくば市"},{"code":"3050067","prefecture_code":8,"town":"館野","city_name":"つくば市"},{"code":"3050834","prefecture_code":8,"town":"手代木","city_name":"つくば市"},{"code":"3050006","prefecture_code":8,"town":"天王台","city_name":"つくば市"},{"code":"3050068","prefecture_code":8,"town":"中内","city_name":"つくば市"},{"code":"3050012","prefecture_code":8,"town":"中根","city_name":"つくば市"},{"code":"3050873","prefecture_code":8,"town":"中野","city_name":"つくば市"},{"code":"3050052","prefecture_code":8,"town":"長峰","city_name":"つくば市"},{"code":"3050044","prefecture_code":8,"town":"並木","city_name":"つくば市"},{"code":"3050054","prefecture_code":8,"town":"西大沼","city_name":"つくば市"},{"code":"3050831","prefecture_code":8,"town":"西大橋","city_name":"つくば市"},{"code":"3050832","prefecture_code":8,"town":"西岡","city_name":"つくば市"},{"code":"3050876","prefecture_code":8,"town":"西栗山","city_name":"つくば市"},{"code":"3050902","prefecture_code":8,"town":"西の沢","city_name":"つくば市"},{"code":"3050815","prefecture_code":8,"town":"西原","city_name":"つくば市"},{"code":"3050814","prefecture_code":8,"town":"西平塚","city_name":"つくば市"},{"code":"3050051","prefecture_code":8,"town":"二の宮","city_name":"つくば市"},{"code":"3050865","prefecture_code":8,"town":"根崎","city_name":"つくば市"},{"code":"3050843","prefecture_code":8,"town":"八幡台","city_name":"つくば市"},{"code":"3050875","prefecture_code":8,"town":"花島新田","city_name":"つくば市"},{"code":"3050029","prefecture_code":8,"town":"花園","city_name":"つくば市"},{"code":"3050805","prefecture_code":8,"town":"花畑","city_name":"つくば市"},{"code":"3050025","prefecture_code":8,"town":"花室","city_name":"つくば市"},{"code":"3050857","prefecture_code":8,"town":"羽成","city_name":"つくば市"},{"code":"3050823","prefecture_code":8,"town":"原","city_name":"つくば市"},{"code":"3050007","prefecture_code":8,"town":"春風台","city_name":"つくば市"},{"code":"3050046","prefecture_code":8,"town":"東","city_name":"つくば市"},{"code":"3050033","prefecture_code":8,"town":"東新井","city_name":"つくば市"},{"code":"3050027","prefecture_code":8,"town":"東岡","city_name":"つくば市"},{"code":"3050812","prefecture_code":8,"town":"東平塚","city_name":"つくば市"},{"code":"3050862","prefecture_code":8,"town":"東丸山","city_name":"つくば市"},{"code":"3050852","prefecture_code":8,"town":"藤本","city_name":"つくば市"},{"code":"3050021","prefecture_code":8,"town":"古来","city_name":"つくば市"},{"code":"3050866","prefecture_code":8,"town":"古館","city_name":"つくば市"},{"code":"3050035","prefecture_code":8,"town":"松代","city_name":"つくば市"},{"code":"3050015","prefecture_code":8,"town":"松塚","city_name":"つくば市"},{"code":"3050056","prefecture_code":8,"town":"松野木","city_name":"つくば市"},{"code":"3050903","prefecture_code":8,"town":"松の里","city_name":"つくば市"},{"code":"3050863","prefecture_code":8,"town":"緑が丘","city_name":"つくば市"},{"code":"3050881","prefecture_code":8,"town":"みどりの","city_name":"つくば市"},{"code":"3050882","prefecture_code":8,"town":"みどりの中央","city_name":"つくば市"},{"code":"3050883","prefecture_code":8,"town":"みどりの東","city_name":"つくば市"},{"code":"3050884","prefecture_code":8,"town":"みどりの南","city_name":"つくば市"},{"code":"3050065","prefecture_code":8,"town":"南中妻","city_name":"つくば市"},{"code":"3050803","prefecture_code":8,"town":"南原","city_name":"つくば市"},{"code":"3050841","prefecture_code":8,"town":"御幸が丘","city_name":"つくば市"},{"code":"3050842","prefecture_code":8,"town":"柳橋","city_name":"つくば市"},{"code":"3050861","prefecture_code":8,"town":"谷田部","city_name":"つくば市"},{"code":"3050836","prefecture_code":8,"town":"山中","city_name":"つくば市"},{"code":"3050017","prefecture_code":8,"town":"横町","city_name":"つくば市"},{"code":"3050008","prefecture_code":8,"town":"流星台","city_name":"つくば市"}]
