[{"code":"3114141","prefecture_code":8,"town":"赤塚","city_name":"水戸市"},{"code":"3111122","prefecture_code":8,"town":"秋成町","city_name":"水戸市"},{"code":"3114165","prefecture_code":8,"town":"木葉下町","city_name":"水戸市"},{"code":"3114155","prefecture_code":8,"town":"飯島町","city_name":"水戸市"},{"code":"3114206","prefecture_code":8,"town":"飯富町","city_name":"水戸市"},{"code":"3114202","prefecture_code":8,"town":"岩根町","city_name":"水戸市"},{"code":"3111115","prefecture_code":8,"town":"大串町","city_name":"水戸市"},{"code":"3114143","prefecture_code":8,"town":"大塚町","city_name":"水戸市"},{"code":"3111125","prefecture_code":8,"town":"大場町","city_name":"水戸市"},{"code":"3114163","prefecture_code":8,"town":"加倉井町","city_name":"水戸市"},{"code":"3114162","prefecture_code":8,"town":"金谷町","city_name":"水戸市"},{"code":"3114203","prefecture_code":8,"town":"上国井町","city_name":"水戸市"},{"code":"3114154","prefecture_code":8,"town":"萱場町","city_name":"水戸市"},{"code":"3111112","prefecture_code":8,"town":"川又町","city_name":"水戸市"},{"code":"3114152","prefecture_code":8,"town":"河和田","city_name":"水戸市"},{"code":"3114153","prefecture_code":8,"town":"河和田町","city_name":"水戸市"},{"code":"3111133","prefecture_code":8,"town":"栗崎町","city_name":"水戸市"},{"code":"3111111","prefecture_code":8,"town":"小泉町","city_name":"水戸市"},{"code":"3111114","prefecture_code":8,"town":"塩崎町","city_name":"水戸市"},{"code":"3111121","prefecture_code":8,"town":"島田町","city_name":"水戸市"},{"code":"3111123","prefecture_code":8,"town":"下入野町","city_name":"水戸市"},{"code":"3111131","prefecture_code":8,"town":"下大野町","city_name":"水戸市"},{"code":"3114205","prefecture_code":8,"town":"下国井町","city_name":"水戸市"},{"code":"3114204","prefecture_code":8,"town":"田谷町","city_name":"水戸市"},{"code":"3111136","prefecture_code":8,"town":"東前","city_name":"水戸市"},{"code":"3111132","prefecture_code":8,"town":"東前町","city_name":"水戸市"},{"code":"3114146","prefecture_code":8,"town":"中丸町","city_name":"水戸市"},{"code":"3114207","prefecture_code":8,"town":"成沢町","city_name":"水戸市"},{"code":"3114142","prefecture_code":8,"town":"東赤塚","city_name":"水戸市"},{"code":"3114151","prefecture_code":8,"town":"姫子","city_name":"水戸市"},{"code":"3114144","prefecture_code":8,"town":"開江町","city_name":"水戸市"},{"code":"3111113","prefecture_code":8,"town":"平戸町","city_name":"水戸市"},{"code":"3114201","prefecture_code":8,"town":"藤井町","city_name":"水戸市"},{"code":"3114208","prefecture_code":8,"town":"藤が原","city_name":"水戸市"},{"code":"3114145","prefecture_code":8,"town":"双葉台","city_name":"水戸市"},{"code":"3114161","prefecture_code":8,"town":"全隈町","city_name":"水戸市"},{"code":"3111124","prefecture_code":8,"town":"森戸町","city_name":"水戸市"},{"code":"3114164","prefecture_code":8,"town":"谷津町","city_name":"水戸市"},{"code":"3111134","prefecture_code":8,"town":"百合が丘町","city_name":"水戸市"},{"code":"3111135","prefecture_code":8,"town":"六反田町","city_name":"水戸市"},{"code":"3110402","prefecture_code":8,"town":"入四間町","city_name":"日立市"},{"code":"3110404","prefecture_code":8,"town":"下深荻町","city_name":"日立市"},{"code":"3110401","prefecture_code":8,"town":"中深荻町","city_name":"日立市"},{"code":"3110403","prefecture_code":8,"town":"東河内町","city_name":"日立市"},{"code":"3110508","prefecture_code":8,"town":"大菅町","city_name":"常陸太田市"},{"code":"3110505","prefecture_code":8,"town":"大中町","city_name":"常陸太田市"},{"code":"3110506","prefecture_code":8,"town":"折橋町","city_name":"常陸太田市"},{"code":"3110509","prefecture_code":8,"town":"上深荻町","city_name":"常陸太田市"},{"code":"3110301","prefecture_code":8,"town":"河内西町","city_name":"常陸太田市"},{"code":"3110507","prefecture_code":8,"town":"小菅町","city_name":"常陸太田市"},{"code":"3110503","prefecture_code":8,"town":"小妻町","city_name":"常陸太田市"},{"code":"3110504","prefecture_code":8,"town":"小中町","city_name":"常陸太田市"},{"code":"3110501","prefecture_code":8,"town":"里川町","city_name":"常陸太田市"},{"code":"3110325","prefecture_code":8,"town":"里野宮町","city_name":"常陸太田市"},{"code":"3110322","prefecture_code":8,"town":"常福地町","city_name":"常陸太田市"},{"code":"3110324","prefecture_code":8,"town":"白羽町","city_name":"常陸太田市"},{"code":"3110323","prefecture_code":8,"town":"茅根町","city_name":"常陸太田市"},{"code":"3110502","prefecture_code":8,"town":"徳田町","city_name":"常陸太田市"},{"code":"3110314","prefecture_code":8,"town":"西河内上町","city_name":"常陸太田市"},{"code":"3110313","prefecture_code":8,"town":"西河内中町","city_name":"常陸太田市"},{"code":"3110312","prefecture_code":8,"town":"西河内下町","city_name":"常陸太田市"},{"code":"3110321","prefecture_code":8,"town":"春友町","city_name":"常陸太田市"},{"code":"3110311","prefecture_code":8,"town":"町屋町","city_name":"常陸太田市"},{"code":"3111241","prefecture_code":8,"town":"赤坂","city_name":"ひたちなか市"},{"code":"3111264","prefecture_code":8,"town":"浅井内","city_name":"ひたちなか市"},{"code":"3111201","prefecture_code":8,"town":"阿字ケ浦町","city_name":"ひたちなか市"},{"code":"3111255","prefecture_code":8,"town":"雨沢谷津","city_name":"ひたちなか市"},{"code":"3111202","prefecture_code":8,"town":"磯崎町","city_name":"ひたちなか市"},{"code":"3111213","prefecture_code":8,"town":"牛久保","city_name":"ひたちなか市"},{"code":"3111263","prefecture_code":8,"town":"和尚塚","city_name":"ひたちなか市"},{"code":"3111222","prefecture_code":8,"town":"海門町","city_name":"ひたちなか市"},{"code":"3111207","prefecture_code":8,"town":"烏ケ台","city_name":"ひたちなか市"},{"code":"3111243","prefecture_code":8,"town":"北神敷台","city_name":"ひたちなか市"},{"code":"3111236","prefecture_code":8,"town":"国神前","city_name":"ひたちなか市"},{"code":"3111253","prefecture_code":8,"town":"小谷金","city_name":"ひたちなか市"},{"code":"3111226","prefecture_code":8,"town":"幸町","city_name":"ひたちなか市"},{"code":"3111223","prefecture_code":8,"town":"栄町","city_name":"ひたちなか市"},{"code":"3111211","prefecture_code":8,"town":"沢メキ","city_name":"ひたちなか市"},{"code":"3111247","prefecture_code":8,"town":"四十発句","city_name":"ひたちなか市"},{"code":"3111225","prefecture_code":8,"town":"釈迦町","city_name":"ひたちなか市"},{"code":"3111205","prefecture_code":8,"town":"十三奉行","city_name":"ひたちなか市"},{"code":"3111237","prefecture_code":8,"town":"関戸","city_name":"ひたちなか市"},{"code":"3111246","prefecture_code":8,"town":"相金町","city_name":"ひたちなか市"},{"code":"3111245","prefecture_code":8,"town":"館山","city_name":"ひたちなか市"},{"code":"3111235","prefecture_code":8,"town":"田中後","city_name":"ひたちなか市"},{"code":"3111248","prefecture_code":8,"town":"田宮原","city_name":"ひたちなか市"},{"code":"3111261","prefecture_code":8,"town":"鶴代","city_name":"ひたちなか市"},{"code":"3111227","prefecture_code":8,"town":"洞下町","city_name":"ひたちなか市"},{"code":"3111262","prefecture_code":8,"town":"道メキ","city_name":"ひたちなか市"},{"code":"3111212","prefecture_code":8,"town":"殿山町","city_name":"ひたちなか市"},{"code":"3111254","prefecture_code":8,"town":"新堤","city_name":"ひたちなか市"},{"code":"3111242","prefecture_code":8,"town":"西赤坂","city_name":"ひたちなか市"},{"code":"3111206","prefecture_code":8,"town":"西十三奉行","city_name":"ひたちなか市"},{"code":"3111228","prefecture_code":8,"town":"八幡町","city_name":"ひたちなか市"},{"code":"3111215","prefecture_code":8,"town":"東本町","city_name":"ひたちなか市"},{"code":"3111203","prefecture_code":8,"town":"平磯町","city_name":"ひたちなか市"},{"code":"3111204","prefecture_code":8,"town":"平磯遠原町","city_name":"ひたちなか市"},{"code":"3111218","prefecture_code":8,"town":"富士ノ上","city_name":"ひたちなか市"},{"code":"3111217","prefecture_code":8,"town":"富士ノ下","city_name":"ひたちなか市"},{"code":"3111266","prefecture_code":8,"town":"船窪","city_name":"ひたちなか市"},{"code":"3111252","prefecture_code":8,"town":"部田野","city_name":"ひたちなか市"},{"code":"3111233","prefecture_code":8,"town":"堀川","city_name":"ひたちなか市"},{"code":"3111267","prefecture_code":8,"town":"廻り目","city_name":"ひたちなか市"},{"code":"3111238","prefecture_code":8,"town":"美田多町","city_name":"ひたちなか市"},{"code":"3111216","prefecture_code":8,"town":"湊泉町","city_name":"ひたちなか市"},{"code":"3111229","prefecture_code":8,"town":"湊中央","city_name":"ひたちなか市"},{"code":"3111268","prefecture_code":8,"town":"湊中原","city_name":"ひたちなか市"},{"code":"3111221","prefecture_code":8,"town":"湊本町","city_name":"ひたちなか市"},{"code":"3111244","prefecture_code":8,"town":"南神敷台","city_name":"ひたちなか市"},{"code":"3111234","prefecture_code":8,"town":"峰後","city_name":"ひたちなか市"},{"code":"3111265","prefecture_code":8,"town":"狢谷津","city_name":"ひたちなか市"},{"code":"3111232","prefecture_code":8,"town":"柳が丘","city_name":"ひたちなか市"},{"code":"3111231","prefecture_code":8,"town":"柳沢","city_name":"ひたちなか市"},{"code":"3111251","prefecture_code":8,"town":"山崎","city_name":"ひたちなか市"},{"code":"3111224","prefecture_code":8,"town":"山ノ上町","city_name":"ひたちなか市"},{"code":"3111214","prefecture_code":8,"town":"和田町","city_name":"ひたちなか市"},{"code":"3112211","prefecture_code":8,"town":"青塚","city_name":"鹿嶋市"},{"code":"3112204","prefecture_code":8,"town":"荒井","city_name":"鹿嶋市"},{"code":"3112215","prefecture_code":8,"town":"和","city_name":"鹿嶋市"},{"code":"3112221","prefecture_code":8,"town":"荒野","city_name":"鹿嶋市"},{"code":"3112222","prefecture_code":8,"town":"小山","city_name":"鹿嶋市"},{"code":"3112207","prefecture_code":8,"town":"志崎","city_name":"鹿嶋市"},{"code":"3112201","prefecture_code":8,"town":"大小志崎","city_name":"鹿嶋市"},{"code":"3112206","prefecture_code":8,"town":"武井","city_name":"鹿嶋市"},{"code":"3112202","prefecture_code":8,"town":"武井釜","city_name":"鹿嶋市"},{"code":"3112214","prefecture_code":8,"town":"棚木","city_name":"鹿嶋市"},{"code":"3112205","prefecture_code":8,"town":"津賀","city_name":"鹿嶋市"},{"code":"3112212","prefecture_code":8,"town":"角折","city_name":"鹿嶋市"},{"code":"3112213","prefecture_code":8,"town":"中","city_name":"鹿嶋市"},{"code":"3112224","prefecture_code":8,"town":"奈良毛","city_name":"鹿嶋市"},{"code":"3112203","prefecture_code":8,"town":"浜津賀","city_name":"鹿嶋市"},{"code":"3112223","prefecture_code":8,"town":"林","city_name":"鹿嶋市"},{"code":"3112400","prefecture_code":8,"town":"","city_name":"潮来市"},{"code":"3112425","prefecture_code":8,"town":"あやめ","city_name":"潮来市"},{"code":"3112424","prefecture_code":8,"town":"潮来","city_name":"潮来市"},{"code":"3112436","prefecture_code":8,"town":"牛堀","city_name":"潮来市"},{"code":"3112435","prefecture_code":8,"town":"上戸","city_name":"潮来市"},{"code":"3112402","prefecture_code":8,"town":"大生","city_name":"潮来市"},{"code":"3112401","prefecture_code":8,"town":"大賀","city_name":"潮来市"},{"code":"3112422","prefecture_code":8,"town":"大洲","city_name":"潮来市"},{"code":"3112426","prefecture_code":8,"town":"大塚野","city_name":"潮来市"},{"code":"3112441","prefecture_code":8,"town":"大山","city_name":"潮来市"},{"code":"3112403","prefecture_code":8,"town":"釜谷","city_name":"潮来市"},{"code":"3112440","prefecture_code":8,"town":"川尾","city_name":"潮来市"},{"code":"3112431","prefecture_code":8,"town":"清水","city_name":"潮来市"},{"code":"3112442","prefecture_code":8,"town":"小泉","city_name":"潮来市"},{"code":"3112444","prefecture_code":8,"town":"小泉南","city_name":"潮来市"},{"code":"3112407","prefecture_code":8,"town":"下田","city_name":"潮来市"},{"code":"3112434","prefecture_code":8,"town":"島須","city_name":"潮来市"},{"code":"3112406","prefecture_code":8,"town":"新宮","city_name":"潮来市"},{"code":"3112443","prefecture_code":8,"town":"新宮南","city_name":"潮来市"},{"code":"3112448","prefecture_code":8,"town":"須賀","city_name":"潮来市"},{"code":"3112446","prefecture_code":8,"town":"須賀南","city_name":"潮来市"},{"code":"3112408","prefecture_code":8,"town":"洲崎","city_name":"潮来市"},{"code":"3112405","prefecture_code":8,"town":"築地","city_name":"潮来市"},{"code":"3112421","prefecture_code":8,"town":"辻","city_name":"潮来市"},{"code":"3112418","prefecture_code":8,"town":"徳島","city_name":"潮来市"},{"code":"3112437","prefecture_code":8,"town":"永山","city_name":"潮来市"},{"code":"3112415","prefecture_code":8,"town":"延方","city_name":"潮来市"},{"code":"3112409","prefecture_code":8,"town":"延方東","city_name":"潮来市"},{"code":"3112410","prefecture_code":8,"town":"延方西","city_name":"潮来市"},{"code":"3112423","prefecture_code":8,"town":"日の出","city_name":"潮来市"},{"code":"3112419","prefecture_code":8,"town":"福島","city_name":"潮来市"},{"code":"3112449","prefecture_code":8,"town":"古高","city_name":"潮来市"},{"code":"3112433","prefecture_code":8,"town":"堀之内","city_name":"潮来市"},{"code":"3112416","prefecture_code":8,"town":"前川","city_name":"潮来市"},{"code":"3112447","prefecture_code":8,"town":"曲松","city_name":"潮来市"},{"code":"3112445","prefecture_code":8,"town":"曲松南","city_name":"潮来市"},{"code":"3112404","prefecture_code":8,"town":"水原","city_name":"潮来市"},{"code":"3112412","prefecture_code":8,"town":"宮前","city_name":"潮来市"},{"code":"3112432","prefecture_code":8,"town":"茂木","city_name":"潮来市"},{"code":"3112417","prefecture_code":8,"town":"米島","city_name":"潮来市"},{"code":"3114611","prefecture_code":8,"town":"秋田","city_name":"常陸大宮市"},{"code":"3114501","prefecture_code":8,"town":"門井","city_name":"常陸大宮市"},{"code":"3114614","prefecture_code":8,"town":"金井","city_name":"常陸大宮市"},{"code":"3114617","prefecture_code":8,"town":"上伊勢畑","city_name":"常陸大宮市"},{"code":"3114615","prefecture_code":8,"town":"下伊勢畑","city_name":"常陸大宮市"},{"code":"3114612","prefecture_code":8,"town":"中居","city_name":"常陸大宮市"},{"code":"3114613","prefecture_code":8,"town":"長倉","city_name":"常陸大宮市"},{"code":"3114503","prefecture_code":8,"town":"野口","city_name":"常陸大宮市"},{"code":"3114502","prefecture_code":8,"town":"野口平","city_name":"常陸大宮市"},{"code":"3114618","prefecture_code":8,"town":"野田","city_name":"常陸大宮市"},{"code":"3114616","prefecture_code":8,"town":"桧山","city_name":"常陸大宮市"},{"code":"3110100","prefecture_code":8,"town":"","city_name":"那珂市"},{"code":"3110134","prefecture_code":8,"town":"飯田","city_name":"那珂市"},{"code":"3110125","prefecture_code":8,"town":"大内","city_name":"那珂市"},{"code":"3110135","prefecture_code":8,"town":"鹿島","city_name":"那珂市"},{"code":"3110136","prefecture_code":8,"town":"門部","city_name":"那珂市"},{"code":"3110116","prefecture_code":8,"town":"上河内","city_name":"那珂市"},{"code":"3110123","prefecture_code":8,"town":"上国井","city_name":"那珂市"},{"code":"3110131","prefecture_code":8,"town":"北酒出","city_name":"那珂市"},{"code":"3110133","prefecture_code":8,"town":"鴻巣","city_name":"那珂市"},{"code":"3110111","prefecture_code":8,"town":"後台","city_name":"那珂市"},{"code":"3110126","prefecture_code":8,"town":"下江戸","city_name":"那珂市"},{"code":"3110105","prefecture_code":8,"town":"菅谷","city_name":"那珂市"},{"code":"3110106","prefecture_code":8,"town":"杉","city_name":"那珂市"},{"code":"3110110","prefecture_code":8,"town":"竹ノ内","city_name":"那珂市"},{"code":"3110124","prefecture_code":8,"town":"田崎","city_name":"那珂市"},{"code":"3110112","prefecture_code":8,"town":"津田","city_name":"那珂市"},{"code":"3110104","prefecture_code":8,"town":"堤","city_name":"那珂市"},{"code":"3110122","prefecture_code":8,"town":"戸","city_name":"那珂市"},{"code":"3110121","prefecture_code":8,"town":"戸崎","city_name":"那珂市"},{"code":"3110117","prefecture_code":8,"town":"豊喰","city_name":"那珂市"},{"code":"3110113","prefecture_code":8,"town":"中台","city_name":"那珂市"},{"code":"3110115","prefecture_code":8,"town":"西木倉","city_name":"那珂市"},{"code":"3110108","prefecture_code":8,"town":"額田北郷","city_name":"那珂市"},{"code":"3110109","prefecture_code":8,"town":"額田東郷","city_name":"那珂市"},{"code":"3110107","prefecture_code":8,"town":"額田南郷","city_name":"那珂市"},{"code":"3110114","prefecture_code":8,"town":"東木倉","city_name":"那珂市"},{"code":"3110118","prefecture_code":8,"town":"福田","city_name":"那珂市"},{"code":"3110132","prefecture_code":8,"town":"南酒出","city_name":"那珂市"},{"code":"3110102","prefecture_code":8,"town":"向山","city_name":"那珂市"},{"code":"3110101","prefecture_code":8,"town":"本米崎","city_name":"那珂市"},{"code":"3110103","prefecture_code":8,"town":"横堀","city_name":"那珂市"},{"code":"3113800","prefecture_code":8,"town":"","city_name":"行方市"},{"code":"3113831","prefecture_code":8,"town":"青沼","city_name":"行方市"},{"code":"3113832","prefecture_code":8,"town":"麻生","city_name":"行方市"},{"code":"3113814","prefecture_code":8,"town":"天掛","city_name":"行方市"},{"code":"3113518","prefecture_code":8,"town":"荒宿","city_name":"行方市"},{"code":"3113803","prefecture_code":8,"town":"井貝","city_name":"行方市"},{"code":"3113827","prefecture_code":8,"town":"石神","city_name":"行方市"},{"code":"3113817","prefecture_code":8,"town":"板峰","city_name":"行方市"},{"code":"3113515","prefecture_code":8,"town":"井上","city_name":"行方市"},{"code":"3113516","prefecture_code":8,"town":"井上藤井","city_name":"行方市"},{"code":"3113824","prefecture_code":8,"town":"宇崎","city_name":"行方市"},{"code":"3111705","prefecture_code":8,"town":"内宿","city_name":"行方市"},{"code":"3113822","prefecture_code":8,"town":"岡","city_name":"行方市"},{"code":"3113508","prefecture_code":8,"town":"沖洲","city_name":"行方市"},{"code":"3113802","prefecture_code":8,"town":"於下","city_name":"行方市"},{"code":"3113804","prefecture_code":8,"town":"小高","city_name":"行方市"},{"code":"3111724","prefecture_code":8,"town":"小貫","city_name":"行方市"},{"code":"3111715","prefecture_code":8,"town":"小幡","city_name":"行方市"},{"code":"3111706","prefecture_code":8,"town":"北浦","city_name":"行方市"},{"code":"3111716","prefecture_code":8,"town":"北高岡","city_name":"行方市"},{"code":"3113821","prefecture_code":8,"town":"蔵川","city_name":"行方市"},{"code":"3113807","prefecture_code":8,"town":"五町田","city_name":"行方市"},{"code":"3113816","prefecture_code":8,"town":"小牧","city_name":"行方市"},{"code":"3113813","prefecture_code":8,"town":"籠田","city_name":"行方市"},{"code":"3113514","prefecture_code":8,"town":"西蓮寺","city_name":"行方市"},{"code":"3113835","prefecture_code":8,"town":"島並","city_name":"行方市"},{"code":"3113823","prefecture_code":8,"town":"白浜","city_name":"行方市"},{"code":"3113811","prefecture_code":8,"town":"四鹿","city_name":"行方市"},{"code":"3113815","prefecture_code":8,"town":"新宮","city_name":"行方市"},{"code":"3113812","prefecture_code":8,"town":"杉平","city_name":"行方市"},{"code":"3113501","prefecture_code":8,"town":"芹沢","city_name":"行方市"},{"code":"3113511","prefecture_code":8,"town":"玉造乙","city_name":"行方市"},{"code":"3113512","prefecture_code":8,"town":"玉造甲","city_name":"行方市"},{"code":"3113513","prefecture_code":8,"town":"手賀","city_name":"行方市"},{"code":"3113833","prefecture_code":8,"town":"富田","city_name":"行方市"},{"code":"3111713","prefecture_code":8,"town":"中根","city_name":"行方市"},{"code":"3111701","prefecture_code":8,"town":"長野江","city_name":"行方市"},{"code":"3111722","prefecture_code":8,"town":"次木","city_name":"行方市"},{"code":"3113801","prefecture_code":8,"town":"行方","city_name":"行方市"},{"code":"3111703","prefecture_code":8,"town":"成田","city_name":"行方市"},{"code":"3113825","prefecture_code":8,"town":"根小屋","city_name":"行方市"},{"code":"3113503","prefecture_code":8,"town":"捻木","city_name":"行方市"},{"code":"3113805","prefecture_code":8,"town":"橋門","city_name":"行方市"},{"code":"3113507","prefecture_code":8,"town":"羽生","city_name":"行方市"},{"code":"3113505","prefecture_code":8,"town":"浜","city_name":"行方市"},{"code":"3111712","prefecture_code":8,"town":"繁昌","city_name":"行方市"},{"code":"3113517","prefecture_code":8,"town":"藤井","city_name":"行方市"},{"code":"3113806","prefecture_code":8,"town":"船子","city_name":"行方市"},{"code":"3113834","prefecture_code":8,"town":"粗毛","city_name":"行方市"},{"code":"3113836","prefecture_code":8,"town":"南","city_name":"行方市"},{"code":"3111714","prefecture_code":8,"town":"南高岡","city_name":"行方市"},{"code":"3111702","prefecture_code":8,"town":"三和","city_name":"行方市"},{"code":"3113506","prefecture_code":8,"town":"八木蒔","city_name":"行方市"},{"code":"3113504","prefecture_code":8,"town":"谷島","city_name":"行方市"},{"code":"3113826","prefecture_code":8,"town":"矢幡","city_name":"行方市"},{"code":"3111704","prefecture_code":8,"town":"山田","city_name":"行方市"},{"code":"3111723","prefecture_code":8,"town":"行戸","city_name":"行方市"},{"code":"3111711","prefecture_code":8,"town":"吉川","city_name":"行方市"},{"code":"3111721","prefecture_code":8,"town":"両宿","city_name":"行方市"},{"code":"3113502","prefecture_code":8,"town":"若海","city_name":"行方市"},{"code":"3111500","prefecture_code":8,"town":"","city_name":"鉾田市"},{"code":"3111535","prefecture_code":8,"town":"青柳","city_name":"鉾田市"},{"code":"3112101","prefecture_code":8,"town":"青山","city_name":"鉾田市"},{"code":"3111506","prefecture_code":8,"town":"秋山","city_name":"鉾田市"},{"code":"3112118","prefecture_code":8,"town":"阿玉","city_name":"鉾田市"},{"code":"3111411","prefecture_code":8,"town":"荒地","city_name":"鉾田市"},{"code":"3111504","prefecture_code":8,"town":"安房","city_name":"鉾田市"},{"code":"3112112","prefecture_code":8,"town":"飯島","city_name":"鉾田市"},{"code":"3111521","prefecture_code":8,"town":"飯名","city_name":"鉾田市"},{"code":"3112114","prefecture_code":8,"town":"江川","city_name":"鉾田市"},{"code":"3112117","prefecture_code":8,"town":"大蔵","city_name":"鉾田市"},{"code":"3111513","prefecture_code":8,"town":"大竹","city_name":"鉾田市"},{"code":"3111502","prefecture_code":8,"town":"大戸","city_name":"鉾田市"},{"code":"3111536","prefecture_code":8,"town":"大和田","city_name":"鉾田市"},{"code":"3112104","prefecture_code":8,"town":"梶山","city_name":"鉾田市"},{"code":"3111511","prefecture_code":8,"town":"柏熊","city_name":"鉾田市"},{"code":"3111424","prefecture_code":8,"town":"柏熊新田","city_name":"鉾田市"},{"code":"3111422","prefecture_code":8,"town":"勝下","city_name":"鉾田市"},{"code":"3111421","prefecture_code":8,"town":"勝下新田","city_name":"鉾田市"},{"code":"3111515","prefecture_code":8,"town":"烟田","city_name":"鉾田市"},{"code":"3111405","prefecture_code":8,"town":"上太田","city_name":"鉾田市"},{"code":"3111403","prefecture_code":8,"town":"上釜","city_name":"鉾田市"},{"code":"3112111","prefecture_code":8,"town":"上沢","city_name":"鉾田市"},{"code":"3111532","prefecture_code":8,"town":"上冨田","city_name":"鉾田市"},{"code":"3112113","prefecture_code":8,"town":"上幡木","city_name":"鉾田市"},{"code":"3111527","prefecture_code":8,"town":"借宿","city_name":"鉾田市"},{"code":"3111523","prefecture_code":8,"town":"串挽","city_name":"鉾田市"},{"code":"3112103","prefecture_code":8,"town":"汲上","city_name":"鉾田市"},{"code":"3111414","prefecture_code":8,"town":"子生","city_name":"鉾田市"},{"code":"3111505","prefecture_code":8,"town":"駒木根","city_name":"鉾田市"},{"code":"3111404","prefecture_code":8,"town":"沢尻","city_name":"鉾田市"},{"code":"3111416","prefecture_code":8,"town":"鹿田","city_name":"鉾田市"},{"code":"3111402","prefecture_code":8,"town":"下太田","city_name":"鉾田市"},{"code":"3111533","prefecture_code":8,"town":"下冨田","city_name":"鉾田市"},{"code":"3111512","prefecture_code":8,"town":"白塚","city_name":"鉾田市"},{"code":"3111516","prefecture_code":8,"town":"新鉾田","city_name":"鉾田市"},{"code":"3111518","prefecture_code":8,"town":"新鉾田西","city_name":"鉾田市"},{"code":"3111531","prefecture_code":8,"town":"菅野谷","city_name":"鉾田市"},{"code":"3112102","prefecture_code":8,"town":"台濁沢","city_name":"鉾田市"},{"code":"3111524","prefecture_code":8,"town":"高田","city_name":"鉾田市"},{"code":"3111423","prefecture_code":8,"town":"滝浜","city_name":"鉾田市"},{"code":"3111406","prefecture_code":8,"town":"田崎","city_name":"鉾田市"},{"code":"3111412","prefecture_code":8,"town":"玉田","city_name":"鉾田市"},{"code":"3111415","prefecture_code":8,"town":"造谷","city_name":"鉾田市"},{"code":"3111522","prefecture_code":8,"town":"塔ケ崎","city_name":"鉾田市"},{"code":"3111528","prefecture_code":8,"town":"当間","city_name":"鉾田市"},{"code":"3111427","prefecture_code":8,"town":"常磐","city_name":"鉾田市"},{"code":"3111503","prefecture_code":8,"town":"徳宿","city_name":"鉾田市"},{"code":"3111534","prefecture_code":8,"town":"鳥栖","city_name":"鉾田市"},{"code":"3112115","prefecture_code":8,"town":"中居","city_name":"鉾田市"},{"code":"3111525","prefecture_code":8,"town":"野友","city_name":"鉾田市"},{"code":"3111526","prefecture_code":8,"town":"半原","city_name":"鉾田市"},{"code":"3111413","prefecture_code":8,"town":"冷水","city_name":"鉾田市"},{"code":"3112116","prefecture_code":8,"town":"札","city_name":"鉾田市"},{"code":"3112105","prefecture_code":8,"town":"二重作","city_name":"鉾田市"},{"code":"3111501","prefecture_code":8,"town":"舟木","city_name":"鉾田市"},{"code":"3111517","prefecture_code":8,"town":"鉾田","city_name":"鉾田市"},{"code":"3111401","prefecture_code":8,"town":"箕輪","city_name":"鉾田市"},{"code":"3111537","prefecture_code":8,"town":"紅葉","city_name":"鉾田市"},{"code":"3111426","prefecture_code":8,"town":"樅山","city_name":"鉾田市"},{"code":"3111514","prefecture_code":8,"town":"安塚","city_name":"鉾田市"},{"code":"3111425","prefecture_code":8,"town":"湯坪","city_name":"鉾田市"},{"code":"3113404","prefecture_code":8,"town":"飯前","city_name":"小美玉市"},{"code":"3113423","prefecture_code":8,"town":"小川","city_name":"小美玉市"},{"code":"3113405","prefecture_code":8,"town":"上合","city_name":"小美玉市"},{"code":"3113436","prefecture_code":8,"town":"上玉里","city_name":"小美玉市"},{"code":"3113403","prefecture_code":8,"town":"上吉影","city_name":"小美玉市"},{"code":"3113412","prefecture_code":8,"town":"川戸","city_name":"小美玉市"},{"code":"3113431","prefecture_code":8,"town":"川中子","city_name":"小美玉市"},{"code":"3113417","prefecture_code":8,"town":"倉数","city_name":"小美玉市"},{"code":"3113434","prefecture_code":8,"town":"栗又四ケ","city_name":"小美玉市"},{"code":"3113425","prefecture_code":8,"town":"小塙","city_name":"小美玉市"},{"code":"3113402","prefecture_code":8,"town":"佐才","city_name":"小美玉市"},{"code":"3113432","prefecture_code":8,"town":"下玉里","city_name":"小美玉市"},{"code":"3113426","prefecture_code":8,"town":"下馬場","city_name":"小美玉市"},{"code":"3113406","prefecture_code":8,"town":"下吉影","city_name":"小美玉市"},{"code":"3113401","prefecture_code":8,"town":"世楽","city_name":"小美玉市"},{"code":"3113433","prefecture_code":8,"town":"高崎","city_name":"小美玉市"},{"code":"3113435","prefecture_code":8,"town":"田木谷","city_name":"小美玉市"},{"code":"3113414","prefecture_code":8,"town":"外之内","city_name":"小美玉市"},{"code":"3113422","prefecture_code":8,"town":"中延","city_name":"小美玉市"},{"code":"3113411","prefecture_code":8,"town":"野田","city_name":"小美玉市"},{"code":"3113424","prefecture_code":8,"town":"幡谷","city_name":"小美玉市"},{"code":"3113437","prefecture_code":8,"town":"東田中","city_name":"小美玉市"},{"code":"3113415","prefecture_code":8,"town":"百里","city_name":"小美玉市"},{"code":"3113421","prefecture_code":8,"town":"宮田","city_name":"小美玉市"},{"code":"3113413","prefecture_code":8,"town":"山野","city_name":"小美玉市"},{"code":"3113416","prefecture_code":8,"town":"与沢","city_name":"小美玉市"},{"code":"3113100","prefecture_code":8,"town":"","city_name":"東茨城郡茨城町"},{"code":"3113137","prefecture_code":8,"town":"網掛","city_name":"東茨城郡茨城町"},{"code":"3113147","prefecture_code":8,"town":"秋葉","city_name":"東茨城郡茨城町"},{"code":"3113152","prefecture_code":8,"town":"飯沼","city_name":"東茨城郡茨城町"},{"code":"3113111","prefecture_code":8,"town":"馬渡","city_name":"東茨城郡茨城町"},{"code":"3113135","prefecture_code":8,"town":"海老沢","city_name":"東茨城郡茨城町"},{"code":"3113114","prefecture_code":8,"town":"大戸","city_name":"東茨城郡茨城町"},{"code":"3113156","prefecture_code":8,"town":"奥谷","city_name":"東茨城郡茨城町"},{"code":"3113131","prefecture_code":8,"town":"小堤","city_name":"東茨城郡茨城町"},{"code":"3113157","prefecture_code":8,"town":"小幡","city_name":"東茨城郡茨城町"},{"code":"3113145","prefecture_code":8,"town":"上雨ケ谷","city_name":"東茨城郡茨城町"},{"code":"3113153","prefecture_code":8,"town":"上飯沼","city_name":"東茨城郡茨城町"},{"code":"3113122","prefecture_code":8,"town":"上石崎","city_name":"東茨城郡茨城町"},{"code":"3113134","prefecture_code":8,"town":"神宿","city_name":"東茨城郡茨城町"},{"code":"3113141","prefecture_code":8,"town":"神谷","city_name":"東茨城郡茨城町"},{"code":"3113151","prefecture_code":8,"town":"木部","city_name":"東茨城郡茨城町"},{"code":"3113146","prefecture_code":8,"town":"下座","city_name":"東茨城郡茨城町"},{"code":"3113107","prefecture_code":8,"town":"小鶴","city_name":"東茨城郡茨城町"},{"code":"3113132","prefecture_code":8,"town":"駒場","city_name":"東茨城郡茨城町"},{"code":"3113104","prefecture_code":8,"town":"駒渡","city_name":"東茨城郡茨城町"},{"code":"3113106","prefecture_code":8,"town":"越安","city_name":"東茨城郡茨城町"},{"code":"3113113","prefecture_code":8,"town":"近藤","city_name":"東茨城郡茨城町"},{"code":"3113117","prefecture_code":8,"town":"桜の郷","city_name":"東茨城郡茨城町"},{"code":"3113144","prefecture_code":8,"town":"下雨ケ谷","city_name":"東茨城郡茨城町"},{"code":"3113154","prefecture_code":8,"town":"下飯沼","city_name":"東茨城郡茨城町"},{"code":"3113125","prefecture_code":8,"town":"下石崎","city_name":"東茨城郡茨城町"},{"code":"3113155","prefecture_code":8,"town":"下土師","city_name":"東茨城郡茨城町"},{"code":"3113138","prefecture_code":8,"town":"城之内","city_name":"東茨城郡茨城町"},{"code":"3113105","prefecture_code":8,"town":"蕎麦原","city_name":"東茨城郡茨城町"},{"code":"3113108","prefecture_code":8,"town":"中央工業団地","city_name":"東茨城郡茨城町"},{"code":"3113112","prefecture_code":8,"town":"常井","city_name":"東茨城郡茨城町"},{"code":"3113142","prefecture_code":8,"town":"鳥羽田","city_name":"東茨城郡茨城町"},{"code":"3113124","prefecture_code":8,"town":"中石崎","city_name":"東茨城郡茨城町"},{"code":"3113116","prefecture_code":8,"town":"長岡","city_name":"東茨城郡茨城町"},{"code":"3113143","prefecture_code":8,"town":"生井沢","city_name":"東茨城郡茨城町"},{"code":"3113103","prefecture_code":8,"town":"野曽","city_name":"東茨城郡茨城町"},{"code":"3113115","prefecture_code":8,"town":"前田","city_name":"東茨城郡茨城町"},{"code":"3113101","prefecture_code":8,"town":"南川又","city_name":"東茨城郡茨城町"},{"code":"3113102","prefecture_code":8,"town":"南栗崎","city_name":"東茨城郡茨城町"},{"code":"3113133","prefecture_code":8,"town":"南島田","city_name":"東茨城郡茨城町"},{"code":"3113136","prefecture_code":8,"town":"宮ケ崎","city_name":"東茨城郡茨城町"},{"code":"3113121","prefecture_code":8,"town":"谷田部","city_name":"東茨城郡茨城町"},{"code":"3113123","prefecture_code":8,"town":"若宮","city_name":"東茨城郡茨城町"},{"code":"3111300","prefecture_code":8,"town":"","city_name":"東茨城郡大洗町"},{"code":"3111301","prefecture_code":8,"town":"磯浜町","city_name":"東茨城郡大洗町"},{"code":"3111302","prefecture_code":8,"town":"磯道","city_name":"東茨城郡大洗町"},{"code":"3111311","prefecture_code":8,"town":"大貫町","city_name":"東茨城郡大洗町"},{"code":"3111312","prefecture_code":8,"town":"神山町","city_name":"東茨城郡大洗町"},{"code":"3111306","prefecture_code":8,"town":"五反田","city_name":"東茨城郡大洗町"},{"code":"3111307","prefecture_code":8,"town":"桜道","city_name":"東茨城郡大洗町"},{"code":"3111303","prefecture_code":8,"town":"東光台","city_name":"東茨城郡大洗町"},{"code":"3111313","prefecture_code":8,"town":"成田町","city_name":"東茨城郡大洗町"},{"code":"3111305","prefecture_code":8,"town":"港中央","city_name":"東茨城郡大洗町"},{"code":"3111304","prefecture_code":8,"town":"和銅","city_name":"東茨城郡大洗町"},{"code":"3114300","prefecture_code":8,"town":"","city_name":"東茨城郡城里町"},{"code":"3114321","prefecture_code":8,"town":"粟","city_name":"東茨城郡城里町"},{"code":"3114344","prefecture_code":8,"town":"阿波山","city_name":"東茨城郡城里町"},{"code":"3114303","prefecture_code":8,"town":"石塚","city_name":"東茨城郡城里町"},{"code":"3114312","prefecture_code":8,"town":"磯野","city_name":"東茨城郡城里町"},{"code":"3114331","prefecture_code":8,"town":"岩船","city_name":"東茨城郡城里町"},{"code":"3114403","prefecture_code":8,"town":"大網","city_name":"東茨城郡城里町"},{"code":"3114402","prefecture_code":8,"town":"小勝","city_name":"東茨城郡城里町"},{"code":"3114316","prefecture_code":8,"town":"小坂","city_name":"東茨城郡城里町"},{"code":"3114317","prefecture_code":8,"town":"勝見沢","city_name":"東茨城郡城里町"},{"code":"3114305","prefecture_code":8,"town":"上青山","city_name":"東茨城郡城里町"},{"code":"3114405","prefecture_code":8,"town":"上赤沢","city_name":"東茨城郡城里町"},{"code":"3114323","prefecture_code":8,"town":"上圷","city_name":"東茨城郡城里町"},{"code":"3114342","prefecture_code":8,"town":"上阿野沢","city_name":"東茨城郡城里町"},{"code":"3114301","prefecture_code":8,"town":"上泉","city_name":"東茨城郡城里町"},{"code":"3114313","prefecture_code":8,"town":"上入野","city_name":"東茨城郡城里町"},{"code":"3114315","prefecture_code":8,"town":"上古内","city_name":"東茨城郡城里町"},{"code":"3114325","prefecture_code":8,"town":"北方","city_name":"東茨城郡城里町"},{"code":"3114341","prefecture_code":8,"town":"御前山","city_name":"東茨城郡城里町"},{"code":"3114404","prefecture_code":8,"town":"真端","city_name":"東茨城郡城里町"},{"code":"3114401","prefecture_code":8,"town":"塩子","city_name":"東茨城郡城里町"},{"code":"3114304","prefecture_code":8,"town":"下青山","city_name":"東茨城郡城里町"},{"code":"3114406","prefecture_code":8,"town":"下赤沢","city_name":"東茨城郡城里町"},{"code":"3114322","prefecture_code":8,"town":"下圷","city_name":"東茨城郡城里町"},{"code":"3114343","prefecture_code":8,"town":"下阿野沢","city_name":"東茨城郡城里町"},{"code":"3114314","prefecture_code":8,"town":"下古内","city_name":"東茨城郡城里町"},{"code":"3114335","prefecture_code":8,"town":"錫高野","city_name":"東茨城郡城里町"},{"code":"3114324","prefecture_code":8,"town":"高久","city_name":"東茨城郡城里町"},{"code":"3114333","prefecture_code":8,"town":"高根","city_name":"東茨城郡城里町"},{"code":"3114332","prefecture_code":8,"town":"高根台","city_name":"東茨城郡城里町"},{"code":"3114407","prefecture_code":8,"town":"徳蔵","city_name":"東茨城郡城里町"},{"code":"3114302","prefecture_code":8,"town":"那珂西","city_name":"東茨城郡城里町"},{"code":"3114306","prefecture_code":8,"town":"春園","city_name":"東茨城郡城里町"},{"code":"3114334","prefecture_code":8,"town":"孫根","city_name":"東茨城郡城里町"},{"code":"3114311","prefecture_code":8,"town":"増井","city_name":"東茨城郡城里町"},{"code":"3114411","prefecture_code":9,"town":"桧山","city_name":"芳賀郡茂木町"}]
