[{"code":"3210000","prefecture_code":9,"town":"","city_name":"宇都宮市"},{"code":"3210404","prefecture_code":9,"town":"芦沼町","city_name":"宇都宮市"},{"code":"3210347","prefecture_code":9,"town":"飯田町","city_name":"宇都宮市"},{"code":"3212101","prefecture_code":9,"town":"飯山町","city_name":"宇都宮市"},{"code":"3210912","prefecture_code":9,"town":"石井町","city_name":"宇都宮市"},{"code":"3212103","prefecture_code":9,"town":"石那田町","city_name":"宇都宮市"},{"code":"3210952","prefecture_code":9,"town":"泉が丘","city_name":"宇都宮市"},{"code":"3213221","prefecture_code":9,"town":"板戸町","city_name":"宇都宮市"},{"code":"3210966","prefecture_code":9,"town":"今泉","city_name":"宇都宮市"},{"code":"3210961","prefecture_code":9,"town":"今泉新町","city_name":"宇都宮市"},{"code":"3210962","prefecture_code":9,"town":"今泉町","city_name":"宇都宮市"},{"code":"3210402","prefecture_code":9,"town":"今里町","city_name":"宇都宮市"},{"code":"3210166","prefecture_code":9,"town":"今宮","city_name":"宇都宮市"},{"code":"3210973","prefecture_code":9,"town":"岩曽町","city_name":"宇都宮市"},{"code":"3212117","prefecture_code":9,"town":"岩原町","city_name":"宇都宮市"},{"code":"3210976","prefecture_code":9,"town":"岩本町","city_name":"宇都宮市"},{"code":"3210118","prefecture_code":9,"town":"インターパーク","city_name":"宇都宮市"},{"code":"3210981","prefecture_code":9,"town":"上野町","city_name":"宇都宮市"},{"code":"3210405","prefecture_code":9,"town":"上田町","city_name":"宇都宮市"},{"code":"3210964","prefecture_code":9,"town":"駅前通り","city_name":"宇都宮市"},{"code":"3210107","prefecture_code":9,"town":"江曽島","city_name":"宇都宮市"},{"code":"3210101","prefecture_code":9,"town":"江曽島本町","city_name":"宇都宮市"},{"code":"3210102","prefecture_code":9,"town":"江曽島町","city_name":"宇都宮市"},{"code":"3212111","prefecture_code":9,"town":"大網町","city_name":"宇都宮市"},{"code":"3210161","prefecture_code":9,"town":"大塚町","city_name":"宇都宮市"},{"code":"3210345","prefecture_code":9,"town":"大谷町","city_name":"宇都宮市"},{"code":"3210971","prefecture_code":9,"town":"海道町","city_name":"宇都宮市"},{"code":"3210108","prefecture_code":9,"town":"春日町","city_name":"宇都宮市"},{"code":"3210406","prefecture_code":9,"town":"金田町","city_name":"宇都宮市"},{"code":"3212115","prefecture_code":9,"town":"上金井町","city_name":"宇都宮市"},{"code":"3210913","prefecture_code":9,"town":"上桑島町","city_name":"宇都宮市"},{"code":"3212104","prefecture_code":9,"town":"上小池町","city_name":"宇都宮市"},{"code":"3210401","prefecture_code":9,"town":"上小倉町","city_name":"宇都宮市"},{"code":"3213233","prefecture_code":9,"town":"上籠谷町","city_name":"宇都宮市"},{"code":"3210115","prefecture_code":9,"town":"上御田町","city_name":"宇都宮市"},{"code":"3212112","prefecture_code":9,"town":"上横倉町","city_name":"宇都宮市"},{"code":"3210106","prefecture_code":9,"town":"上横田町","city_name":"宇都宮市"},{"code":"3213224","prefecture_code":9,"town":"刈沼町","city_name":"宇都宮市"},{"code":"3210111","prefecture_code":9,"town":"川田町","city_name":"宇都宮市"},{"code":"3210977","prefecture_code":9,"town":"川俣町","city_name":"宇都宮市"},{"code":"3210965","prefecture_code":9,"town":"川向町","city_name":"宇都宮市"},{"code":"3210412","prefecture_code":9,"town":"関白町","city_name":"宇都宮市"},{"code":"3210153","prefecture_code":9,"town":"北若松原","city_name":"宇都宮市"},{"code":"3213231","prefecture_code":9,"town":"清原工業団地","city_name":"宇都宮市"},{"code":"3213223","prefecture_code":9,"town":"清原台","city_name":"宇都宮市"},{"code":"3213234","prefecture_code":9,"town":"桑島町","city_name":"宇都宮市"},{"code":"3210951","prefecture_code":9,"town":"越戸","city_name":"宇都宮市"},{"code":"3210951","prefecture_code":9,"town":"越戸町","city_name":"宇都宮市"},{"code":"3210341","prefecture_code":9,"town":"古賀志町","city_name":"宇都宮市"},{"code":"3210135","prefecture_code":9,"town":"五代","city_name":"宇都宮市"},{"code":"3213235","prefecture_code":9,"town":"鐺山町","city_name":"宇都宮市"},{"code":"3210141","prefecture_code":9,"town":"さつき","city_name":"宇都宮市"},{"code":"3210922","prefecture_code":9,"town":"さるやま町","city_name":"宇都宮市"},{"code":"3212102","prefecture_code":9,"town":"篠井町","city_name":"宇都宮市"},{"code":"3210346","prefecture_code":9,"town":"下荒針町","city_name":"宇都宮市"},{"code":"3212114","prefecture_code":9,"town":"下金井町","city_name":"宇都宮市"},{"code":"3210972","prefecture_code":9,"town":"下川俣町","city_name":"宇都宮市"},{"code":"3210914","prefecture_code":9,"town":"下桑島町","city_name":"宇都宮市"},{"code":"3210924","prefecture_code":9,"town":"下栗","city_name":"宇都宮市"},{"code":"3210923","prefecture_code":9,"town":"下栗町","city_name":"宇都宮市"},{"code":"3212105","prefecture_code":9,"town":"下小池町","city_name":"宇都宮市"},{"code":"3210403","prefecture_code":9,"town":"下小倉町","city_name":"宇都宮市"},{"code":"3210122","prefecture_code":9,"town":"下反町町","city_name":"宇都宮市"},{"code":"3210903","prefecture_code":9,"town":"下平出町","city_name":"宇都宮市"},{"code":"3212113","prefecture_code":9,"town":"下横倉町","city_name":"宇都宮市"},{"code":"3210124","prefecture_code":9,"town":"下横田町","city_name":"宇都宮市"},{"code":"3210945","prefecture_code":9,"town":"宿郷","city_name":"宇都宮市"},{"code":"3210935","prefecture_code":9,"town":"城東","city_name":"宇都宮市"},{"code":"3210117","prefecture_code":9,"town":"城南","city_name":"宇都宮市"},{"code":"3210413","prefecture_code":9,"town":"松風台","city_name":"宇都宮市"},{"code":"3210133","prefecture_code":9,"town":"新富町","city_name":"宇都宮市"},{"code":"3210144","prefecture_code":9,"town":"末広","city_name":"宇都宮市"},{"code":"3210132","prefecture_code":9,"town":"雀の宮","city_name":"宇都宮市"},{"code":"3210121","prefecture_code":9,"town":"雀宮町","city_name":"宇都宮市"},{"code":"3210113","prefecture_code":9,"town":"砂田町","city_name":"宇都宮市"},{"code":"3210975","prefecture_code":9,"town":"関堀町","city_name":"宇都宮市"},{"code":"3210104","prefecture_code":9,"town":"台新田","city_name":"宇都宮市"},{"code":"3210103","prefecture_code":9,"town":"台新田町","city_name":"宇都宮市"},{"code":"3210134","prefecture_code":9,"town":"高砂町","city_name":"宇都宮市"},{"code":"3210416","prefecture_code":9,"town":"高松町","city_name":"宇都宮市"},{"code":"3213236","prefecture_code":9,"town":"竹下町","city_name":"宇都宮市"},{"code":"3210974","prefecture_code":9,"town":"竹林町","city_name":"宇都宮市"},{"code":"3210343","prefecture_code":9,"town":"田下町","city_name":"宇都宮市"},{"code":"3210344","prefecture_code":9,"town":"田野町","city_name":"宇都宮市"},{"code":"3213237","prefecture_code":9,"town":"道場宿町","city_name":"宇都宮市"},{"code":"3210123","prefecture_code":9,"town":"東谷町","city_name":"宇都宮市"},{"code":"3212116","prefecture_code":9,"town":"徳次郎町","city_name":"宇都宮市"},{"code":"3210911","prefecture_code":9,"town":"問屋町","city_name":"宇都宮市"},{"code":"3210968","prefecture_code":9,"town":"中今泉","city_name":"宇都宮市"},{"code":"3210906","prefecture_code":9,"town":"中久保","city_name":"宇都宮市"},{"code":"3210414","prefecture_code":9,"town":"中里町","city_name":"宇都宮市"},{"code":"3210114","prefecture_code":9,"town":"中島町","city_name":"宇都宮市"},{"code":"3210917","prefecture_code":9,"town":"西刑部町","city_name":"宇都宮市"},{"code":"3210152","prefecture_code":9,"town":"西川田","city_name":"宇都宮市"},{"code":"3210154","prefecture_code":9,"town":"西川田東町","city_name":"宇都宮市"},{"code":"3210158","prefecture_code":9,"town":"西川田本町","city_name":"宇都宮市"},{"code":"3210151","prefecture_code":9,"town":"西川田町","city_name":"宇都宮市"},{"code":"3210155","prefecture_code":9,"town":"西川田南","city_name":"宇都宮市"},{"code":"3210967","prefecture_code":9,"town":"錦","city_name":"宇都宮市"},{"code":"3212118","prefecture_code":9,"town":"新里町","city_name":"宇都宮市"},{"code":"3213222","prefecture_code":9,"town":"野高谷町","city_name":"宇都宮市"},{"code":"3210127","prefecture_code":9,"town":"羽牛田町","city_name":"宇都宮市"},{"code":"3210137","prefecture_code":9,"town":"針ケ谷","city_name":"宇都宮市"},{"code":"3210147","prefecture_code":9,"town":"針ケ谷町","city_name":"宇都宮市"},{"code":"3210941","prefecture_code":9,"town":"東今泉","city_name":"宇都宮市"},{"code":"3210167","prefecture_code":9,"town":"東浦町","city_name":"宇都宮市"},{"code":"3210915","prefecture_code":9,"town":"東刑部町","city_name":"宇都宮市"},{"code":"3210916","prefecture_code":9,"town":"東木代町","city_name":"宇都宮市"},{"code":"3210953","prefecture_code":9,"town":"東宿郷","city_name":"宇都宮市"},{"code":"3210168","prefecture_code":9,"town":"東原町","city_name":"宇都宮市"},{"code":"3210985","prefecture_code":9,"town":"東町","city_name":"宇都宮市"},{"code":"3210946","prefecture_code":9,"town":"東峰","city_name":"宇都宮市"},{"code":"3210944","prefecture_code":9,"town":"東峰町","city_name":"宇都宮市"},{"code":"3210925","prefecture_code":9,"town":"東簗瀬","city_name":"宇都宮市"},{"code":"3210116","prefecture_code":9,"town":"東横田町","city_name":"宇都宮市"},{"code":"3213232","prefecture_code":9,"town":"氷室町","city_name":"宇都宮市"},{"code":"3210138","prefecture_code":9,"town":"兵庫塚","city_name":"宇都宮市"},{"code":"3210156","prefecture_code":9,"town":"兵庫塚町","city_name":"宇都宮市"},{"code":"3210905","prefecture_code":9,"town":"平出工業団地","city_name":"宇都宮市"},{"code":"3210901","prefecture_code":9,"town":"平出町","city_name":"宇都宮市"},{"code":"3210918","prefecture_code":9,"town":"平塚町","city_name":"宇都宮市"},{"code":"3210936","prefecture_code":9,"town":"平松","city_name":"宇都宮市"},{"code":"3210931","prefecture_code":9,"town":"平松町","city_name":"宇都宮市"},{"code":"3210932","prefecture_code":9,"town":"平松本町","city_name":"宇都宮市"},{"code":"3210342","prefecture_code":9,"town":"福岡町","city_name":"宇都宮市"},{"code":"3210146","prefecture_code":9,"town":"富士見町","city_name":"宇都宮市"},{"code":"3210164","prefecture_code":9,"town":"双葉","city_name":"宇都宮市"},{"code":"3210417","prefecture_code":9,"town":"冬室町","city_name":"宇都宮市"},{"code":"3210157","prefecture_code":9,"town":"幕田町","city_name":"宇都宮市"},{"code":"3210407","prefecture_code":9,"town":"松田新田町","city_name":"宇都宮市"},{"code":"3213225","prefecture_code":9,"town":"満美穴町","city_name":"宇都宮市"},{"code":"3210921","prefecture_code":9,"town":"瑞穂","city_name":"宇都宮市"},{"code":"3210125","prefecture_code":9,"town":"御田長島町","city_name":"宇都宮市"},{"code":"3210165","prefecture_code":9,"town":"緑","city_name":"宇都宮市"},{"code":"3210136","prefecture_code":9,"town":"みどり野町","city_name":"宇都宮市"},{"code":"3210963","prefecture_code":9,"town":"南大通り","city_name":"宇都宮市"},{"code":"3210143","prefecture_code":9,"town":"南高砂町","city_name":"宇都宮市"},{"code":"3210142","prefecture_code":9,"town":"南町","city_name":"宇都宮市"},{"code":"3210942","prefecture_code":9,"town":"峰","city_name":"宇都宮市"},{"code":"3210943","prefecture_code":9,"town":"峰町","city_name":"宇都宮市"},{"code":"3210131","prefecture_code":9,"town":"宮の内","city_name":"宇都宮市"},{"code":"3210969","prefecture_code":9,"town":"宮みらい","city_name":"宇都宮市"},{"code":"3210163","prefecture_code":9,"town":"宮本町","city_name":"宇都宮市"},{"code":"3210411","prefecture_code":9,"town":"宮山田町","city_name":"宇都宮市"},{"code":"3210982","prefecture_code":9,"town":"御幸ケ原町","city_name":"宇都宮市"},{"code":"3210984","prefecture_code":9,"town":"御幸町","city_name":"宇都宮市"},{"code":"3210983","prefecture_code":9,"town":"御幸本町","city_name":"宇都宮市"},{"code":"3210415","prefecture_code":9,"town":"免ノ内町","city_name":"宇都宮市"},{"code":"3210954","prefecture_code":9,"town":"元今泉","city_name":"宇都宮市"},{"code":"3210145","prefecture_code":9,"town":"茂原","city_name":"宇都宮市"},{"code":"3210126","prefecture_code":9,"town":"茂原町","city_name":"宇都宮市"},{"code":"3210112","prefecture_code":9,"town":"屋板町","city_name":"宇都宮市"},{"code":"3210169","prefecture_code":9,"town":"八千代","city_name":"宇都宮市"},{"code":"3210902","prefecture_code":9,"town":"柳田町","city_name":"宇都宮市"},{"code":"3210934","prefecture_code":9,"town":"簗瀬","city_name":"宇都宮市"},{"code":"3210933","prefecture_code":9,"town":"簗瀬町","city_name":"宇都宮市"},{"code":"3210162","prefecture_code":9,"town":"大和","city_name":"宇都宮市"},{"code":"3213226","prefecture_code":9,"town":"ゆいの杜","city_name":"宇都宮市"},{"code":"3210904","prefecture_code":9,"town":"陽東","city_name":"宇都宮市"},{"code":"3210105","prefecture_code":9,"town":"横田新町","city_name":"宇都宮市"},{"code":"3210139","prefecture_code":9,"town":"若松原","city_name":"宇都宮市"},{"code":"3211111","prefecture_code":9,"town":"板荷","city_name":"鹿沼市"},{"code":"3211200","prefecture_code":9,"town":"","city_name":"日光市"},{"code":"3211413","prefecture_code":9,"town":"相生町","city_name":"日光市"},{"code":"3212604","prefecture_code":9,"town":"赤下","city_name":"日光市"},{"code":"3211511","prefecture_code":9,"town":"足尾町","city_name":"日光市"},{"code":"3211502","prefecture_code":9,"town":"足尾町赤倉","city_name":"日光市"},{"code":"3211524","prefecture_code":9,"town":"足尾町赤沢","city_name":"日光市"},{"code":"3211501","prefecture_code":9,"town":"足尾町愛宕下","city_name":"日光市"},{"code":"3211505","prefecture_code":9,"town":"足尾町上の平","city_name":"日光市"},{"code":"3211512","prefecture_code":9,"town":"足尾町掛水","city_name":"日光市"},{"code":"3211504","prefecture_code":9,"town":"足尾町上間藤","city_name":"日光市"},{"code":"3211506","prefecture_code":9,"town":"足尾町下間藤","city_name":"日光市"},{"code":"3211515","prefecture_code":9,"town":"足尾町砂畑","city_name":"日光市"},{"code":"3211514","prefecture_code":9,"town":"足尾町通洞","city_name":"日光市"},{"code":"3211521","prefecture_code":9,"town":"足尾町遠下","city_name":"日光市"},{"code":"3211522","prefecture_code":9,"town":"足尾町中才","city_name":"日光市"},{"code":"3211507","prefecture_code":9,"town":"足尾町南橋","city_name":"日光市"},{"code":"3211503","prefecture_code":9,"town":"足尾町深沢","city_name":"日光市"},{"code":"3211508","prefecture_code":9,"town":"足尾町本山","city_name":"日光市"},{"code":"3211523","prefecture_code":9,"town":"足尾町松原","city_name":"日光市"},{"code":"3211513","prefecture_code":9,"town":"足尾町向原","city_name":"日光市"},{"code":"3212615","prefecture_code":9,"town":"五十里","city_name":"日光市"},{"code":"3212806","prefecture_code":9,"town":"五十里","city_name":"日光市"},{"code":"3211405","prefecture_code":9,"town":"石屋町","city_name":"日光市"},{"code":"3211425","prefecture_code":9,"town":"和泉","city_name":"日光市"},{"code":"3211102","prefecture_code":9,"town":"板橋","city_name":"日光市"},{"code":"3211411","prefecture_code":9,"town":"稲荷町","city_name":"日光市"},{"code":"3212344","prefecture_code":9,"town":"猪倉","city_name":"日光市"},{"code":"3211261","prefecture_code":9,"town":"今市","city_name":"日光市"},{"code":"3211272","prefecture_code":9,"town":"今市本町","city_name":"日光市"},{"code":"3211104","prefecture_code":9,"town":"岩崎","city_name":"日光市"},{"code":"3212333","prefecture_code":9,"town":"薄井沢","city_name":"日光市"},{"code":"3212411","prefecture_code":9,"town":"大桑町","city_name":"日光市"},{"code":"3212341","prefecture_code":9,"town":"大沢町","city_name":"日光市"},{"code":"3212332","prefecture_code":9,"town":"大室","city_name":"日光市"},{"code":"3212402","prefecture_code":9,"town":"大渡","city_name":"日光市"},{"code":"3212336","prefecture_code":9,"town":"荊沢","city_name":"日光市"},{"code":"3212354","prefecture_code":9,"town":"嘉多蔵","city_name":"日光市"},{"code":"3212715","prefecture_code":9,"town":"上栗山","city_name":"日光市"},{"code":"3211401","prefecture_code":9,"town":"上鉢石町","city_name":"日光市"},{"code":"3212802","prefecture_code":9,"town":"上三依","city_name":"日光市"},{"code":"3212524","prefecture_code":9,"town":"柄倉","city_name":"日光市"},{"code":"3212611","prefecture_code":9,"town":"川治温泉川治","city_name":"日光市"},{"code":"3212612","prefecture_code":9,"town":"川治温泉高原","city_name":"日光市"},{"code":"3212614","prefecture_code":9,"town":"川治温泉滝","city_name":"日光市"},{"code":"3212717","prefecture_code":9,"town":"川俣","city_name":"日光市"},{"code":"3212401","prefecture_code":9,"town":"川室","city_name":"日光市"},{"code":"3211273","prefecture_code":9,"town":"吉沢","city_name":"日光市"},{"code":"3212522","prefecture_code":9,"town":"鬼怒川温泉大原","city_name":"日光市"},{"code":"3212526","prefecture_code":9,"town":"鬼怒川温泉滝","city_name":"日光市"},{"code":"3211444","prefecture_code":9,"town":"清滝","city_name":"日光市"},{"code":"3211441","prefecture_code":9,"town":"清滝安良沢町","city_name":"日光市"},{"code":"3211443","prefecture_code":9,"town":"清滝桜ケ丘町","city_name":"日光市"},{"code":"3211448","prefecture_code":9,"town":"清滝新細尾町","city_name":"日光市"},{"code":"3211442","prefecture_code":9,"town":"清滝丹勢町","city_name":"日光市"},{"code":"3211446","prefecture_code":9,"town":"清滝中安戸町","city_name":"日光市"},{"code":"3211447","prefecture_code":9,"town":"清滝和の代町","city_name":"日光市"},{"code":"3212345","prefecture_code":9,"town":"木和田島","city_name":"日光市"},{"code":"3211436","prefecture_code":9,"town":"久次良町","city_name":"日光市"},{"code":"3212353","prefecture_code":9,"town":"沓掛","city_name":"日光市"},{"code":"3212412","prefecture_code":9,"town":"倉ケ崎","city_name":"日光市"},{"code":"3212413","prefecture_code":9,"town":"倉ケ崎新田","city_name":"日光市"},{"code":"3212421","prefecture_code":9,"town":"栗原","city_name":"日光市"},{"code":"3212713","prefecture_code":9,"town":"黒部","city_name":"日光市"},{"code":"3211106","prefecture_code":9,"town":"小倉","city_name":"日光市"},{"code":"3211404","prefecture_code":9,"town":"御幸町","city_name":"日光市"},{"code":"3212525","prefecture_code":9,"town":"小佐越","city_name":"日光市"},{"code":"3211107","prefecture_code":9,"town":"小代","city_name":"日光市"},{"code":"3212352","prefecture_code":9,"town":"小林","city_name":"日光市"},{"code":"3212426","prefecture_code":9,"town":"小百","city_name":"日光市"},{"code":"3212424","prefecture_code":9,"town":"小百","city_name":"日光市"},{"code":"3212425","prefecture_code":9,"town":"小百","city_name":"日光市"},{"code":"3211265","prefecture_code":9,"town":"小百","city_name":"日光市"},{"code":"3212427","prefecture_code":9,"town":"佐下部","city_name":"日光市"},{"code":"3212355","prefecture_code":9,"town":"沢又","city_name":"日光市"},{"code":"3211431","prefecture_code":9,"town":"山内","city_name":"日光市"},{"code":"3212351","prefecture_code":9,"town":"塩野室町","city_name":"日光市"},{"code":"3211423","prefecture_code":9,"town":"七里","city_name":"日光市"},{"code":"3211276","prefecture_code":9,"town":"下の内","city_name":"日光市"},{"code":"3211403","prefecture_code":9,"town":"下鉢石町","city_name":"日光市"},{"code":"3211263","prefecture_code":9,"town":"瀬川","city_name":"日光市"},{"code":"3211264","prefecture_code":9,"town":"瀬尾","city_name":"日光市"},{"code":"3212804","prefecture_code":9,"town":"芹沢","city_name":"日光市"},{"code":"3212405","prefecture_code":9,"town":"芹沼","city_name":"日光市"},{"code":"3211277","prefecture_code":9,"town":"千本木","city_name":"日光市"},{"code":"3212422","prefecture_code":9,"town":"高柴","city_name":"日光市"},{"code":"3212523","prefecture_code":9,"town":"高徳","city_name":"日光市"},{"code":"3212616","prefecture_code":9,"town":"高原","city_name":"日光市"},{"code":"3211356","prefecture_code":9,"town":"滝ケ原","city_name":"日光市"},{"code":"3211433","prefecture_code":9,"town":"匠町","city_name":"日光市"},{"code":"3211449","prefecture_code":9,"town":"丹勢","city_name":"日光市"},{"code":"3211266","prefecture_code":9,"town":"中央町","city_name":"日光市"},{"code":"3211661","prefecture_code":9,"town":"中宮祠","city_name":"日光市"},{"code":"3211103","prefecture_code":9,"town":"手岡","city_name":"日光市"},{"code":"3211412","prefecture_code":9,"town":"東和町","city_name":"日光市"},{"code":"3211421","prefecture_code":9,"town":"所野","city_name":"日光市"},{"code":"3211274","prefecture_code":9,"town":"土沢","city_name":"日光市"},{"code":"3212805","prefecture_code":9,"town":"独鈷沢","city_name":"日光市"},{"code":"3212404","prefecture_code":9,"town":"轟","city_name":"日光市"},{"code":"3212414","prefecture_code":9,"town":"豊田","city_name":"日光市"},{"code":"3212714","prefecture_code":9,"town":"土呂部","city_name":"日光市"},{"code":"3211354","prefecture_code":9,"town":"中小来川","city_name":"日光市"},{"code":"3211108","prefecture_code":9,"town":"長畑","city_name":"日光市"},{"code":"3211402","prefecture_code":9,"town":"中鉢石町","city_name":"日光市"},{"code":"3212803","prefecture_code":9,"town":"中三依","city_name":"日光市"},{"code":"3211271","prefecture_code":9,"town":"並木町","city_name":"日光市"},{"code":"3211355","prefecture_code":9,"town":"西小来川","city_name":"日光市"},{"code":"3212603","prefecture_code":9,"town":"西川","city_name":"日光市"},{"code":"3211415","prefecture_code":9,"town":"日光","city_name":"日光市"},{"code":"3212342","prefecture_code":9,"town":"根室","city_name":"日光市"},{"code":"3212716","prefecture_code":9,"town":"野門","city_name":"日光市"},{"code":"3211424","prefecture_code":9,"town":"野口","city_name":"日光市"},{"code":"3211435","prefecture_code":9,"town":"花石町","city_name":"日光市"},{"code":"3212423","prefecture_code":9,"town":"原宿","city_name":"日光市"},{"code":"3212331","prefecture_code":9,"town":"針貝","city_name":"日光市"},{"code":"3211414","prefecture_code":9,"town":"萩垣面","city_name":"日光市"},{"code":"3212712","prefecture_code":9,"town":"日蔭","city_name":"日光市"},{"code":"3211351","prefecture_code":9,"town":"東小来川","city_name":"日光市"},{"code":"3212602","prefecture_code":9,"town":"一ツ石","city_name":"日光市"},{"code":"3212711","prefecture_code":9,"town":"日向","city_name":"日光市"},{"code":"3211262","prefecture_code":9,"town":"平ケ崎","city_name":"日光市"},{"code":"3212613","prefecture_code":9,"town":"藤原","city_name":"日光市"},{"code":"3212521","prefecture_code":9,"town":"藤原","city_name":"日光市"},{"code":"3211105","prefecture_code":9,"town":"文挾町","city_name":"日光市"},{"code":"3211422","prefecture_code":9,"town":"宝殿","city_name":"日光市"},{"code":"3211445","prefecture_code":9,"town":"細尾町","city_name":"日光市"},{"code":"3211434","prefecture_code":9,"town":"本町","city_name":"日光市"},{"code":"3212403","prefecture_code":9,"town":"町谷","city_name":"日光市"},{"code":"3211406","prefecture_code":9,"town":"松原町","city_name":"日光市"},{"code":"3212334","prefecture_code":9,"town":"水無","city_name":"日光市"},{"code":"3211353","prefecture_code":9,"town":"南小来川","city_name":"日光市"},{"code":"3211352","prefecture_code":9,"town":"宮小来川","city_name":"日光市"},{"code":"3211101","prefecture_code":9,"town":"明神","city_name":"日光市"},{"code":"3211275","prefecture_code":9,"town":"室瀬","city_name":"日光市"},{"code":"3212335","prefecture_code":9,"town":"森友","city_name":"日光市"},{"code":"3211432","prefecture_code":9,"town":"安川町","city_name":"日光市"},{"code":"3212356","prefecture_code":9,"town":"矢野口","city_name":"日光市"},{"code":"3212343","prefecture_code":9,"town":"山口","city_name":"日光市"},{"code":"3211426","prefecture_code":9,"town":"山久保","city_name":"日光市"},{"code":"3212601","prefecture_code":9,"town":"湯西川","city_name":"日光市"},{"code":"3211662","prefecture_code":9,"town":"湯元","city_name":"日光市"},{"code":"3212801","prefecture_code":9,"town":"横川","city_name":"日光市"},{"code":"3211407","prefecture_code":9,"town":"若杉町","city_name":"日光市"},{"code":"3212718","prefecture_code":9,"town":"若間","city_name":"日光市"},{"code":"3214300","prefecture_code":9,"town":"","city_name":"真岡市"},{"code":"3214531","prefecture_code":9,"town":"青田","city_name":"真岡市"},{"code":"3214312","prefecture_code":9,"town":"青谷","city_name":"真岡市"},{"code":"3214401","prefecture_code":9,"town":"赤羽","city_name":"真岡市"},{"code":"3214512","prefecture_code":9,"town":"阿部岡","city_name":"真岡市"},{"code":"3214517","prefecture_code":9,"town":"阿部品","city_name":"真岡市"},{"code":"3214305","prefecture_code":9,"town":"荒町","city_name":"真岡市"},{"code":"3214405","prefecture_code":9,"town":"飯貝","city_name":"真岡市"},{"code":"3214546","prefecture_code":9,"town":"砂ケ原","city_name":"真岡市"},{"code":"3214507","prefecture_code":9,"town":"石島","city_name":"真岡市"},{"code":"3214342","prefecture_code":9,"town":"伊勢崎","city_name":"真岡市"},{"code":"3214356","prefecture_code":9,"town":"大沼","city_name":"真岡市"},{"code":"3214506","prefecture_code":9,"town":"大根田","city_name":"真岡市"},{"code":"3214332","prefecture_code":9,"town":"大谷新町","city_name":"真岡市"},{"code":"3214338","prefecture_code":9,"town":"大谷台町","city_name":"真岡市"},{"code":"3214333","prefecture_code":9,"town":"大谷本町","city_name":"真岡市"},{"code":"3214508","prefecture_code":9,"town":"大和田","city_name":"真岡市"},{"code":"3214505","prefecture_code":9,"town":"沖","city_name":"真岡市"},{"code":"3214347","prefecture_code":9,"town":"加倉","city_name":"真岡市"},{"code":"3214353","prefecture_code":9,"town":"粕田","city_name":"真岡市"},{"code":"3214366","prefecture_code":9,"town":"勝瓜","city_name":"真岡市"},{"code":"3214536","prefecture_code":9,"town":"上江連","city_name":"真岡市"},{"code":"3214542","prefecture_code":9,"town":"上大曽","city_name":"真岡市"},{"code":"3214411","prefecture_code":9,"town":"上大田和","city_name":"真岡市"},{"code":"3214355","prefecture_code":9,"town":"上大沼","city_name":"真岡市"},{"code":"3214337","prefecture_code":9,"town":"上高間木","city_name":"真岡市"},{"code":"3214416","prefecture_code":9,"town":"上鷺谷","city_name":"真岡市"},{"code":"3214541","prefecture_code":9,"town":"上谷貝","city_name":"真岡市"},{"code":"3214363","prefecture_code":9,"town":"亀山","city_name":"真岡市"},{"code":"3214344","prefecture_code":9,"town":"茅堤","city_name":"真岡市"},{"code":"3214367","prefecture_code":9,"town":"鬼怒ケ丘","city_name":"真岡市"},{"code":"3214316","prefecture_code":9,"town":"君島","city_name":"真岡市"},{"code":"3214406","prefecture_code":9,"town":"京泉","city_name":"真岡市"},{"code":"3214521","prefecture_code":9,"town":"久下田","city_name":"真岡市"},{"code":"3214522","prefecture_code":9,"town":"久下田西","city_name":"真岡市"},{"code":"3214369","prefecture_code":9,"town":"熊倉","city_name":"真岡市"},{"code":"3214362","prefecture_code":9,"town":"熊倉町","city_name":"真岡市"},{"code":"3214503","prefecture_code":9,"town":"桑ノ川","city_name":"真岡市"},{"code":"3214343","prefecture_code":9,"town":"小橋","city_name":"真岡市"},{"code":"3214321","prefecture_code":9,"town":"小林","city_name":"真岡市"},{"code":"3214535","prefecture_code":9,"town":"古山","city_name":"真岡市"},{"code":"3214534","prefecture_code":9,"town":"境","city_name":"真岡市"},{"code":"3214523","prefecture_code":9,"town":"さくら","city_name":"真岡市"},{"code":"3214315","prefecture_code":9,"town":"道祖土","city_name":"真岡市"},{"code":"3214504","prefecture_code":9,"town":"鹿","city_name":"真岡市"},{"code":"3214326","prefecture_code":9,"town":"島","city_name":"真岡市"},{"code":"3214402","prefecture_code":9,"town":"清水","city_name":"真岡市"},{"code":"3214543","prefecture_code":9,"town":"下大曽","city_name":"真岡市"},{"code":"3214413","prefecture_code":9,"town":"下大田和","city_name":"真岡市"},{"code":"3214357","prefecture_code":9,"town":"下大沼","city_name":"真岡市"},{"code":"3214335","prefecture_code":9,"town":"下高間木","city_name":"真岡市"},{"code":"3214415","prefecture_code":9,"town":"下籠谷","city_name":"真岡市"},{"code":"3214414","prefecture_code":9,"town":"下鷺谷","city_name":"真岡市"},{"code":"3214313","prefecture_code":9,"town":"須釜","city_name":"真岡市"},{"code":"3214515","prefecture_code":9,"town":"反町","city_name":"真岡市"},{"code":"3214545","prefecture_code":9,"town":"大道泉","city_name":"真岡市"},{"code":"3214306","prefecture_code":9,"town":"台町","city_name":"真岡市"},{"code":"3214341","prefecture_code":9,"town":"高勢町","city_name":"真岡市"},{"code":"3214511","prefecture_code":9,"town":"高田","city_name":"真岡市"},{"code":"3214404","prefecture_code":9,"town":"田島","city_name":"真岡市"},{"code":"3214325","prefecture_code":9,"town":"田町","city_name":"真岡市"},{"code":"3214302","prefecture_code":9,"town":"鶴田","city_name":"真岡市"},{"code":"3214345","prefecture_code":9,"town":"寺内","city_name":"真岡市"},{"code":"3214368","prefecture_code":9,"town":"寺久保","city_name":"真岡市"},{"code":"3214354","prefecture_code":9,"town":"寺分","city_name":"真岡市"},{"code":"3214309","prefecture_code":9,"town":"東光寺","city_name":"真岡市"},{"code":"3214351","prefecture_code":9,"town":"中","city_name":"真岡市"},{"code":"3214308","prefecture_code":9,"town":"中郷","city_name":"真岡市"},{"code":"3214532","prefecture_code":9,"town":"長島","city_name":"真岡市"},{"code":"3214364","prefecture_code":9,"town":"長田","city_name":"真岡市"},{"code":"3214539","prefecture_code":9,"town":"長沼","city_name":"真岡市"},{"code":"3214317","prefecture_code":9,"town":"中萩","city_name":"真岡市"},{"code":"3214361","prefecture_code":9,"town":"並木町","city_name":"真岡市"},{"code":"3214537","prefecture_code":9,"town":"西大島","city_name":"真岡市"},{"code":"3214336","prefecture_code":9,"town":"西高間木","city_name":"真岡市"},{"code":"3214307","prefecture_code":9,"town":"西郷","city_name":"真岡市"},{"code":"3214301","prefecture_code":9,"town":"西田井","city_name":"真岡市"},{"code":"3214324","prefecture_code":9,"town":"西沼","city_name":"真岡市"},{"code":"3214516","prefecture_code":9,"town":"根小屋","city_name":"真岡市"},{"code":"3214311","prefecture_code":9,"town":"根本","city_name":"真岡市"},{"code":"3214331","prefecture_code":9,"town":"白布ケ丘","city_name":"真岡市"},{"code":"3214303","prefecture_code":9,"town":"八條","city_name":"真岡市"},{"code":"3214403","prefecture_code":9,"town":"原町","city_name":"真岡市"},{"code":"3214322","prefecture_code":9,"town":"東大島","city_name":"真岡市"},{"code":"3214304","prefecture_code":9,"town":"東郷","city_name":"真岡市"},{"code":"3214323","prefecture_code":9,"town":"東沼","city_name":"真岡市"},{"code":"3214533","prefecture_code":9,"town":"程島","city_name":"真岡市"},{"code":"3214412","prefecture_code":9,"town":"堀内","city_name":"真岡市"},{"code":"3214544","prefecture_code":9,"town":"堀込","city_name":"真岡市"},{"code":"3214346","prefecture_code":9,"town":"松山町","city_name":"真岡市"},{"code":"3214514","prefecture_code":9,"town":"水戸部","city_name":"真岡市"},{"code":"3214314","prefecture_code":9,"town":"南高岡","city_name":"真岡市"},{"code":"3214513","prefecture_code":9,"town":"三谷","city_name":"真岡市"},{"code":"3214502","prefecture_code":9,"town":"物井","city_name":"真岡市"},{"code":"3214547","prefecture_code":9,"town":"谷貝新田","city_name":"真岡市"},{"code":"3214334","prefecture_code":9,"town":"八木岡","city_name":"真岡市"},{"code":"3214365","prefecture_code":9,"town":"柳林","city_name":"真岡市"},{"code":"3214501","prefecture_code":9,"town":"横田","city_name":"真岡市"},{"code":"3214551","prefecture_code":9,"town":"若旅","city_name":"真岡市"},{"code":"3214352","prefecture_code":9,"town":"若旅","city_name":"真岡市"},{"code":"3214538","prefecture_code":9,"town":"鷲巣","city_name":"真岡市"},{"code":"3210600","prefecture_code":9,"town":"","city_name":"那須烏山市"},{"code":"3210624","prefecture_code":9,"town":"旭","city_name":"那須烏山市"},{"code":"3210629","prefecture_code":9,"town":"愛宕台","city_name":"那須烏山市"},{"code":"3210521","prefecture_code":9,"town":"岩子","city_name":"那須烏山市"},{"code":"3210527","prefecture_code":9,"town":"宇井","city_name":"那須烏山市"},{"code":"3210522","prefecture_code":9,"town":"大金","city_name":"那須烏山市"},{"code":"3210613","prefecture_code":9,"town":"大木須","city_name":"那須烏山市"},{"code":"3210602","prefecture_code":9,"town":"大桶","city_name":"那須烏山市"},{"code":"3210516","prefecture_code":9,"town":"大里","city_name":"那須烏山市"},{"code":"3210612","prefecture_code":9,"town":"大沢","city_name":"那須烏山市"},{"code":"3210528","prefecture_code":9,"town":"小倉","city_name":"那須烏山市"},{"code":"3210636","prefecture_code":9,"town":"落合","city_name":"那須烏山市"},{"code":"3210623","prefecture_code":9,"town":"表","city_name":"那須烏山市"},{"code":"3210628","prefecture_code":9,"town":"金井","city_name":"那須烏山市"},{"code":"3210632","prefecture_code":9,"town":"神長","city_name":"那須烏山市"},{"code":"3210505","prefecture_code":9,"town":"上川井","city_name":"那須烏山市"},{"code":"3210617","prefecture_code":9,"town":"上境","city_name":"那須烏山市"},{"code":"3210611","prefecture_code":9,"town":"興野","city_name":"那須烏山市"},{"code":"3210502","prefecture_code":9,"town":"熊田","city_name":"那須烏山市"},{"code":"3210534","prefecture_code":9,"town":"鴻野山","city_name":"那須烏山市"},{"code":"3210511","prefecture_code":9,"town":"小河原","city_name":"那須烏山市"},{"code":"3210614","prefecture_code":9,"town":"小木須","city_name":"那須烏山市"},{"code":"3210535","prefecture_code":9,"town":"小白井","city_name":"那須烏山市"},{"code":"3210513","prefecture_code":9,"town":"小塙","city_name":"那須烏山市"},{"code":"3210615","prefecture_code":9,"town":"小原沢","city_name":"那須烏山市"},{"code":"3210531","prefecture_code":9,"town":"三箇","city_name":"那須烏山市"},{"code":"3210501","prefecture_code":9,"town":"志鳥","city_name":"那須烏山市"},{"code":"3210504","prefecture_code":9,"town":"下川井","city_name":"那須烏山市"},{"code":"3210616","prefecture_code":9,"town":"下境","city_name":"那須烏山市"},{"code":"3210622","prefecture_code":9,"town":"城東","city_name":"那須烏山市"},{"code":"3210601","prefecture_code":9,"town":"白久","city_name":"那須烏山市"},{"code":"3210631","prefecture_code":9,"town":"城山","city_name":"那須烏山市"},{"code":"3210523","prefecture_code":9,"town":"曲畑","city_name":"那須烏山市"},{"code":"3210512","prefecture_code":9,"town":"高瀬","city_name":"那須烏山市"},{"code":"3210633","prefecture_code":9,"town":"滝","city_name":"那須烏山市"},{"code":"3210605","prefecture_code":9,"town":"滝田","city_name":"那須烏山市"},{"code":"3210526","prefecture_code":9,"town":"田野倉","city_name":"那須烏山市"},{"code":"3210621","prefecture_code":9,"town":"中央","city_name":"那須烏山市"},{"code":"3210503","prefecture_code":9,"town":"月次","city_name":"那須烏山市"},{"code":"3210517","prefecture_code":9,"town":"東原","city_name":"那須烏山市"},{"code":"3210604","prefecture_code":9,"town":"中山","city_name":"那須烏山市"},{"code":"3210634","prefecture_code":9,"town":"野上","city_name":"那須烏山市"},{"code":"3210626","prefecture_code":9,"town":"初音","city_name":"那須烏山市"},{"code":"3210525","prefecture_code":9,"town":"福岡","city_name":"那須烏山市"},{"code":"3210532","prefecture_code":9,"town":"藤田","city_name":"那須烏山市"},{"code":"3210515","prefecture_code":9,"town":"曲田","city_name":"那須烏山市"},{"code":"3210627","prefecture_code":9,"town":"南","city_name":"那須烏山市"},{"code":"3210533","prefecture_code":9,"town":"南大和久","city_name":"那須烏山市"},{"code":"3210625","prefecture_code":9,"town":"宮原","city_name":"那須烏山市"},{"code":"3210635","prefecture_code":9,"town":"向田","city_name":"那須烏山市"},{"code":"3210514","prefecture_code":9,"town":"森田","city_name":"那須烏山市"},{"code":"3210603","prefecture_code":9,"town":"谷浅見","city_name":"那須烏山市"},{"code":"3210524","prefecture_code":9,"town":"八ケ代","city_name":"那須烏山市"},{"code":"3210618","prefecture_code":9,"town":"横枕","city_name":"那須烏山市"},{"code":"3214200","prefecture_code":9,"town":"","city_name":"芳賀郡益子町"},{"code":"3214102","prefecture_code":9,"town":"芦沼","city_name":"芳賀郡益子町"},{"code":"3214223","prefecture_code":9,"town":"梅ケ内","city_name":"芳賀郡益子町"},{"code":"3214221","prefecture_code":9,"town":"大郷戸","city_name":"芳賀郡益子町"},{"code":"3214104","prefecture_code":9,"town":"大沢","city_name":"芳賀郡益子町"},{"code":"3214103","prefecture_code":9,"town":"大平","city_name":"芳賀郡益子町"},{"code":"3214101","prefecture_code":9,"town":"小宅","city_name":"芳賀郡益子町"},{"code":"3214212","prefecture_code":9,"town":"上大羽","city_name":"芳賀郡益子町"},{"code":"3214226","prefecture_code":9,"town":"上山","city_name":"芳賀郡益子町"},{"code":"3214105","prefecture_code":9,"town":"北中","city_name":"芳賀郡益子町"},{"code":"3214222","prefecture_code":9,"town":"小泉","city_name":"芳賀郡益子町"},{"code":"3214211","prefecture_code":9,"town":"下大羽","city_name":"芳賀郡益子町"},{"code":"3214218","prefecture_code":9,"town":"城内坂","city_name":"芳賀郡益子町"},{"code":"3214225","prefecture_code":9,"town":"長堤","city_name":"芳賀郡益子町"},{"code":"3214106","prefecture_code":9,"town":"七井","city_name":"芳賀郡益子町"},{"code":"3214107","prefecture_code":9,"town":"七井中央","city_name":"芳賀郡益子町"},{"code":"3214215","prefecture_code":9,"town":"生田目","city_name":"芳賀郡益子町"},{"code":"3214216","prefecture_code":9,"town":"塙","city_name":"芳賀郡益子町"},{"code":"3214227","prefecture_code":9,"town":"東田井","city_name":"芳賀郡益子町"},{"code":"3214214","prefecture_code":9,"town":"前沢","city_name":"芳賀郡益子町"},{"code":"3214217","prefecture_code":9,"town":"益子","city_name":"芳賀郡益子町"},{"code":"3214224","prefecture_code":9,"town":"本沼","city_name":"芳賀郡益子町"},{"code":"3214213","prefecture_code":9,"town":"山本","city_name":"芳賀郡益子町"},{"code":"3213500","prefecture_code":9,"town":"","city_name":"芳賀郡茂木町"},{"code":"3213535","prefecture_code":9,"town":"鮎田","city_name":"芳賀郡茂木町"},{"code":"3213621","prefecture_code":9,"town":"天子","city_name":"芳賀郡茂木町"},{"code":"3213626","prefecture_code":9,"town":"飯","city_name":"芳賀郡茂木町"},{"code":"3213702","prefecture_code":9,"town":"飯野","city_name":"芳賀郡茂木町"},{"code":"3213705","prefecture_code":9,"town":"入郷","city_name":"芳賀郡茂木町"},{"code":"3213541","prefecture_code":9,"town":"烏生田","city_name":"芳賀郡茂木町"},{"code":"3213561","prefecture_code":9,"town":"後郷","city_name":"芳賀郡茂木町"},{"code":"3213534","prefecture_code":9,"town":"青梅","city_name":"芳賀郡茂木町"},{"code":"3213554","prefecture_code":9,"town":"大瀬","city_name":"芳賀郡茂木町"},{"code":"3213553","prefecture_code":9,"town":"大畑","city_name":"芳賀郡茂木町"},{"code":"3213627","prefecture_code":9,"town":"小貫","city_name":"芳賀郡茂木町"},{"code":"3213707","prefecture_code":9,"town":"小深","city_name":"芳賀郡茂木町"},{"code":"3213624","prefecture_code":9,"town":"小山","city_name":"芳賀郡茂木町"},{"code":"3213536","prefecture_code":9,"town":"神井","city_name":"芳賀郡茂木町"},{"code":"3213543","prefecture_code":9,"town":"上後郷","city_name":"芳賀郡茂木町"},{"code":"3213546","prefecture_code":9,"town":"上菅又","city_name":"芳賀郡茂木町"},{"code":"3213703","prefecture_code":9,"town":"河井","city_name":"芳賀郡茂木町"},{"code":"3213706","prefecture_code":9,"town":"河又","city_name":"芳賀郡茂木町"},{"code":"3213622","prefecture_code":9,"town":"北高岡","city_name":"芳賀郡茂木町"},{"code":"3213623","prefecture_code":9,"town":"木幡","city_name":"芳賀郡茂木町"},{"code":"3213557","prefecture_code":9,"town":"黒田","city_name":"芳賀郡茂木町"},{"code":"3213566","prefecture_code":9,"town":"小井戸","city_name":"芳賀郡茂木町"},{"code":"3213544","prefecture_code":9,"town":"坂井","city_name":"芳賀郡茂木町"},{"code":"3213542","prefecture_code":9,"town":"九石","city_name":"芳賀郡茂木町"},{"code":"3213565","prefecture_code":9,"town":"塩田","city_name":"芳賀郡茂木町"},{"code":"3213545","prefecture_code":9,"town":"下菅又","city_name":"芳賀郡茂木町"},{"code":"3213547","prefecture_code":9,"town":"千本","city_name":"芳賀郡茂木町"},{"code":"3213552","prefecture_code":9,"town":"竹原","city_name":"芳賀郡茂木町"},{"code":"3213555","prefecture_code":9,"town":"所草","city_name":"芳賀郡茂木町"},{"code":"3213551","prefecture_code":9,"town":"生井","city_name":"芳賀郡茂木町"},{"code":"3213563","prefecture_code":9,"town":"林","city_name":"芳賀郡茂木町"},{"code":"3213533","prefecture_code":9,"town":"桧山","city_name":"芳賀郡茂木町"},{"code":"3213628","prefecture_code":9,"town":"深沢","city_name":"芳賀郡茂木町"},{"code":"3213625","prefecture_code":9,"town":"福手","city_name":"芳賀郡茂木町"},{"code":"3213562","prefecture_code":9,"town":"馬門","city_name":"芳賀郡茂木町"},{"code":"3213704","prefecture_code":9,"town":"牧野","city_name":"芳賀郡茂木町"},{"code":"3213564","prefecture_code":9,"town":"増井","city_name":"芳賀郡茂木町"},{"code":"3213556","prefecture_code":9,"town":"町田","city_name":"芳賀郡茂木町"},{"code":"3213532","prefecture_code":9,"town":"三坂","city_name":"芳賀郡茂木町"},{"code":"3213531","prefecture_code":9,"town":"茂木","city_name":"芳賀郡茂木町"},{"code":"3213701","prefecture_code":9,"town":"山内","city_name":"芳賀郡茂木町"},{"code":"3213400","prefecture_code":9,"town":"","city_name":"芳賀郡市貝町"},{"code":"3213426","prefecture_code":9,"town":"赤羽","city_name":"芳賀郡市貝町"},{"code":"3213422","prefecture_code":9,"town":"石下","city_name":"芳賀郡市貝町"},{"code":"3213423","prefecture_code":9,"town":"市塙","city_name":"芳賀郡市貝町"},{"code":"3213405","prefecture_code":9,"town":"大谷津","city_name":"芳賀郡市貝町"},{"code":"3213424","prefecture_code":9,"town":"上根","city_name":"芳賀郡市貝町"},{"code":"3213411","prefecture_code":9,"town":"刈生田","city_name":"芳賀郡市貝町"},{"code":"3213421","prefecture_code":9,"town":"笹原田","city_name":"芳賀郡市貝町"},{"code":"3213406","prefecture_code":9,"town":"塩田","city_name":"芳賀郡市貝町"},{"code":"3213414","prefecture_code":9,"town":"椎谷","city_name":"芳賀郡市貝町"},{"code":"3213415","prefecture_code":9,"town":"杉山","city_name":"芳賀郡市貝町"},{"code":"3213401","prefecture_code":9,"town":"竹内","city_name":"芳賀郡市貝町"},{"code":"3213425","prefecture_code":9,"town":"多田羅","city_name":"芳賀郡市貝町"},{"code":"3213412","prefecture_code":9,"town":"田野辺","city_name":"芳賀郡市貝町"},{"code":"3213404","prefecture_code":9,"town":"続谷","city_name":"芳賀郡市貝町"},{"code":"3213403","prefecture_code":9,"town":"羽仏","city_name":"芳賀郡市貝町"},{"code":"3213413","prefecture_code":9,"town":"文谷","city_name":"芳賀郡市貝町"},{"code":"3213402","prefecture_code":9,"town":"見上","city_name":"芳賀郡市貝町"},{"code":"3213300","prefecture_code":9,"town":"","city_name":"芳賀郡芳賀町"},{"code":"3213303","prefecture_code":9,"town":"稲毛田","city_name":"芳賀郡芳賀町"},{"code":"3213314","prefecture_code":9,"town":"打越新田","city_name":"芳賀郡芳賀町"},{"code":"3213304","prefecture_code":9,"town":"祖母井","city_name":"芳賀郡芳賀町"},{"code":"3213307","prefecture_code":9,"town":"祖母井南","city_name":"芳賀郡芳賀町"},{"code":"3213302","prefecture_code":9,"town":"上稲毛田","city_name":"芳賀郡芳賀町"},{"code":"3213311","prefecture_code":9,"town":"上延生","city_name":"芳賀郡芳賀町"},{"code":"3213323","prefecture_code":9,"town":"北長島","city_name":"芳賀郡芳賀町"},{"code":"3213301","prefecture_code":9,"town":"給部","city_name":"芳賀郡芳賀町"},{"code":"3213321","prefecture_code":9,"town":"下高根沢","city_name":"芳賀郡芳賀町"},{"code":"3213312","prefecture_code":9,"town":"下延生","city_name":"芳賀郡芳賀町"},{"code":"3213315","prefecture_code":9,"town":"西高橋","city_name":"芳賀郡芳賀町"},{"code":"3213324","prefecture_code":9,"town":"西水沼","city_name":"芳賀郡芳賀町"},{"code":"3213325","prefecture_code":9,"town":"芳賀台","city_name":"芳賀郡芳賀町"},{"code":"3213313","prefecture_code":9,"town":"東高橋","city_name":"芳賀郡芳賀町"},{"code":"3213322","prefecture_code":9,"town":"東水沼","city_name":"芳賀郡芳賀町"},{"code":"3213305","prefecture_code":9,"town":"芳志戸","city_name":"芳賀郡芳賀町"},{"code":"3213306","prefecture_code":9,"town":"八ツ木","city_name":"芳賀郡芳賀町"},{"code":"3213316","prefecture_code":9,"town":"与能","city_name":"芳賀郡芳賀町"},{"code":"3210200","prefecture_code":9,"town":"","city_name":"下都賀郡壬生町"},{"code":"3210206","prefecture_code":9,"town":"あけぼの町","city_name":"下都賀郡壬生町"},{"code":"3210213","prefecture_code":9,"town":"いずみ町","city_name":"下都賀郡壬生町"},{"code":"3210222","prefecture_code":9,"town":"駅東町","city_name":"下都賀郡壬生町"},{"code":"3210218","prefecture_code":9,"town":"落合","city_name":"下都賀郡壬生町"},{"code":"3210202","prefecture_code":9,"town":"おもちゃのまち","city_name":"下都賀郡壬生町"},{"code":"3210224","prefecture_code":9,"town":"表町","city_name":"下都賀郡壬生町"},{"code":"3210236","prefecture_code":9,"town":"上稲葉","city_name":"下都賀郡壬生町"},{"code":"3210231","prefecture_code":9,"town":"上田","city_name":"下都賀郡壬生町"},{"code":"3210207","prefecture_code":9,"town":"北小林","city_name":"下都賀郡壬生町"},{"code":"3210211","prefecture_code":9,"town":"国谷","city_name":"下都賀郡壬生町"},{"code":"3210212","prefecture_code":9,"town":"寿町","city_name":"下都賀郡壬生町"},{"code":"3210203","prefecture_code":9,"town":"幸町","city_name":"下都賀郡壬生町"},{"code":"3210217","prefecture_code":9,"town":"至宝","city_name":"下都賀郡壬生町"},{"code":"3210237","prefecture_code":9,"town":"下稲葉","city_name":"下都賀郡壬生町"},{"code":"3210233","prefecture_code":9,"town":"助谷","city_name":"下都賀郡壬生町"},{"code":"3210228","prefecture_code":9,"town":"大師町","city_name":"下都賀郡壬生町"},{"code":"3210226","prefecture_code":9,"town":"中央町","city_name":"下都賀郡壬生町"},{"code":"3210227","prefecture_code":9,"town":"通町","city_name":"下都賀郡壬生町"},{"code":"3210232","prefecture_code":9,"town":"中泉","city_name":"下都賀郡壬生町"},{"code":"3210235","prefecture_code":9,"town":"七ツ石","city_name":"下都賀郡壬生町"},{"code":"3210234","prefecture_code":9,"town":"羽生田","city_name":"下都賀郡壬生町"},{"code":"3210219","prefecture_code":9,"town":"福和田","city_name":"下都賀郡壬生町"},{"code":"3210221","prefecture_code":9,"town":"藤井","city_name":"下都賀郡壬生町"},{"code":"3210225","prefecture_code":9,"town":"本丸","city_name":"下都賀郡壬生町"},{"code":"3210204","prefecture_code":9,"town":"緑町","city_name":"下都賀郡壬生町"},{"code":"3210214","prefecture_code":9,"town":"壬生甲","city_name":"下都賀郡壬生町"},{"code":"3210215","prefecture_code":9,"town":"壬生乙","city_name":"下都賀郡壬生町"},{"code":"3210216","prefecture_code":9,"town":"壬生丁","city_name":"下都賀郡壬生町"},{"code":"3210238","prefecture_code":9,"town":"みぶ羽生田産業団地","city_name":"下都賀郡壬生町"},{"code":"3210223","prefecture_code":9,"town":"元町","city_name":"下都賀郡壬生町"},{"code":"3210201","prefecture_code":9,"town":"安塚","city_name":"下都賀郡壬生町"},{"code":"3210205","prefecture_code":9,"town":"若草町","city_name":"下都賀郡壬生町"},{"code":"3212501","prefecture_code":9,"town":"上寺島","city_name":"塩谷郡塩谷町"}]
