[{"code":"3291113","prefecture_code":9,"town":"相野沢町","city_name":"宇都宮市"},{"code":"3291117","prefecture_code":9,"town":"叶谷町","city_name":"宇都宮市"},{"code":"3291106","prefecture_code":9,"town":"上大塚町","city_name":"宇都宮市"},{"code":"3291112","prefecture_code":9,"town":"上田原町","city_name":"宇都宮市"},{"code":"3291111","prefecture_code":9,"town":"逆面町","city_name":"宇都宮市"},{"code":"3291101","prefecture_code":9,"town":"下ケ橋町","city_name":"宇都宮市"},{"code":"3291104","prefecture_code":9,"town":"下岡本町","city_name":"宇都宮市"},{"code":"3291115","prefecture_code":9,"town":"下田原町","city_name":"宇都宮市"},{"code":"3291102","prefecture_code":9,"town":"白沢町","city_name":"宇都宮市"},{"code":"3291114","prefecture_code":9,"town":"宝井町","city_name":"宇都宮市"},{"code":"3291105","prefecture_code":9,"town":"中岡本町","city_name":"宇都宮市"},{"code":"3291107","prefecture_code":9,"town":"長峰町","city_name":"宇都宮市"},{"code":"3291103","prefecture_code":9,"town":"東岡本町","city_name":"宇都宮市"},{"code":"3291108","prefecture_code":9,"town":"古田町","city_name":"宇都宮市"},{"code":"3291116","prefecture_code":9,"town":"立伏町","city_name":"宇都宮市"},{"code":"3294212","prefecture_code":9,"town":"稲岡町","city_name":"足利市"},{"code":"3294215","prefecture_code":9,"town":"奥戸町","city_name":"足利市"},{"code":"3294217","prefecture_code":9,"town":"駒場町","city_name":"足利市"},{"code":"3294214","prefecture_code":9,"town":"多田木町","city_name":"足利市"},{"code":"3294213","prefecture_code":9,"town":"寺岡町","city_name":"足利市"},{"code":"3294211","prefecture_code":9,"town":"西場町","city_name":"足利市"},{"code":"3294216","prefecture_code":9,"town":"迫間町","city_name":"足利市"},{"code":"3294302","prefecture_code":9,"town":"岩舟町五十畑","city_name":"栃木市"},{"code":"3294303","prefecture_code":9,"town":"岩舟町和泉","city_name":"栃木市"},{"code":"3294314","prefecture_code":9,"town":"岩舟町小野寺","city_name":"栃木市"},{"code":"3294313","prefecture_code":9,"town":"岩舟町上岡","city_name":"栃木市"},{"code":"3294307","prefecture_code":9,"town":"岩舟町静","city_name":"栃木市"},{"code":"3294305","prefecture_code":9,"town":"岩舟町静戸","city_name":"栃木市"},{"code":"3294304","prefecture_code":9,"town":"岩舟町静和","city_name":"栃木市"},{"code":"3294312","prefecture_code":9,"town":"岩舟町下岡","city_name":"栃木市"},{"code":"3294308","prefecture_code":9,"town":"岩舟町下津原","city_name":"栃木市"},{"code":"3294309","prefecture_code":9,"town":"岩舟町畳岡","city_name":"栃木市"},{"code":"3294316","prefecture_code":9,"town":"岩舟町新里","city_name":"栃木市"},{"code":"3294311","prefecture_code":9,"town":"岩舟町古江","city_name":"栃木市"},{"code":"3294306","prefecture_code":9,"town":"岩舟町曲ケ島","city_name":"栃木市"},{"code":"3294315","prefecture_code":9,"town":"岩舟町三谷","city_name":"栃木市"},{"code":"3294301","prefecture_code":9,"town":"岩舟町鷲巣","city_name":"栃木市"},{"code":"3294425","prefecture_code":9,"town":"大平町新","city_name":"栃木市"},{"code":"3294401","prefecture_code":9,"town":"大平町牛久","city_name":"栃木市"},{"code":"3294422","prefecture_code":9,"town":"大平町榎本","city_name":"栃木市"},{"code":"3294413","prefecture_code":9,"town":"大平町上高島","city_name":"栃木市"},{"code":"3294407","prefecture_code":9,"town":"大平町川連","city_name":"栃木市"},{"code":"3294412","prefecture_code":9,"town":"大平町北武井","city_name":"栃木市"},{"code":"3294403","prefecture_code":9,"town":"大平町蔵井","city_name":"栃木市"},{"code":"3294414","prefecture_code":9,"town":"大平町下高島","city_name":"栃木市"},{"code":"3294406","prefecture_code":9,"town":"大平町下皆川","city_name":"栃木市"},{"code":"3294404","prefecture_code":9,"town":"大平町富田","city_name":"栃木市"},{"code":"3294402","prefecture_code":9,"town":"大平町土与","city_name":"栃木市"},{"code":"3294421","prefecture_code":9,"town":"大平町西野田","city_name":"栃木市"},{"code":"3294423","prefecture_code":9,"town":"大平町西水代","city_name":"栃木市"},{"code":"3294405","prefecture_code":9,"town":"大平町西山田","city_name":"栃木市"},{"code":"3294424","prefecture_code":9,"town":"大平町伯仲","city_name":"栃木市"},{"code":"3294415","prefecture_code":9,"town":"大平町真弓","city_name":"栃木市"},{"code":"3294411","prefecture_code":9,"town":"大平町横堀","city_name":"栃木市"},{"code":"3290316","prefecture_code":9,"town":"藤岡町石川","city_name":"栃木市"},{"code":"3290317","prefecture_code":9,"town":"藤岡町帯刀","city_name":"栃木市"},{"code":"3290311","prefecture_code":9,"town":"藤岡町富吉","city_name":"栃木市"},{"code":"3290319","prefecture_code":9,"town":"藤岡町中根","city_name":"栃木市"},{"code":"3290318","prefecture_code":9,"town":"藤岡町西前原","city_name":"栃木市"},{"code":"3290314","prefecture_code":9,"town":"藤岡町新波","city_name":"栃木市"},{"code":"3290312","prefecture_code":9,"town":"藤岡町蛭沼","city_name":"栃木市"},{"code":"3290315","prefecture_code":9,"town":"藤岡町部屋","city_name":"栃木市"},{"code":"3290313","prefecture_code":9,"town":"藤岡町緑川","city_name":"栃木市"},{"code":"3290211","prefecture_code":9,"town":"暁","city_name":"小山市"},{"code":"3290215","prefecture_code":9,"town":"網戸","city_name":"小山市"},{"code":"3290201","prefecture_code":9,"town":"粟宮","city_name":"小山市"},{"code":"3290207","prefecture_code":9,"town":"美しが丘","city_name":"小山市"},{"code":"3290228","prefecture_code":9,"town":"押切","city_name":"小山市"},{"code":"3290214","prefecture_code":9,"town":"乙女","city_name":"小山市"},{"code":"3290229","prefecture_code":9,"town":"鏡","city_name":"小山市"},{"code":"3290222","prefecture_code":9,"town":"上生井","city_name":"小山市"},{"code":"3290221","prefecture_code":9,"town":"生良","city_name":"小山市"},{"code":"3290226","prefecture_code":9,"town":"寒川","city_name":"小山市"},{"code":"3290223","prefecture_code":9,"town":"下生井","city_name":"小山市"},{"code":"3290224","prefecture_code":9,"town":"白鳥","city_name":"小山市"},{"code":"3290202","prefecture_code":9,"town":"千駄塚","city_name":"小山市"},{"code":"3290227","prefecture_code":9,"town":"中里","city_name":"小山市"},{"code":"3290216","prefecture_code":9,"town":"楢木","city_name":"小山市"},{"code":"3290203","prefecture_code":9,"town":"西黒田","city_name":"小山市"},{"code":"3290225","prefecture_code":9,"town":"迫間田","city_name":"小山市"},{"code":"3290204","prefecture_code":9,"town":"東黒田","city_name":"小山市"},{"code":"3290206","prefecture_code":9,"town":"東間々田","city_name":"小山市"},{"code":"3290212","prefecture_code":9,"town":"平和","city_name":"小山市"},{"code":"3290205","prefecture_code":9,"town":"間々田","city_name":"小山市"},{"code":"3290213","prefecture_code":9,"town":"南飯田","city_name":"小山市"},{"code":"3290217","prefecture_code":9,"town":"南乙女","city_name":"小山市"},{"code":"3292100","prefecture_code":9,"town":"","city_name":"矢板市"},{"code":"3292136","prefecture_code":9,"town":"東町","city_name":"矢板市"},{"code":"3292121","prefecture_code":9,"town":"荒井","city_name":"矢板市"},{"code":"3291572","prefecture_code":9,"town":"安沢","city_name":"矢板市"},{"code":"3291576","prefecture_code":9,"town":"石関","city_name":"矢板市"},{"code":"3292504","prefecture_code":9,"town":"泉","city_name":"矢板市"},{"code":"3292161","prefecture_code":9,"town":"扇町","city_name":"矢板市"},{"code":"3291575","prefecture_code":9,"town":"大槻","city_name":"矢板市"},{"code":"3291574","prefecture_code":9,"town":"乙畑","city_name":"矢板市"},{"code":"3292163","prefecture_code":9,"town":"鹿島町","city_name":"矢板市"},{"code":"3291571","prefecture_code":9,"town":"片岡","city_name":"矢板市"},{"code":"3292155","prefecture_code":9,"town":"片俣","city_name":"矢板市"},{"code":"3292501","prefecture_code":9,"town":"上伊佐野","city_name":"矢板市"},{"code":"3292513","prefecture_code":9,"town":"上太田","city_name":"矢板市"},{"code":"3292123","prefecture_code":9,"town":"上町","city_name":"矢板市"},{"code":"3292144","prefecture_code":9,"town":"川崎反町","city_name":"矢板市"},{"code":"3292142","prefecture_code":9,"town":"木幡","city_name":"矢板市"},{"code":"3292154","prefecture_code":9,"town":"倉掛","city_name":"矢板市"},{"code":"3292151","prefecture_code":9,"town":"幸岡","city_name":"矢板市"},{"code":"3291573","prefecture_code":9,"town":"越畑","city_name":"矢板市"},{"code":"3291579","prefecture_code":9,"town":"こぶし台","city_name":"矢板市"},{"code":"3292143","prefecture_code":9,"town":"境林","city_name":"矢板市"},{"code":"3292132","prefecture_code":9,"town":"沢","city_name":"矢板市"},{"code":"3292156","prefecture_code":9,"town":"塩田","city_name":"矢板市"},{"code":"3292502","prefecture_code":9,"town":"下伊佐野","city_name":"矢板市"},{"code":"3292124","prefecture_code":9,"town":"下太田","city_name":"矢板市"},{"code":"3292162","prefecture_code":9,"town":"末広町","city_name":"矢板市"},{"code":"3292153","prefecture_code":9,"town":"高塩","city_name":"矢板市"},{"code":"3292505","prefecture_code":9,"town":"立足","city_name":"矢板市"},{"code":"3292152","prefecture_code":9,"town":"館ノ川","city_name":"矢板市"},{"code":"3292503","prefecture_code":9,"town":"田野原","city_name":"矢板市"},{"code":"3291577","prefecture_code":9,"town":"玉田","city_name":"矢板市"},{"code":"3292131","prefecture_code":9,"town":"土屋","city_name":"矢板市"},{"code":"3292145","prefecture_code":9,"town":"富田","city_name":"矢板市"},{"code":"3292133","prefecture_code":9,"town":"豊田","city_name":"矢板市"},{"code":"3292135","prefecture_code":9,"town":"中","city_name":"矢板市"},{"code":"3292514","prefecture_code":9,"town":"長井","city_name":"矢板市"},{"code":"3292134","prefecture_code":9,"town":"成田","city_name":"矢板市"},{"code":"3292141","prefecture_code":9,"town":"早川町","city_name":"矢板市"},{"code":"3292122","prefecture_code":9,"town":"針生","city_name":"矢板市"},{"code":"3292512","prefecture_code":9,"town":"東泉","city_name":"矢板市"},{"code":"3292506","prefecture_code":9,"town":"平野","city_name":"矢板市"},{"code":"3292164","prefecture_code":9,"town":"本町","city_name":"矢板市"},{"code":"3292165","prefecture_code":9,"town":"矢板","city_name":"矢板市"},{"code":"3292511","prefecture_code":9,"town":"山田","city_name":"矢板市"},{"code":"3291578","prefecture_code":9,"town":"山苗代","city_name":"矢板市"},{"code":"3292721","prefecture_code":9,"town":"東町","city_name":"那須塩原市"},{"code":"3292725","prefecture_code":9,"town":"あたご町","city_name":"那須塩原市"},{"code":"3292763","prefecture_code":9,"town":"井口","city_name":"那須塩原市"},{"code":"3292711","prefecture_code":9,"town":"石林","city_name":"那須塩原市"},{"code":"3292732","prefecture_code":9,"town":"一区町","city_name":"那須塩原市"},{"code":"3292816","prefecture_code":9,"town":"宇都野","city_name":"那須塩原市"},{"code":"3292726","prefecture_code":9,"town":"扇町","city_name":"那須塩原市"},{"code":"3293153","prefecture_code":9,"town":"大原間","city_name":"那須塩原市"},{"code":"3293157","prefecture_code":9,"town":"大原間西","city_name":"那須塩原市"},{"code":"3292803","prefecture_code":9,"town":"遅野沢","city_name":"那須塩原市"},{"code":"3292804","prefecture_code":9,"town":"折戸","city_name":"那須塩原市"},{"code":"3292812","prefecture_code":9,"town":"金沢","city_name":"那須塩原市"},{"code":"3293121","prefecture_code":9,"town":"鹿野崎","city_name":"那須塩原市"},{"code":"3292748","prefecture_code":9,"town":"上赤田","city_name":"那須塩原市"},{"code":"3293134","prefecture_code":9,"town":"上大塚新田","city_name":"那須塩原市"},{"code":"3292814","prefecture_code":9,"town":"上大貫","city_name":"那須塩原市"},{"code":"3293127","prefecture_code":9,"town":"上郷屋","city_name":"那須塩原市"},{"code":"3292923","prefecture_code":9,"town":"上塩原","city_name":"那須塩原市"},{"code":"3293154","prefecture_code":9,"town":"上中野","city_name":"那須塩原市"},{"code":"3292805","prefecture_code":9,"town":"上横林","city_name":"那須塩原市"},{"code":"3293131","prefecture_code":9,"town":"唐杉","city_name":"那須塩原市"},{"code":"3293145","prefecture_code":9,"town":"木曾畑中","city_name":"那須塩原市"},{"code":"3292741","prefecture_code":9,"town":"北赤田","city_name":"那須塩原市"},{"code":"3292734","prefecture_code":9,"town":"北二つ室","city_name":"那須塩原市"},{"code":"3293132","prefecture_code":9,"town":"北弥六","city_name":"那須塩原市"},{"code":"3293151","prefecture_code":9,"town":"北和田","city_name":"那須塩原市"},{"code":"3293133","prefecture_code":9,"town":"沓掛","city_name":"那須塩原市"},{"code":"3292753","prefecture_code":9,"town":"五軒町","city_name":"那須塩原市"},{"code":"3293155","prefecture_code":9,"town":"笹沼","city_name":"那須塩原市"},{"code":"3293142","prefecture_code":9,"town":"佐野","city_name":"那須塩原市"},{"code":"3292745","prefecture_code":9,"town":"三区町","city_name":"那須塩原市"},{"code":"3293143","prefecture_code":9,"town":"三本木","city_name":"那須塩原市"},{"code":"3293122","prefecture_code":9,"town":"塩野崎","city_name":"那須塩原市"},{"code":"3293123","prefecture_code":9,"town":"塩野崎新田","city_name":"那須塩原市"},{"code":"3292921","prefecture_code":9,"town":"塩原","city_name":"那須塩原市"},{"code":"3293152","prefecture_code":9,"town":"島方","city_name":"那須塩原市"},{"code":"3292815","prefecture_code":9,"town":"下大貫","city_name":"那須塩原市"},{"code":"3292811","prefecture_code":9,"town":"下田野","city_name":"那須塩原市"},{"code":"3292712","prefecture_code":9,"town":"下永田","city_name":"那須塩原市"},{"code":"3293146","prefecture_code":9,"town":"下中野","city_name":"那須塩原市"},{"code":"3292704","prefecture_code":9,"town":"新南","city_name":"那須塩原市"},{"code":"3292701","prefecture_code":9,"town":"関根","city_name":"那須塩原市"},{"code":"3292801","prefecture_code":9,"town":"関谷","city_name":"那須塩原市"},{"code":"3292747","prefecture_code":9,"town":"千本松","city_name":"那須塩原市"},{"code":"3292813","prefecture_code":9,"town":"高阿津","city_name":"那須塩原市"},{"code":"3292707","prefecture_code":9,"town":"高柳","city_name":"那須塩原市"},{"code":"3292735","prefecture_code":9,"town":"太夫塚","city_name":"那須塩原市"},{"code":"3292703","prefecture_code":9,"town":"槻沢","city_name":"那須塩原市"},{"code":"3293126","prefecture_code":9,"town":"中内","city_name":"那須塩原市"},{"code":"3292924","prefecture_code":9,"town":"中塩原","city_name":"那須塩原市"},{"code":"3292727","prefecture_code":9,"town":"永田町","city_name":"那須塩原市"},{"code":"3292733","prefecture_code":9,"town":"二区町","city_name":"那須塩原市"},{"code":"3292744","prefecture_code":9,"town":"西赤田","city_name":"那須塩原市"},{"code":"3292722","prefecture_code":9,"town":"西朝日町","city_name":"那須塩原市"},{"code":"3292764","prefecture_code":9,"town":"西遅沢","city_name":"那須塩原市"},{"code":"3292724","prefecture_code":9,"town":"西幸町","city_name":"那須塩原市"},{"code":"3292728","prefecture_code":9,"town":"西栄町","city_name":"那須塩原市"},{"code":"3292762","prefecture_code":9,"town":"西富山","city_name":"那須塩原市"},{"code":"3292755","prefecture_code":9,"town":"西原町","city_name":"那須塩原市"},{"code":"3292756","prefecture_code":9,"town":"西三島","city_name":"那須塩原市"},{"code":"3292754","prefecture_code":9,"town":"西大和","city_name":"那須塩原市"},{"code":"3292807","prefecture_code":9,"town":"接骨木","city_name":"那須塩原市"},{"code":"3293144","prefecture_code":9,"town":"沼野田和","city_name":"那須塩原市"},{"code":"3293124","prefecture_code":9,"town":"波立","city_name":"那須塩原市"},{"code":"3292742","prefecture_code":9,"town":"東赤田","city_name":"那須塩原市"},{"code":"3292761","prefecture_code":9,"town":"東遅沢","city_name":"那須塩原市"},{"code":"3293147","prefecture_code":9,"town":"東小屋","city_name":"那須塩原市"},{"code":"3292702","prefecture_code":9,"town":"東関根","city_name":"那須塩原市"},{"code":"3292751","prefecture_code":9,"town":"東三島","city_name":"那須塩原市"},{"code":"3292802","prefecture_code":9,"town":"蟇沼","city_name":"那須塩原市"},{"code":"3292731","prefecture_code":9,"town":"二つ室","city_name":"那須塩原市"},{"code":"3293156","prefecture_code":9,"town":"方京","city_name":"那須塩原市"},{"code":"3293135","prefecture_code":9,"town":"前弥六","city_name":"那須塩原市"},{"code":"3293136","prefecture_code":9,"town":"前弥六南町","city_name":"那須塩原市"},{"code":"3292752","prefecture_code":9,"town":"三島","city_name":"那須塩原市"},{"code":"3292713","prefecture_code":9,"town":"緑","city_name":"那須塩原市"},{"code":"3292743","prefecture_code":9,"town":"南赤田","city_name":"那須塩原市"},{"code":"3292705","prefecture_code":9,"town":"南郷屋","city_name":"那須塩原市"},{"code":"3292723","prefecture_code":9,"town":"南町","city_name":"那須塩原市"},{"code":"3293125","prefecture_code":9,"town":"無栗屋","city_name":"那須塩原市"},{"code":"3292706","prefecture_code":9,"town":"睦","city_name":"那須塩原市"},{"code":"3293141","prefecture_code":9,"town":"山中新田","city_name":"那須塩原市"},{"code":"3292922","prefecture_code":9,"town":"湯本塩原","city_name":"那須塩原市"},{"code":"3292806","prefecture_code":9,"town":"横林","city_name":"那須塩原市"},{"code":"3292746","prefecture_code":9,"town":"四区町","city_name":"那須塩原市"},{"code":"3291300","prefecture_code":9,"town":"","city_name":"さくら市"},{"code":"3291311","prefecture_code":9,"town":"氏家","city_name":"さくら市"},{"code":"3291315","prefecture_code":9,"town":"氏家新田","city_name":"さくら市"},{"code":"3291323","prefecture_code":9,"town":"卯の里","city_name":"さくら市"},{"code":"3291306","prefecture_code":9,"town":"上野","city_name":"さくら市"},{"code":"3291415","prefecture_code":9,"town":"小入","city_name":"さくら市"},{"code":"3291325","prefecture_code":9,"town":"大中","city_name":"さくら市"},{"code":"3291334","prefecture_code":9,"town":"押上","city_name":"さくら市"},{"code":"3291314","prefecture_code":9,"town":"柿木沢","city_name":"さくら市"},{"code":"3291313","prefecture_code":9,"town":"柿木沢新田","city_name":"さくら市"},{"code":"3291304","prefecture_code":9,"town":"鍛冶ケ沢","city_name":"さくら市"},{"code":"3291413","prefecture_code":9,"town":"葛城","city_name":"さくら市"},{"code":"3291405","prefecture_code":9,"town":"金枝","city_name":"さくら市"},{"code":"3291404","prefecture_code":9,"town":"鹿子畑","city_name":"さくら市"},{"code":"3291332","prefecture_code":9,"town":"蒲須坂","city_name":"さくら市"},{"code":"3291316","prefecture_code":9,"town":"上阿久津","city_name":"さくら市"},{"code":"3291401","prefecture_code":9,"town":"上河戸","city_name":"さくら市"},{"code":"3291322","prefecture_code":9,"town":"北草川","city_name":"さくら市"},{"code":"3291412","prefecture_code":9,"town":"喜連川","city_name":"さくら市"},{"code":"3291317","prefecture_code":9,"town":"きぬの里","city_name":"さくら市"},{"code":"3291324","prefecture_code":9,"town":"草川","city_name":"さくら市"},{"code":"3291416","prefecture_code":9,"town":"桜ケ丘","city_name":"さくら市"},{"code":"3291312","prefecture_code":9,"town":"櫻野","city_name":"さくら市"},{"code":"3291402","prefecture_code":9,"town":"下河戸","city_name":"さくら市"},{"code":"3291414","prefecture_code":9,"town":"早乙女","city_name":"さくら市"},{"code":"3291327","prefecture_code":9,"town":"富野岡","city_name":"さくら市"},{"code":"3291333","prefecture_code":9,"town":"長久保","city_name":"さくら市"},{"code":"3291301","prefecture_code":9,"town":"箱森新田","city_name":"さくら市"},{"code":"3291305","prefecture_code":9,"town":"狹間田","city_name":"さくら市"},{"code":"3291321","prefecture_code":9,"town":"馬場","city_name":"さくら市"},{"code":"3291417","prefecture_code":9,"town":"フィオーレ喜連川","city_name":"さくら市"},{"code":"3291403","prefecture_code":9,"town":"穂積","city_name":"さくら市"},{"code":"3291331","prefecture_code":9,"town":"松島","city_name":"さくら市"},{"code":"3291303","prefecture_code":9,"town":"松山","city_name":"さくら市"},{"code":"3291302","prefecture_code":9,"town":"松山新田","city_name":"さくら市"},{"code":"3291406","prefecture_code":9,"town":"南和田","city_name":"さくら市"},{"code":"3291326","prefecture_code":9,"town":"向河原","city_name":"さくら市"},{"code":"3291411","prefecture_code":9,"town":"鷲宿","city_name":"さくら市"},{"code":"3290400","prefecture_code":9,"town":"","city_name":"下野市"},{"code":"3290511","prefecture_code":9,"town":"石橋","city_name":"下野市"},{"code":"3290403","prefecture_code":9,"town":"医大前","city_name":"下野市"},{"code":"3290413","prefecture_code":9,"town":"駅東","city_name":"下野市"},{"code":"3290519","prefecture_code":9,"town":"大松山","city_name":"下野市"},{"code":"3290501","prefecture_code":9,"town":"上古山","city_name":"下野市"},{"code":"3290504","prefecture_code":9,"town":"上台","city_name":"下野市"},{"code":"3290517","prefecture_code":9,"town":"上大領","city_name":"下野市"},{"code":"3290411","prefecture_code":9,"town":"烏ケ森","city_name":"下野市"},{"code":"3290415","prefecture_code":9,"town":"川中子","city_name":"下野市"},{"code":"3290434","prefecture_code":9,"town":"祇園","city_name":"下野市"},{"code":"3290414","prefecture_code":9,"town":"小金井","city_name":"下野市"},{"code":"3290417","prefecture_code":9,"town":"国分寺","city_name":"下野市"},{"code":"3290402","prefecture_code":9,"town":"笹原","city_name":"下野市"},{"code":"3290412","prefecture_code":9,"town":"柴","city_name":"下野市"},{"code":"3290512","prefecture_code":9,"town":"下石橋","city_name":"下野市"},{"code":"3290502","prefecture_code":9,"town":"下古山","city_name":"下野市"},{"code":"3290513","prefecture_code":9,"town":"下大領","city_name":"下野市"},{"code":"3290503","prefecture_code":9,"town":"下長田","city_name":"下野市"},{"code":"3290424","prefecture_code":9,"town":"下文狹","city_name":"下野市"},{"code":"3290516","prefecture_code":9,"town":"大光寺","city_name":"下野市"},{"code":"3290425","prefecture_code":9,"town":"田中","city_name":"下野市"},{"code":"3290515","prefecture_code":9,"town":"中大領","city_name":"下野市"},{"code":"3290421","prefecture_code":9,"town":"成田","city_name":"下野市"},{"code":"3290432","prefecture_code":9,"town":"仁良川","city_name":"下野市"},{"code":"3290506","prefecture_code":9,"town":"橋本","city_name":"下野市"},{"code":"3290518","prefecture_code":9,"town":"花の木","city_name":"下野市"},{"code":"3290514","prefecture_code":9,"town":"東前原","city_name":"下野市"},{"code":"3290507","prefecture_code":9,"town":"文教","city_name":"下野市"},{"code":"3290505","prefecture_code":9,"town":"細谷","city_name":"下野市"},{"code":"3290422","prefecture_code":9,"town":"町田","city_name":"下野市"},{"code":"3290433","prefecture_code":9,"town":"緑","city_name":"下野市"},{"code":"3290401","prefecture_code":9,"town":"箕輪","city_name":"下野市"},{"code":"3290418","prefecture_code":9,"town":"紫","city_name":"下野市"},{"code":"3290431","prefecture_code":9,"town":"薬師寺","city_name":"下野市"},{"code":"3290423","prefecture_code":9,"town":"谷地賀","city_name":"下野市"},{"code":"3290600","prefecture_code":9,"town":"","city_name":"河内郡上三川町"},{"code":"3290521","prefecture_code":9,"town":"石田","city_name":"河内郡上三川町"},{"code":"3290606","prefecture_code":9,"town":"磯岡","city_name":"河内郡上三川町"},{"code":"3290525","prefecture_code":9,"town":"大山","city_name":"河内郡上三川町"},{"code":"3290617","prefecture_code":9,"town":"上蒲生","city_name":"河内郡上三川町"},{"code":"3290527","prefecture_code":9,"town":"上神主","city_name":"河内郡上三川町"},{"code":"3290604","prefecture_code":9,"town":"上郷","city_name":"河内郡上三川町"},{"code":"3290611","prefecture_code":9,"town":"上三川","city_name":"河内郡上三川町"},{"code":"3290601","prefecture_code":9,"town":"上文挾","city_name":"河内郡上三川町"},{"code":"3290522","prefecture_code":9,"town":"川中子","city_name":"河内郡上三川町"},{"code":"3290614","prefecture_code":9,"town":"五分一","city_name":"河内郡上三川町"},{"code":"3290613","prefecture_code":9,"town":"坂上","city_name":"河内郡上三川町"},{"code":"3290526","prefecture_code":9,"town":"鞘堂","city_name":"河内郡上三川町"},{"code":"3290612","prefecture_code":9,"town":"三本木","city_name":"河内郡上三川町"},{"code":"3290616","prefecture_code":9,"town":"下蒲生","city_name":"河内郡上三川町"},{"code":"3290529","prefecture_code":9,"town":"下神主","city_name":"河内郡上三川町"},{"code":"3290618","prefecture_code":9,"town":"しらさぎ","city_name":"河内郡上三川町"},{"code":"3290524","prefecture_code":9,"town":"多功","city_name":"河内郡上三川町"},{"code":"3290530","prefecture_code":9,"town":"天神町","city_name":"河内郡上三川町"},{"code":"3290608","prefecture_code":9,"town":"西木代","city_name":"河内郡上三川町"},{"code":"3290605","prefecture_code":9,"town":"西蓼沼","city_name":"河内郡上三川町"},{"code":"3290607","prefecture_code":9,"town":"西汗","city_name":"河内郡上三川町"},{"code":"3290603","prefecture_code":9,"town":"東蓼沼","city_name":"河内郡上三川町"},{"code":"3290602","prefecture_code":9,"town":"東汗","city_name":"河内郡上三川町"},{"code":"3290615","prefecture_code":9,"town":"三村","city_name":"河内郡上三川町"},{"code":"3290523","prefecture_code":9,"town":"梁","city_name":"河内郡上三川町"},{"code":"3290528","prefecture_code":9,"town":"ゆうきが丘","city_name":"河内郡上三川町"},{"code":"3290100","prefecture_code":9,"town":"","city_name":"下都賀郡野木町"},{"code":"3290102","prefecture_code":9,"town":"潤島","city_name":"下都賀郡野木町"},{"code":"3290105","prefecture_code":9,"town":"川田","city_name":"下都賀郡野木町"},{"code":"3290104","prefecture_code":9,"town":"佐川野","city_name":"下都賀郡野木町"},{"code":"3290101","prefecture_code":9,"town":"友沼","city_name":"下都賀郡野木町"},{"code":"3290113","prefecture_code":9,"town":"中谷","city_name":"下都賀郡野木町"},{"code":"3290114","prefecture_code":9,"town":"野木","city_name":"下都賀郡野木町"},{"code":"3290115","prefecture_code":9,"town":"野渡","city_name":"下都賀郡野木町"},{"code":"3290111","prefecture_code":9,"town":"丸林","city_name":"下都賀郡野木町"},{"code":"3290112","prefecture_code":9,"town":"南赤塚","city_name":"下都賀郡野木町"},{"code":"3290103","prefecture_code":9,"town":"若林","city_name":"下都賀郡野木町"},{"code":"3292200","prefecture_code":9,"town":"","city_name":"塩谷郡塩谷町"},{"code":"3292225","prefecture_code":9,"town":"飯岡","city_name":"塩谷郡塩谷町"},{"code":"3292337","prefecture_code":9,"town":"泉","city_name":"塩谷郡塩谷町"},{"code":"3292339","prefecture_code":9,"town":"上沢","city_name":"塩谷郡塩谷町"},{"code":"3292335","prefecture_code":9,"town":"上平","city_name":"塩谷郡塩谷町"},{"code":"3292334","prefecture_code":9,"town":"大久保","city_name":"塩谷郡塩谷町"},{"code":"3292332","prefecture_code":9,"town":"大宮","city_name":"塩谷郡塩谷町"},{"code":"3292336","prefecture_code":9,"town":"風見","city_name":"塩谷郡塩谷町"},{"code":"3292338","prefecture_code":9,"town":"風見山田","city_name":"塩谷郡塩谷町"},{"code":"3292224","prefecture_code":9,"town":"金枝","city_name":"塩谷郡塩谷町"},{"code":"3292216","prefecture_code":9,"town":"上寺島","city_name":"塩谷郡塩谷町"},{"code":"3292212","prefecture_code":9,"town":"喜佐見","city_name":"塩谷郡塩谷町"},{"code":"3292213","prefecture_code":9,"town":"熊ノ木","city_name":"塩谷郡塩谷町"},{"code":"3292442","prefecture_code":9,"town":"佐貫","city_name":"塩谷郡塩谷町"},{"code":"3292215","prefecture_code":9,"town":"下寺島","city_name":"塩谷郡塩谷町"},{"code":"3292331","prefecture_code":9,"town":"田所","city_name":"塩谷郡塩谷町"},{"code":"3292221","prefecture_code":9,"town":"玉生","city_name":"塩谷郡塩谷町"},{"code":"3292222","prefecture_code":9,"town":"道下","city_name":"塩谷郡塩谷町"},{"code":"3292211","prefecture_code":9,"town":"鳥羽新田","city_name":"塩谷郡塩谷町"},{"code":"3292223","prefecture_code":9,"town":"原荻野目","city_name":"塩谷郡塩谷町"},{"code":"3292214","prefecture_code":9,"town":"東房","city_name":"塩谷郡塩谷町"},{"code":"3292333","prefecture_code":9,"town":"肘内","city_name":"塩谷郡塩谷町"},{"code":"3292441","prefecture_code":9,"town":"船生","city_name":"塩谷郡塩谷町"},{"code":"3292226","prefecture_code":9,"town":"芦場新田","city_name":"塩谷郡塩谷町"},{"code":"3291200","prefecture_code":9,"town":"","city_name":"塩谷郡高根沢町"},{"code":"3291205","prefecture_code":9,"town":"飯室","city_name":"塩谷郡高根沢町"},{"code":"3291225","prefecture_code":9,"town":"石末","city_name":"塩谷郡高根沢町"},{"code":"3291217","prefecture_code":9,"town":"太田","city_name":"塩谷郡高根沢町"},{"code":"3291226","prefecture_code":9,"town":"大谷","city_name":"塩谷郡高根沢町"},{"code":"3291201","prefecture_code":9,"town":"柿木沢","city_name":"塩谷郡高根沢町"},{"code":"3291235","prefecture_code":9,"town":"上阿久津","city_name":"塩谷郡高根沢町"},{"code":"3291212","prefecture_code":9,"town":"上柏崎","city_name":"塩谷郡高根沢町"},{"code":"3291224","prefecture_code":9,"town":"上高根沢","city_name":"塩谷郡高根沢町"},{"code":"3291211","prefecture_code":9,"town":"亀梨","city_name":"塩谷郡高根沢町"},{"code":"3291215","prefecture_code":9,"town":"給部","city_name":"塩谷郡高根沢町"},{"code":"3291223","prefecture_code":9,"town":"栗ケ島","city_name":"塩谷郡高根沢町"},{"code":"3291216","prefecture_code":9,"town":"桑窪","city_name":"塩谷郡高根沢町"},{"code":"3291232","prefecture_code":9,"town":"光陽台","city_name":"塩谷郡高根沢町"},{"code":"3291213","prefecture_code":9,"town":"下柏崎","city_name":"塩谷郡高根沢町"},{"code":"3291222","prefecture_code":9,"town":"寺渡戸","city_name":"塩谷郡高根沢町"},{"code":"3291234","prefecture_code":9,"town":"中阿久津","city_name":"塩谷郡高根沢町"},{"code":"3291214","prefecture_code":9,"town":"中柏崎","city_name":"塩谷郡高根沢町"},{"code":"3291221","prefecture_code":9,"town":"西高谷","city_name":"塩谷郡高根沢町"},{"code":"3291202","prefecture_code":9,"town":"狭間田","city_name":"塩谷郡高根沢町"},{"code":"3291207","prefecture_code":9,"town":"花岡","city_name":"塩谷郡高根沢町"},{"code":"3291206","prefecture_code":9,"town":"平田","city_name":"塩谷郡高根沢町"},{"code":"3291203","prefecture_code":9,"town":"伏久","city_name":"塩谷郡高根沢町"},{"code":"3291204","prefecture_code":9,"town":"文挾","city_name":"塩谷郡高根沢町"},{"code":"3291233","prefecture_code":9,"town":"宝積寺","city_name":"塩谷郡高根沢町"},{"code":"3291231","prefecture_code":9,"town":"宝石台","city_name":"塩谷郡高根沢町"},{"code":"3293200","prefecture_code":9,"town":"","city_name":"那須郡那須町"},{"code":"3293443","prefecture_code":9,"town":"芦野","city_name":"那須郡那須町"},{"code":"3293432","prefecture_code":9,"town":"梓","city_name":"那須郡那須町"},{"code":"3293436","prefecture_code":9,"town":"伊王野","city_name":"那須郡那須町"},{"code":"3293447","prefecture_code":9,"town":"稲沢","city_name":"那須郡那須町"},{"code":"3293221","prefecture_code":9,"town":"漆塚","city_name":"那須郡那須町"},{"code":"3293223","prefecture_code":9,"town":"大島","city_name":"那須郡那須町"},{"code":"3293431","prefecture_code":9,"town":"大畑","city_name":"那須郡那須町"},{"code":"3293433","prefecture_code":9,"town":"大和須","city_name":"那須郡那須町"},{"code":"3293444","prefecture_code":9,"town":"寺子","city_name":"那須郡那須町"},{"code":"3293215","prefecture_code":9,"town":"寺子乙","city_name":"那須郡那須町"},{"code":"3293222","prefecture_code":9,"town":"寺子丙","city_name":"那須郡那須町"},{"code":"3293212","prefecture_code":9,"town":"富岡","city_name":"那須郡那須町"},{"code":"3293213","prefecture_code":9,"town":"豊原","city_name":"那須郡那須町"},{"code":"3293211","prefecture_code":9,"town":"豊原甲","city_name":"那須郡那須町"},{"code":"3293224","prefecture_code":9,"town":"豊原乙","city_name":"那須郡那須町"},{"code":"3293225","prefecture_code":9,"town":"豊原丙","city_name":"那須郡那須町"},{"code":"3293446","prefecture_code":9,"town":"沼野井","city_name":"那須郡那須町"},{"code":"3293445","prefecture_code":9,"town":"東岩崎","city_name":"那須郡那須町"},{"code":"3293437","prefecture_code":9,"town":"蓑沢","city_name":"那須郡那須町"},{"code":"3293435","prefecture_code":9,"town":"睦家","city_name":"那須郡那須町"},{"code":"3293434","prefecture_code":9,"town":"梁瀬","city_name":"那須郡那須町"},{"code":"3293214","prefecture_code":9,"town":"８、１７６７−４番地）","city_name":"那須郡那須町"},{"code":"3293442","prefecture_code":9,"town":"横岡","city_name":"那須郡那須町"},{"code":"3293441","prefecture_code":9,"town":"寄居","city_name":"那須郡那須町"},{"code":"3293214","prefecture_code":9,"town":"横岡（１５６３、１６６０、１６７０、１７２８、１７３６、１７４","city_name":"那須郡那須町"}]
