[{"code":"3703573","prefecture_code":10,"town":"青梨子町","city_name":"前橋市"},{"code":"3703571","prefecture_code":10,"town":"池端町","city_name":"前橋市"},{"code":"3703572","prefecture_code":10,"town":"上青梨子町","city_name":"前橋市"},{"code":"3703574","prefecture_code":10,"town":"清野町","city_name":"前橋市"},{"code":"3700000","prefecture_code":10,"town":"","city_name":"高崎市"},{"code":"3700811","prefecture_code":10,"town":"相生町","city_name":"高崎市"},{"code":"3700818","prefecture_code":10,"town":"赤坂町","city_name":"高崎市"},{"code":"3701211","prefecture_code":10,"town":"阿久津町","city_name":"高崎市"},{"code":"3700052","prefecture_code":10,"town":"旭町","city_name":"高崎市"},{"code":"3703531","prefecture_code":10,"town":"足門町","city_name":"高崎市"},{"code":"3700045","prefecture_code":10,"town":"東町","city_name":"高崎市"},{"code":"3700831","prefecture_code":10,"town":"あら町","city_name":"高崎市"},{"code":"3700063","prefecture_code":10,"town":"飯玉町","city_name":"高崎市"},{"code":"3700069","prefecture_code":10,"town":"飯塚町","city_name":"高崎市"},{"code":"3700864","prefecture_code":10,"town":"石原町","city_name":"高崎市"},{"code":"3703534","prefecture_code":10,"town":"井出町","city_name":"高崎市"},{"code":"3700062","prefecture_code":10,"town":"稲荷町","city_name":"高崎市"},{"code":"3700004","prefecture_code":10,"town":"井野町","city_name":"高崎市"},{"code":"3700044","prefecture_code":10,"town":"岩押町","city_name":"高崎市"},{"code":"3701208","prefecture_code":10,"town":"岩鼻町","city_name":"高崎市"},{"code":"3700067","prefecture_code":10,"town":"請地町","city_name":"高崎市"},{"code":"3703518","prefecture_code":10,"town":"後疋間町","city_name":"高崎市"},{"code":"3700807","prefecture_code":10,"town":"歌川町","city_name":"高崎市"},{"code":"3700046","prefecture_code":10,"town":"江木町","city_name":"高崎市"},{"code":"3700012","prefecture_code":10,"town":"大沢町","city_name":"高崎市"},{"code":"3700803","prefecture_code":10,"town":"大橋町","city_name":"高崎市"},{"code":"3700072","prefecture_code":10,"town":"大八木町","city_name":"高崎市"},{"code":"3700086","prefecture_code":10,"town":"沖町","city_name":"高崎市"},{"code":"3700042","prefecture_code":10,"town":"貝沢町","city_name":"高崎市"},{"code":"3700838","prefecture_code":10,"town":"鍛冶町","city_name":"高崎市"},{"code":"3700862","prefecture_code":10,"town":"片岡町","city_name":"高崎市"},{"code":"3700814","prefecture_code":10,"town":"嘉多町","city_name":"高崎市"},{"code":"3700882","prefecture_code":10,"town":"金井淵町","city_name":"高崎市"},{"code":"3703511","prefecture_code":10,"town":"金古町","city_name":"高崎市"},{"code":"3703335","prefecture_code":10,"town":"上大島町","city_name":"高崎市"},{"code":"3700031","prefecture_code":10,"town":"上大類町","city_name":"高崎市"},{"code":"3700078","prefecture_code":10,"town":"上小鳥町","city_name":"高崎市"},{"code":"3700077","prefecture_code":10,"town":"上小塙町","city_name":"高崎市"},{"code":"3703345","prefecture_code":10,"town":"上里見町","city_name":"高崎市"},{"code":"3700857","prefecture_code":10,"town":"上佐野町","city_name":"高崎市"},{"code":"3700027","prefecture_code":10,"town":"上滝町","city_name":"高崎市"},{"code":"3700871","prefecture_code":10,"town":"上豊岡町","city_name":"高崎市"},{"code":"3700851","prefecture_code":10,"town":"上中居町","city_name":"高崎市"},{"code":"3700801","prefecture_code":10,"town":"上並榎町","city_name":"高崎市"},{"code":"3703346","prefecture_code":10,"town":"上室田町","city_name":"高崎市"},{"code":"3700806","prefecture_code":10,"town":"上和田町","city_name":"高崎市"},{"code":"3700084","prefecture_code":10,"town":"菊地町","city_name":"高崎市"},{"code":"3700082","prefecture_code":10,"town":"北新波町","city_name":"高崎市"},{"code":"3700872","prefecture_code":10,"town":"北久保町","city_name":"高崎市"},{"code":"3700056","prefecture_code":10,"town":"北通町","city_name":"高崎市"},{"code":"3703513","prefecture_code":10,"town":"北原町","city_name":"高崎市"},{"code":"3700842","prefecture_code":10,"town":"北双葉町","city_name":"高崎市"},{"code":"3701212","prefecture_code":10,"town":"木部町","city_name":"高崎市"},{"code":"3700011","prefecture_code":10,"town":"京目町","city_name":"高崎市"},{"code":"3700088","prefecture_code":10,"town":"行力町","city_name":"高崎市"},{"code":"3700058","prefecture_code":10,"town":"九蔵町","city_name":"高崎市"},{"code":"3701201","prefecture_code":10,"town":"倉賀野町","city_name":"高崎市"},{"code":"3703404","prefecture_code":10,"town":"倉渕町岩氷","city_name":"高崎市"},{"code":"3703405","prefecture_code":10,"town":"倉渕町川浦","city_name":"高崎市"},{"code":"3703401","prefecture_code":10,"town":"倉渕町権田","city_name":"高崎市"},{"code":"3703402","prefecture_code":10,"town":"倉渕町三ノ倉","city_name":"高崎市"},{"code":"3703403","prefecture_code":10,"town":"倉渕町水沼","city_name":"高崎市"},{"code":"3701205","prefecture_code":10,"town":"栗崎町","city_name":"高崎市"},{"code":"3700883","prefecture_code":10,"town":"剣崎町","city_name":"高崎市"},{"code":"3703336","prefecture_code":10,"town":"神戸町","city_name":"高崎市"},{"code":"3700071","prefecture_code":10,"town":"小八木町","city_name":"高崎市"},{"code":"3700841","prefecture_code":10,"town":"栄町","city_name":"高崎市"},{"code":"3700856","prefecture_code":10,"town":"佐野窪町","city_name":"高崎市"},{"code":"3700827","prefecture_code":10,"town":"鞘町","city_name":"高崎市"},{"code":"3700845","prefecture_code":10,"town":"新後閑町","city_name":"高崎市"},{"code":"3700035","prefecture_code":10,"town":"柴崎町","city_name":"高崎市"},{"code":"3700064","prefecture_code":10,"town":"芝塚町","city_name":"高崎市"},{"code":"3700015","prefecture_code":10,"town":"島野町","city_name":"高崎市"},{"code":"3700886","prefecture_code":10,"town":"下大島町","city_name":"高崎市"},{"code":"3700034","prefecture_code":10,"town":"下大類町","city_name":"高崎市"},{"code":"3700074","prefecture_code":10,"town":"下小鳥町","city_name":"高崎市"},{"code":"3700076","prefecture_code":10,"town":"下小塙町","city_name":"高崎市"},{"code":"3700025","prefecture_code":10,"town":"下斉田町","city_name":"高崎市"},{"code":"3703343","prefecture_code":10,"town":"下里見町","city_name":"高崎市"},{"code":"3700855","prefecture_code":10,"town":"下佐野町","city_name":"高崎市"},{"code":"3700026","prefecture_code":10,"town":"下滝町","city_name":"高崎市"},{"code":"3700873","prefecture_code":10,"town":"下豊岡町","city_name":"高崎市"},{"code":"3700853","prefecture_code":10,"town":"下中居町","city_name":"高崎市"},{"code":"3700854","prefecture_code":10,"town":"下之城町","city_name":"高崎市"},{"code":"3703342","prefecture_code":10,"town":"下室田町","city_name":"高崎市"},{"code":"3700837","prefecture_code":10,"town":"下横町","city_name":"高崎市"},{"code":"3700846","prefecture_code":10,"town":"下和田町","city_name":"高崎市"},{"code":"3703331","prefecture_code":10,"town":"十文字町","city_name":"高崎市"},{"code":"3700032","prefecture_code":10,"town":"宿大類町","city_name":"高崎市"},{"code":"3700022","prefecture_code":10,"town":"宿横手町","city_name":"高崎市"},{"code":"3700008","prefecture_code":10,"town":"正観寺町","city_name":"高崎市"},{"code":"3700068","prefecture_code":10,"town":"昭和町","city_name":"高崎市"},{"code":"3703332","prefecture_code":10,"town":"白岩町","city_name":"高崎市"},{"code":"3700825","prefecture_code":10,"town":"白銀町","city_name":"高崎市"},{"code":"3700866","prefecture_code":10,"town":"城山町","city_name":"高崎市"},{"code":"3700821","prefecture_code":10,"town":"新紺屋町","city_name":"高崎市"},{"code":"3700054","prefecture_code":10,"town":"真町","city_name":"高崎市"},{"code":"3700833","prefecture_code":10,"town":"新田町","city_name":"高崎市"},{"code":"3700003","prefecture_code":10,"town":"新保田中町","city_name":"高崎市"},{"code":"3700018","prefecture_code":10,"town":"新保町","city_name":"高崎市"},{"code":"3701301","prefecture_code":10,"town":"新町","city_name":"高崎市"},{"code":"3700065","prefecture_code":10,"town":"末広町","city_name":"高崎市"},{"code":"3703522","prefecture_code":10,"town":"菅谷町","city_name":"高崎市"},{"code":"3700832","prefecture_code":10,"town":"砂賀町","city_name":"高崎市"},{"code":"3700804","prefecture_code":10,"town":"住吉町","city_name":"高崎市"},{"code":"3700817","prefecture_code":10,"town":"堰代町","city_name":"高崎市"},{"code":"3701206","prefecture_code":10,"town":"台新田町","city_name":"高崎市"},{"code":"3700805","prefecture_code":10,"town":"台町","city_name":"高崎市"},{"code":"3700047","prefecture_code":10,"town":"高砂町","city_name":"高崎市"},{"code":"3700043","prefecture_code":10,"town":"高関町","city_name":"高崎市"},{"code":"3703333","prefecture_code":10,"town":"高浜町","city_name":"高崎市"},{"code":"3700829","prefecture_code":10,"town":"高松町","city_name":"高崎市"},{"code":"3700835","prefecture_code":10,"town":"竜見町","city_name":"高崎市"},{"code":"3700824","prefecture_code":10,"town":"田町","city_name":"高崎市"},{"code":"3703515","prefecture_code":10,"town":"塚田町","city_name":"高崎市"},{"code":"3700075","prefecture_code":10,"town":"筑縄町","city_name":"高崎市"},{"code":"3700059","prefecture_code":10,"town":"椿町","city_name":"高崎市"},{"code":"3700848","prefecture_code":10,"town":"鶴見町","city_name":"高崎市"},{"code":"3700865","prefecture_code":10,"town":"寺尾町","city_name":"高崎市"},{"code":"3700061","prefecture_code":10,"town":"天神町","city_name":"高崎市"},{"code":"3703516","prefecture_code":10,"town":"稲荷台町","city_name":"高崎市"},{"code":"3700053","prefecture_code":10,"town":"通町","city_name":"高崎市"},{"code":"3700816","prefecture_code":10,"town":"常盤町","city_name":"高崎市"},{"code":"3700006","prefecture_code":10,"town":"問屋町","city_name":"高崎市"},{"code":"3700007","prefecture_code":10,"town":"問屋町西","city_name":"高崎市"},{"code":"3703524","prefecture_code":10,"town":"中泉町","city_name":"高崎市"},{"code":"3700852","prefecture_code":10,"town":"中居町","city_name":"高崎市"},{"code":"3700033","prefecture_code":10,"town":"中大類町","city_name":"高崎市"},{"code":"3700001","prefecture_code":10,"town":"中尾町","city_name":"高崎市"},{"code":"3700823","prefecture_code":10,"town":"中紺屋町","city_name":"高崎市"},{"code":"3703532","prefecture_code":10,"town":"中里町","city_name":"高崎市"},{"code":"3703344","prefecture_code":10,"town":"中里見町","city_name":"高崎市"},{"code":"3700023","prefecture_code":10,"town":"中島町","city_name":"高崎市"},{"code":"3700874","prefecture_code":10,"town":"中豊岡町","city_name":"高崎市"},{"code":"3703347","prefecture_code":10,"town":"中室田町","city_name":"高崎市"},{"code":"3700802","prefecture_code":10,"town":"並榎町","city_name":"高崎市"},{"code":"3700812","prefecture_code":10,"town":"成田町","city_name":"高崎市"},{"code":"3703512","prefecture_code":10,"town":"西国分町","city_name":"高崎市"},{"code":"3700017","prefecture_code":10,"town":"西島町","city_name":"高崎市"},{"code":"3700021","prefecture_code":10,"town":"西横手町","city_name":"高崎市"},{"code":"3700048","prefecture_code":10,"town":"日光町","city_name":"高崎市"},{"code":"3701214","prefecture_code":10,"town":"根小屋町","city_name":"高崎市"},{"code":"3700867","prefecture_code":10,"town":"乗附町","city_name":"高崎市"},{"code":"3700013","prefecture_code":10,"town":"萩原町","city_name":"高崎市"},{"code":"3700868","prefecture_code":10,"town":"鼻高町","city_name":"高崎市"},{"code":"3700081","prefecture_code":10,"town":"浜川町","city_name":"高崎市"},{"code":"3700005","prefecture_code":10,"town":"浜尻町","city_name":"高崎市"},{"code":"3703348","prefecture_code":10,"town":"榛名湖町","city_name":"高崎市"},{"code":"3703341","prefecture_code":10,"town":"榛名山町","city_name":"高崎市"},{"code":"3700041","prefecture_code":10,"town":"東貝沢町","city_name":"高崎市"},{"code":"3703514","prefecture_code":10,"town":"東国分町","city_name":"高崎市"},{"code":"3701204","prefecture_code":10,"town":"東中里町","city_name":"高崎市"},{"code":"3703517","prefecture_code":10,"town":"引間町","city_name":"高崎市"},{"code":"3700863","prefecture_code":10,"town":"聖石町","city_name":"高崎市"},{"code":"3700002","prefecture_code":10,"town":"日高町","city_name":"高崎市"},{"code":"3700839","prefecture_code":10,"town":"檜物町","city_name":"高崎市"},{"code":"3703519","prefecture_code":10,"town":"冷水町","city_name":"高崎市"},{"code":"3703523","prefecture_code":10,"town":"福島町","city_name":"高崎市"},{"code":"3700875","prefecture_code":10,"town":"藤塚町","city_name":"高崎市"},{"code":"3700843","prefecture_code":10,"town":"双葉町","city_name":"高崎市"},{"code":"3703533","prefecture_code":10,"town":"保渡田町","city_name":"高崎市"},{"code":"3703334","prefecture_code":10,"town":"本郷町","city_name":"高崎市"},{"code":"3700881","prefecture_code":10,"town":"町屋町","city_name":"高崎市"},{"code":"3703102","prefecture_code":10,"town":"箕郷町生原","city_name":"高崎市"},{"code":"3703101","prefecture_code":10,"town":"箕郷町柏木沢","city_name":"高崎市"},{"code":"3703114","prefecture_code":10,"town":"箕郷町金敷平","city_name":"高崎市"},{"code":"3703104","prefecture_code":10,"town":"箕郷町上芝","city_name":"高崎市"},{"code":"3703103","prefecture_code":10,"town":"箕郷町下芝","city_name":"高崎市"},{"code":"3703117","prefecture_code":10,"town":"箕郷町白川","city_name":"高崎市"},{"code":"3703112","prefecture_code":10,"town":"箕郷町善地","city_name":"高崎市"},{"code":"3703115","prefecture_code":10,"town":"箕郷町富岡","city_name":"高崎市"},{"code":"3703111","prefecture_code":10,"town":"箕郷町中野","city_name":"高崎市"},{"code":"3703105","prefecture_code":10,"town":"箕郷町西明屋","city_name":"高崎市"},{"code":"3703106","prefecture_code":10,"town":"箕郷町東明屋","city_name":"高崎市"},{"code":"3703113","prefecture_code":10,"town":"箕郷町松之沢","city_name":"高崎市"},{"code":"3703107","prefecture_code":10,"town":"箕郷町矢原","city_name":"高崎市"},{"code":"3703116","prefecture_code":10,"town":"箕郷町和田山","city_name":"高崎市"},{"code":"3703337","prefecture_code":10,"town":"三ツ子沢町","city_name":"高崎市"},{"code":"3703525","prefecture_code":10,"town":"三ツ寺町","city_name":"高崎市"},{"code":"3700073","prefecture_code":10,"town":"緑町","city_name":"高崎市"},{"code":"3700083","prefecture_code":10,"town":"南新波町","city_name":"高崎市"},{"code":"3700036","prefecture_code":10,"town":"南大類町","city_name":"高崎市"},{"code":"3700834","prefecture_code":10,"town":"南町","city_name":"高崎市"},{"code":"3703338","prefecture_code":10,"town":"宮沢町","city_name":"高崎市"},{"code":"3701202","prefecture_code":10,"town":"宮原町","city_name":"高崎市"},{"code":"3700828","prefecture_code":10,"town":"宮元町","city_name":"高崎市"},{"code":"3703521","prefecture_code":10,"town":"棟高町","city_name":"高崎市"},{"code":"3700057","prefecture_code":10,"town":"元紺屋町","city_name":"高崎市"},{"code":"3700014","prefecture_code":10,"town":"元島名町","city_name":"高崎市"},{"code":"3700813","prefecture_code":10,"town":"本町","city_name":"高崎市"},{"code":"3700849","prefecture_code":10,"town":"八島町","city_name":"高崎市"},{"code":"3700016","prefecture_code":10,"town":"矢島町","city_name":"高崎市"},{"code":"3700861","prefecture_code":10,"town":"八千代町","city_name":"高崎市"},{"code":"3701203","prefecture_code":10,"town":"矢中町","city_name":"高崎市"},{"code":"3700815","prefecture_code":10,"town":"柳川町","city_name":"高崎市"},{"code":"3700066","prefecture_code":10,"town":"山田町","city_name":"高崎市"},{"code":"3701213","prefecture_code":10,"town":"山名町","city_name":"高崎市"},{"code":"3700024","prefecture_code":10,"town":"八幡原町","city_name":"高崎市"},{"code":"3700884","prefecture_code":10,"town":"八幡町","city_name":"高崎市"},{"code":"3700051","prefecture_code":10,"town":"弓町","city_name":"高崎市"},{"code":"3702107","prefecture_code":10,"town":"吉井町池","city_name":"高崎市"},{"code":"3702114","prefecture_code":10,"town":"吉井町石神","city_name":"高崎市"},{"code":"3702103","prefecture_code":10,"town":"吉井町岩井","city_name":"高崎市"},{"code":"3702131","prefecture_code":10,"town":"吉井町岩崎","city_name":"高崎市"},{"code":"3702125","prefecture_code":10,"town":"吉井町大沢","city_name":"高崎市"},{"code":"3702111","prefecture_code":10,"town":"吉井町小串","city_name":"高崎市"},{"code":"3702135","prefecture_code":10,"town":"吉井町片山","city_name":"高崎市"},{"code":"3702139","prefecture_code":10,"town":"吉井町上奥平","city_name":"高崎市"},{"code":"3702112","prefecture_code":10,"town":"吉井町黒熊","city_name":"高崎市"},{"code":"3702102","prefecture_code":10,"town":"吉井町小暮","city_name":"高崎市"},{"code":"3702136","prefecture_code":10,"town":"吉井町小棚","city_name":"高崎市"},{"code":"3702137","prefecture_code":10,"town":"吉井町坂口","city_name":"高崎市"},{"code":"3702124","prefecture_code":10,"town":"吉井町塩","city_name":"高崎市"},{"code":"3702134","prefecture_code":10,"town":"吉井町塩川","city_name":"高崎市"},{"code":"3702138","prefecture_code":10,"town":"吉井町下奥平","city_name":"高崎市"},{"code":"3702121","prefecture_code":10,"town":"吉井町下長根","city_name":"高崎市"},{"code":"3702123","prefecture_code":10,"town":"吉井町神保","city_name":"高崎市"},{"code":"3702115","prefecture_code":10,"town":"吉井町多比良","city_name":"高崎市"},{"code":"3702122","prefecture_code":10,"town":"吉井町高","city_name":"高崎市"},{"code":"3702116","prefecture_code":10,"town":"吉井町多胡","city_name":"高崎市"},{"code":"3702105","prefecture_code":10,"town":"吉井町中島","city_name":"高崎市"},{"code":"3702127","prefecture_code":10,"town":"吉井町長根","city_name":"高崎市"},{"code":"3702101","prefecture_code":10,"town":"吉井町南陽台","city_name":"高崎市"},{"code":"3702126","prefecture_code":10,"town":"吉井町東谷","city_name":"高崎市"},{"code":"3702113","prefecture_code":10,"town":"吉井町深沢","city_name":"高崎市"},{"code":"3702128","prefecture_code":10,"town":"吉井町本郷","city_name":"高崎市"},{"code":"3702104","prefecture_code":10,"town":"吉井町馬庭","city_name":"高崎市"},{"code":"3702106","prefecture_code":10,"town":"吉井町矢田","city_name":"高崎市"},{"code":"3702132","prefecture_code":10,"town":"吉井町吉井","city_name":"高崎市"},{"code":"3702133","prefecture_code":10,"town":"吉井町吉井川","city_name":"高崎市"},{"code":"3700819","prefecture_code":10,"town":"四ツ屋町","city_name":"高崎市"},{"code":"3700822","prefecture_code":10,"town":"寄合町","city_name":"高崎市"},{"code":"3700055","prefecture_code":10,"town":"羅漢町","city_name":"高崎市"},{"code":"3700087","prefecture_code":10,"town":"楽間町","city_name":"高崎市"},{"code":"3700826","prefecture_code":10,"town":"連雀町","city_name":"高崎市"},{"code":"3700885","prefecture_code":10,"town":"若田町","city_name":"高崎市"},{"code":"3700836","prefecture_code":10,"town":"若松町","city_name":"高崎市"},{"code":"3700085","prefecture_code":10,"town":"我峰町","city_name":"高崎市"},{"code":"3700844","prefecture_code":10,"town":"和田多中町","city_name":"高崎市"},{"code":"3701207","prefecture_code":10,"town":"綿貫町","city_name":"高崎市"},{"code":"3700847","prefecture_code":10,"town":"和田町","city_name":"高崎市"},{"code":"3700124","prefecture_code":10,"town":"境","city_name":"伊勢崎市"},{"code":"3700123","prefecture_code":10,"town":"境東","city_name":"伊勢崎市"},{"code":"3700105","prefecture_code":10,"town":"境伊与久","city_name":"伊勢崎市"},{"code":"3700135","prefecture_code":10,"town":"境小此木","city_name":"伊勢崎市"},{"code":"3700121","prefecture_code":10,"town":"境女塚","city_name":"伊勢崎市"},{"code":"3700127","prefecture_code":10,"town":"境上武士","city_name":"伊勢崎市"},{"code":"3700102","prefecture_code":10,"town":"境上渕名","city_name":"伊勢崎市"},{"code":"3700111","prefecture_code":10,"town":"境上矢島","city_name":"伊勢崎市"},{"code":"3700104","prefecture_code":10,"town":"境木島","city_name":"伊勢崎市"},{"code":"3700122","prefecture_code":10,"town":"境栄","city_name":"伊勢崎市"},{"code":"3700134","prefecture_code":10,"town":"境島村","city_name":"伊勢崎市"},{"code":"3700126","prefecture_code":10,"town":"境下武士","city_name":"伊勢崎市"},{"code":"3700103","prefecture_code":10,"town":"境下渕名","city_name":"伊勢崎市"},{"code":"3700114","prefecture_code":10,"town":"境新栄","city_name":"伊勢崎市"},{"code":"3700117","prefecture_code":10,"town":"境百々","city_name":"伊勢崎市"},{"code":"3700116","prefecture_code":10,"town":"境百々東","city_name":"伊勢崎市"},{"code":"3700133","prefecture_code":10,"town":"境中島","city_name":"伊勢崎市"},{"code":"3700112","prefecture_code":10,"town":"境西今井","city_name":"伊勢崎市"},{"code":"3700125","prefecture_code":10,"town":"境萩原","city_name":"伊勢崎市"},{"code":"3700101","prefecture_code":10,"town":"境東新井","city_name":"伊勢崎市"},{"code":"3700132","prefecture_code":10,"town":"境平塚","city_name":"伊勢崎市"},{"code":"3700128","prefecture_code":10,"town":"境保泉","city_name":"伊勢崎市"},{"code":"3700113","prefecture_code":10,"town":"境三ツ木","city_name":"伊勢崎市"},{"code":"3700115","prefecture_code":10,"town":"境美原","city_name":"伊勢崎市"},{"code":"3700131","prefecture_code":10,"town":"境米岡","city_name":"伊勢崎市"},{"code":"3700402","prefecture_code":10,"town":"阿久津町","city_name":"太田市"},{"code":"3700422","prefecture_code":10,"town":"安養寺町","city_name":"太田市"},{"code":"3700424","prefecture_code":10,"town":"出塚町","city_name":"太田市"},{"code":"3700403","prefecture_code":10,"town":"岩松町","city_name":"太田市"},{"code":"3700423","prefecture_code":10,"town":"大舘町","city_name":"太田市"},{"code":"3700405","prefecture_code":10,"town":"押切町","city_name":"太田市"},{"code":"3700401","prefecture_code":10,"town":"尾島町","city_name":"太田市"},{"code":"3700421","prefecture_code":10,"town":"粕川町","city_name":"太田市"},{"code":"3700411","prefecture_code":10,"town":"亀岡町","city_name":"太田市"},{"code":"3700427","prefecture_code":10,"town":"小角田町","city_name":"太田市"},{"code":"3700413","prefecture_code":10,"town":"すずかけ町","city_name":"太田市"},{"code":"3700426","prefecture_code":10,"town":"世良田町","city_name":"太田市"},{"code":"3700412","prefecture_code":10,"town":"太子町","city_name":"太田市"},{"code":"3700425","prefecture_code":10,"town":"徳川町","city_name":"太田市"},{"code":"3700331","prefecture_code":10,"town":"新田赤堀町","city_name":"太田市"},{"code":"3700304","prefecture_code":10,"town":"新田市町","city_name":"太田市"},{"code":"3700314","prefecture_code":10,"town":"新田市野井町","city_name":"太田市"},{"code":"3700306","prefecture_code":10,"town":"新田市野倉町","city_name":"太田市"},{"code":"3700351","prefecture_code":10,"town":"新田大町","city_name":"太田市"},{"code":"3700347","prefecture_code":10,"town":"新田大根町","city_name":"太田市"},{"code":"3700341","prefecture_code":10,"town":"新田金井町","city_name":"太田市"},{"code":"3700352","prefecture_code":10,"town":"新田嘉祢町","city_name":"太田市"},{"code":"3700342","prefecture_code":10,"town":"新田上江田町","city_name":"太田市"},{"code":"3700346","prefecture_code":10,"town":"新田上田中町","city_name":"太田市"},{"code":"3700353","prefecture_code":10,"town":"新田上中町","city_name":"太田市"},{"code":"3700321","prefecture_code":10,"town":"新田木崎町","city_name":"太田市"},{"code":"3700303","prefecture_code":10,"town":"新田小金井町","city_name":"太田市"},{"code":"3700302","prefecture_code":10,"town":"新田小金町","city_name":"太田市"},{"code":"3700355","prefecture_code":10,"town":"新田権右衛門町","city_name":"太田市"},{"code":"3700333","prefecture_code":10,"town":"新田下江田町","city_name":"太田市"},{"code":"3700343","prefecture_code":10,"town":"新田下田中町","city_name":"太田市"},{"code":"3700313","prefecture_code":10,"town":"新田反町町","city_name":"太田市"},{"code":"3700334","prefecture_code":10,"town":"新田高尾町","city_name":"太田市"},{"code":"3700305","prefecture_code":10,"town":"新田多村新田町","city_name":"太田市"},{"code":"3700354","prefecture_code":10,"town":"新田溜池町","city_name":"太田市"},{"code":"3700301","prefecture_code":10,"town":"新田天良町","city_name":"太田市"},{"code":"3700332","prefecture_code":10,"town":"新田中江田町","city_name":"太田市"},{"code":"3700356","prefecture_code":10,"town":"新田萩町","city_name":"太田市"},{"code":"3700345","prefecture_code":10,"town":"新田花香塚町","city_name":"太田市"},{"code":"3700344","prefecture_code":10,"town":"新田早川町","city_name":"太田市"},{"code":"3700311","prefecture_code":10,"town":"新田瑞木町","city_name":"太田市"},{"code":"3700312","prefecture_code":10,"town":"新田村田町","city_name":"太田市"},{"code":"3700404","prefecture_code":10,"town":"備前島町","city_name":"太田市"},{"code":"3700417","prefecture_code":10,"town":"二ツ小屋町","city_name":"太田市"},{"code":"3700414","prefecture_code":10,"town":"堀口町","city_name":"太田市"},{"code":"3700406","prefecture_code":10,"town":"前小屋町","city_name":"太田市"},{"code":"3700416","prefecture_code":10,"town":"前島町","city_name":"太田市"},{"code":"3700415","prefecture_code":10,"town":"南ケ丘町","city_name":"太田市"},{"code":"3700418","prefecture_code":10,"town":"武蔵島町","city_name":"太田市"},{"code":"3701401","prefecture_code":10,"town":"鬼石","city_name":"藤岡市"},{"code":"3701404","prefecture_code":10,"town":"坂原","city_name":"藤岡市"},{"code":"3701405","prefecture_code":10,"town":"三波川","city_name":"藤岡市"},{"code":"3701406","prefecture_code":10,"town":"浄法寺","city_name":"藤岡市"},{"code":"3701403","prefecture_code":10,"town":"保美濃山","city_name":"藤岡市"},{"code":"3701402","prefecture_code":10,"town":"譲原","city_name":"藤岡市"},{"code":"3702300","prefecture_code":10,"town":"","city_name":"富岡市"},{"code":"3702306","prefecture_code":10,"town":"相野田","city_name":"富岡市"},{"code":"3702452","prefecture_code":10,"town":"一ノ宮","city_name":"富岡市"},{"code":"3702322","prefecture_code":10,"town":"岩染","city_name":"富岡市"},{"code":"3702451","prefecture_code":10,"town":"宇田","city_name":"富岡市"},{"code":"3702335","prefecture_code":10,"town":"大島","city_name":"富岡市"},{"code":"3702321","prefecture_code":10,"town":"岡本","city_name":"富岡市"},{"code":"3702466","prefecture_code":10,"town":"蚊沼","city_name":"富岡市"},{"code":"3702455","prefecture_code":10,"town":"神農原","city_name":"富岡市"},{"code":"3702345","prefecture_code":10,"town":"上黒岩","city_name":"富岡市"},{"code":"3702456","prefecture_code":10,"town":"上小林","city_name":"富岡市"},{"code":"3702317","prefecture_code":10,"town":"上高尾","city_name":"富岡市"},{"code":"3702334","prefecture_code":10,"town":"上高瀬","city_name":"富岡市"},{"code":"3702461","prefecture_code":10,"town":"上丹生","city_name":"富岡市"},{"code":"3702463","prefecture_code":10,"town":"神成","city_name":"富岡市"},{"code":"3702313","prefecture_code":10,"town":"君川","city_name":"富岡市"},{"code":"3702344","prefecture_code":10,"town":"黒川","city_name":"富岡市"},{"code":"3702301","prefecture_code":10,"town":"桑原","city_name":"富岡市"},{"code":"3702304","prefecture_code":10,"town":"後賀","city_name":"富岡市"},{"code":"3702302","prefecture_code":10,"town":"小桑原","city_name":"富岡市"},{"code":"3702341","prefecture_code":10,"town":"下黒岩","city_name":"富岡市"},{"code":"3702311","prefecture_code":10,"town":"下高尾","city_name":"富岡市"},{"code":"3702332","prefecture_code":10,"town":"下高瀬","city_name":"富岡市"},{"code":"3702462","prefecture_code":10,"town":"下丹生","city_name":"富岡市"},{"code":"3702305","prefecture_code":10,"town":"白岩","city_name":"富岡市"},{"code":"3702315","prefecture_code":10,"town":"曽木","city_name":"富岡市"},{"code":"3702331","prefecture_code":10,"town":"内匠","city_name":"富岡市"},{"code":"3702314","prefecture_code":10,"town":"田篠","city_name":"富岡市"},{"code":"3702454","prefecture_code":10,"town":"田島","city_name":"富岡市"},{"code":"3702316","prefecture_code":10,"town":"富岡","city_name":"富岡市"},{"code":"3702465","prefecture_code":10,"town":"中沢","city_name":"富岡市"},{"code":"3702333","prefecture_code":10,"town":"中高瀬","city_name":"富岡市"},{"code":"3702343","prefecture_code":10,"town":"七日市","city_name":"富岡市"},{"code":"3702464","prefecture_code":10,"town":"南蛇井","city_name":"富岡市"},{"code":"3702323","prefecture_code":10,"town":"野上","city_name":"富岡市"},{"code":"3702467","prefecture_code":10,"town":"原","city_name":"富岡市"},{"code":"3702307","prefecture_code":10,"town":"藤木","city_name":"富岡市"},{"code":"3702342","prefecture_code":10,"town":"別保","city_name":"富岡市"},{"code":"3702312","prefecture_code":10,"town":"星田","city_name":"富岡市"},{"code":"3702324","prefecture_code":10,"town":"南後箇","city_name":"富岡市"},{"code":"3702453","prefecture_code":10,"town":"宮崎","city_name":"富岡市"},{"code":"3702411","prefecture_code":10,"town":"妙義町上高田","city_name":"富岡市"},{"code":"3702412","prefecture_code":10,"town":"妙義町下高田","city_name":"富岡市"},{"code":"3702413","prefecture_code":10,"town":"妙義町八木連","city_name":"富岡市"},{"code":"3702303","prefecture_code":10,"town":"蕨","city_name":"富岡市"},{"code":"3703500","prefecture_code":10,"town":"","city_name":"北群馬郡榛東村"},{"code":"3703503","prefecture_code":10,"town":"新井","city_name":"北群馬郡榛東村"},{"code":"3703505","prefecture_code":10,"town":"上野原","city_name":"北群馬郡榛東村"},{"code":"3703501","prefecture_code":10,"town":"長岡","city_name":"北群馬郡榛東村"},{"code":"3703504","prefecture_code":10,"town":"広馬場","city_name":"北群馬郡榛東村"},{"code":"3703502","prefecture_code":10,"town":"山子田","city_name":"北群馬郡榛東村"},{"code":"3703600","prefecture_code":10,"town":"","city_name":"北群馬郡吉岡町"},{"code":"3703601","prefecture_code":10,"town":"漆原","city_name":"北群馬郡吉岡町"},{"code":"3703602","prefecture_code":10,"town":"大久保","city_name":"北群馬郡吉岡町"},{"code":"3703607","prefecture_code":10,"town":"小倉","city_name":"北群馬郡吉岡町"},{"code":"3703606","prefecture_code":10,"town":"上野田","city_name":"北群馬郡吉岡町"},{"code":"3703605","prefecture_code":10,"town":"北下","city_name":"北群馬郡吉岡町"},{"code":"3703608","prefecture_code":10,"town":"下野田","city_name":"北群馬郡吉岡町"},{"code":"3703603","prefecture_code":10,"town":"陣場","city_name":"北群馬郡吉岡町"},{"code":"3703604","prefecture_code":10,"town":"南下","city_name":"北群馬郡吉岡町"},{"code":"3701600","prefecture_code":10,"town":"","city_name":"多野郡上野村"},{"code":"3701616","prefecture_code":10,"town":"乙父","city_name":"多野郡上野村"},{"code":"3701615","prefecture_code":10,"town":"乙母","city_name":"多野郡上野村"},{"code":"3701613","prefecture_code":10,"town":"勝山","city_name":"多野郡上野村"},{"code":"3701614","prefecture_code":10,"town":"川和","city_name":"多野郡上野村"},{"code":"3701617","prefecture_code":10,"town":"楢原","city_name":"多野郡上野村"},{"code":"3701611","prefecture_code":10,"town":"新羽","city_name":"多野郡上野村"},{"code":"3701612","prefecture_code":10,"town":"野栗沢","city_name":"多野郡上野村"},{"code":"3701600","prefecture_code":10,"town":"","city_name":"多野郡神流町"},{"code":"3701511","prefecture_code":10,"town":"相原","city_name":"多野郡神流町"},{"code":"3701512","prefecture_code":10,"town":"青梨","city_name":"多野郡神流町"},{"code":"3701502","prefecture_code":10,"town":"麻生","city_name":"多野郡神流町"},{"code":"3701604","prefecture_code":10,"town":"尾附","city_name":"多野郡神流町"},{"code":"3701602","prefecture_code":10,"town":"神ケ原","city_name":"多野郡神流町"},{"code":"3701501","prefecture_code":10,"town":"柏木","city_name":"多野郡神流町"},{"code":"3701506","prefecture_code":10,"town":"黒田","city_name":"多野郡神流町"},{"code":"3701513","prefecture_code":10,"town":"小平","city_name":"多野郡神流町"},{"code":"3701514","prefecture_code":10,"town":"塩沢","city_name":"多野郡神流町"},{"code":"3701503","prefecture_code":10,"town":"生利","city_name":"多野郡神流町"},{"code":"3701515","prefecture_code":10,"town":"船子","city_name":"多野郡神流町"},{"code":"3701603","prefecture_code":10,"town":"平原","city_name":"多野郡神流町"},{"code":"3701504","prefecture_code":10,"town":"万場","city_name":"多野郡神流町"},{"code":"3701505","prefecture_code":10,"town":"森戸","city_name":"多野郡神流町"},{"code":"3701601","prefecture_code":10,"town":"魚尾","city_name":"多野郡神流町"},{"code":"3702600","prefecture_code":10,"town":"","city_name":"甘楽郡下仁田町"},{"code":"3702611","prefecture_code":10,"town":"青倉","city_name":"甘楽郡下仁田町"},{"code":"3702613","prefecture_code":10,"town":"大桑原","city_name":"甘楽郡下仁田町"},{"code":"3702614","prefecture_code":10,"town":"風口","city_name":"甘楽郡下仁田町"},{"code":"3702621","prefecture_code":10,"town":"上小坂","city_name":"甘楽郡下仁田町"},{"code":"3702606","prefecture_code":10,"town":"川井","city_name":"甘楽郡下仁田町"},{"code":"3702605","prefecture_code":10,"town":"栗山","city_name":"甘楽郡下仁田町"},{"code":"3702623","prefecture_code":10,"town":"下小坂","city_name":"甘楽郡下仁田町"},{"code":"3702616","prefecture_code":10,"town":"下郷","city_name":"甘楽郡下仁田町"},{"code":"3702601","prefecture_code":10,"town":"下仁田","city_name":"甘楽郡下仁田町"},{"code":"3702622","prefecture_code":10,"town":"中小坂","city_name":"甘楽郡下仁田町"},{"code":"3702627","prefecture_code":10,"town":"西野牧","city_name":"甘楽郡下仁田町"},{"code":"3702602","prefecture_code":10,"town":"白山","city_name":"甘楽郡下仁田町"},{"code":"3702624","prefecture_code":10,"town":"東野牧","city_name":"甘楽郡下仁田町"},{"code":"3702612","prefecture_code":10,"town":"平原","city_name":"甘楽郡下仁田町"},{"code":"3702603","prefecture_code":10,"town":"馬山","city_name":"甘楽郡下仁田町"},{"code":"3702626","prefecture_code":10,"town":"南野牧","city_name":"甘楽郡下仁田町"},{"code":"3702615","prefecture_code":10,"town":"宮室","city_name":"甘楽郡下仁田町"},{"code":"3702625","prefecture_code":10,"town":"本宿","city_name":"甘楽郡下仁田町"},{"code":"3702604","prefecture_code":10,"town":"吉崎","city_name":"甘楽郡下仁田町"},{"code":"3702800","prefecture_code":10,"town":"","city_name":"甘楽郡南牧村"},{"code":"3702804","prefecture_code":10,"town":"磐戸","city_name":"甘楽郡南牧村"},{"code":"3702801","prefecture_code":10,"town":"大塩沢","city_name":"甘楽郡南牧村"},{"code":"3702812","prefecture_code":10,"town":"大仁田","city_name":"甘楽郡南牧村"},{"code":"3702806","prefecture_code":10,"town":"大日向","city_name":"甘楽郡南牧村"},{"code":"3702802","prefecture_code":10,"town":"小沢","city_name":"甘楽郡南牧村"},{"code":"3702815","prefecture_code":10,"town":"熊倉","city_name":"甘楽郡南牧村"},{"code":"3702803","prefecture_code":10,"town":"千原","city_name":"甘楽郡南牧村"},{"code":"3702813","prefecture_code":10,"town":"砥沢","city_name":"甘楽郡南牧村"},{"code":"3702814","prefecture_code":10,"town":"羽沢","city_name":"甘楽郡南牧村"},{"code":"3702805","prefecture_code":10,"town":"檜沢","city_name":"甘楽郡南牧村"},{"code":"3702816","prefecture_code":10,"town":"星尾","city_name":"甘楽郡南牧村"},{"code":"3702811","prefecture_code":10,"town":"六車","city_name":"甘楽郡南牧村"},{"code":"3702200","prefecture_code":10,"town":"","city_name":"甘楽郡甘楽町"},{"code":"3702204","prefecture_code":10,"town":"秋畑","city_name":"甘楽郡甘楽町"},{"code":"3702217","prefecture_code":10,"town":"天引","city_name":"甘楽郡甘楽町"},{"code":"3702201","prefecture_code":10,"town":"上野","city_name":"甘楽郡甘楽町"},{"code":"3702211","prefecture_code":10,"town":"小川","city_name":"甘楽郡甘楽町"},{"code":"3702202","prefecture_code":10,"town":"小幡","city_name":"甘楽郡甘楽町"},{"code":"3702216","prefecture_code":10,"town":"金井","city_name":"甘楽郡甘楽町"},{"code":"3702205","prefecture_code":10,"town":"国峰","city_name":"甘楽郡甘楽町"},{"code":"3702213","prefecture_code":10,"town":"白倉","city_name":"甘楽郡甘楽町"},{"code":"3702206","prefecture_code":10,"town":"善慶寺","city_name":"甘楽郡甘楽町"},{"code":"3702215","prefecture_code":10,"town":"造石","city_name":"甘楽郡甘楽町"},{"code":"3702203","prefecture_code":10,"town":"轟","city_name":"甘楽郡甘楽町"},{"code":"3702214","prefecture_code":10,"town":"庭谷","city_name":"甘楽郡甘楽町"},{"code":"3702212","prefecture_code":10,"town":"福島","city_name":"甘楽郡甘楽町"},{"code":"3703321","prefecture_code":10,"town":"泉沢","city_name":"吾妻郡東吾妻町"},{"code":"3703311","prefecture_code":10,"town":"岡崎","city_name":"吾妻郡東吾妻町"},{"code":"3703322","prefecture_code":10,"town":"川戸","city_name":"吾妻郡東吾妻町"},{"code":"3701100","prefecture_code":10,"town":"","city_name":"佐波郡玉村町"},{"code":"3701116","prefecture_code":10,"town":"飯倉","city_name":"佐波郡玉村町"},{"code":"3701102","prefecture_code":10,"town":"飯塚","city_name":"佐波郡玉村町"},{"code":"3701135","prefecture_code":10,"town":"板井","city_name":"佐波郡玉村町"},{"code":"3701126","prefecture_code":10,"town":"宇貫","city_name":"佐波郡玉村町"},{"code":"3701121","prefecture_code":10,"town":"上飯島","city_name":"佐波郡玉村町"},{"code":"3701133","prefecture_code":10,"town":"上新田","city_name":"佐波郡玉村町"},{"code":"3701127","prefecture_code":10,"town":"上之手","city_name":"佐波郡玉村町"},{"code":"3701104","prefecture_code":10,"town":"上福島","city_name":"佐波郡玉村町"},{"code":"3701122","prefecture_code":10,"town":"上茂木","city_name":"佐波郡玉村町"},{"code":"3701117","prefecture_code":10,"town":"川井","city_name":"佐波郡玉村町"},{"code":"3701114","prefecture_code":10,"town":"小泉","city_name":"佐波郡玉村町"},{"code":"3701128","prefecture_code":10,"town":"後箇","city_name":"佐波郡玉村町"},{"code":"3701115","prefecture_code":10,"town":"五料","city_name":"佐波郡玉村町"},{"code":"3701131","prefecture_code":10,"town":"斎田","city_name":"佐波郡玉村町"},{"code":"3701132","prefecture_code":10,"town":"下新田","city_name":"佐波郡玉村町"},{"code":"3701112","prefecture_code":10,"town":"下之宮","city_name":"佐波郡玉村町"},{"code":"3701123","prefecture_code":10,"town":"下茂木","city_name":"佐波郡玉村町"},{"code":"3701124","prefecture_code":10,"town":"角渕","city_name":"佐波郡玉村町"},{"code":"3701111","prefecture_code":10,"town":"南玉","city_name":"佐波郡玉村町"},{"code":"3701113","prefecture_code":10,"town":"箱石","city_name":"佐波郡玉村町"},{"code":"3701103","prefecture_code":10,"town":"樋越","city_name":"佐波郡玉村町"},{"code":"3701105","prefecture_code":10,"town":"福島","city_name":"佐波郡玉村町"},{"code":"3701101","prefecture_code":10,"town":"藤川","city_name":"佐波郡玉村町"},{"code":"3701125","prefecture_code":10,"town":"八幡原","city_name":"佐波郡玉村町"},{"code":"3701134","prefecture_code":10,"town":"与六分","city_name":"佐波郡玉村町"},{"code":"3700700","prefecture_code":10,"town":"","city_name":"邑楽郡明和町"},{"code":"3700711","prefecture_code":10,"town":"入ケ谷","city_name":"邑楽郡明和町"},{"code":"3700714","prefecture_code":10,"town":"梅原","city_name":"邑楽郡明和町"},{"code":"3700706","prefecture_code":10,"town":"江口","city_name":"邑楽郡明和町"},{"code":"3700715","prefecture_code":10,"town":"大佐貫","city_name":"邑楽郡明和町"},{"code":"3700718","prefecture_code":10,"town":"大輪","city_name":"邑楽郡明和町"},{"code":"3700702","prefecture_code":10,"town":"上江黒","city_name":"邑楽郡明和町"},{"code":"3700716","prefecture_code":10,"town":"川俣","city_name":"邑楽郡明和町"},{"code":"3700703","prefecture_code":10,"town":"下江黒","city_name":"邑楽郡明和町"},{"code":"3700717","prefecture_code":10,"town":"須賀","city_name":"邑楽郡明和町"},{"code":"3700705","prefecture_code":10,"town":"千津井","city_name":"邑楽郡明和町"},{"code":"3700707","prefecture_code":10,"town":"田島","city_name":"邑楽郡明和町"},{"code":"3700704","prefecture_code":10,"town":"斗合田","city_name":"邑楽郡明和町"},{"code":"3700713","prefecture_code":10,"town":"中谷","city_name":"邑楽郡明和町"},{"code":"3700708","prefecture_code":10,"town":"新里","city_name":"邑楽郡明和町"},{"code":"3700701","prefecture_code":10,"town":"南大島","city_name":"邑楽郡明和町"},{"code":"3700712","prefecture_code":10,"town":"矢島","city_name":"邑楽郡明和町"},{"code":"3700500","prefecture_code":10,"town":"","city_name":"邑楽郡千代田町"},{"code":"3700503","prefecture_code":10,"town":"赤岩","city_name":"邑楽郡千代田町"},{"code":"3700506","prefecture_code":10,"town":"赤岩西","city_name":"邑楽郡千代田町"},{"code":"3700726","prefecture_code":10,"town":"上五箇","city_name":"邑楽郡千代田町"},{"code":"3700725","prefecture_code":10,"town":"上中森","city_name":"邑楽郡千代田町"},{"code":"3700722","prefecture_code":10,"town":"萱野","city_name":"邑楽郡千代田町"},{"code":"3700721","prefecture_code":10,"town":"木崎","city_name":"邑楽郡千代田町"},{"code":"3700724","prefecture_code":10,"town":"下中森","city_name":"邑楽郡千代田町"},{"code":"3700723","prefecture_code":10,"town":"昭和","city_name":"邑楽郡千代田町"},{"code":"3700505","prefecture_code":10,"town":"新福寺","city_name":"邑楽郡千代田町"},{"code":"3700727","prefecture_code":10,"town":"瀬戸井","city_name":"邑楽郡千代田町"},{"code":"3700502","prefecture_code":10,"town":"鍋谷","city_name":"邑楽郡千代田町"},{"code":"3700501","prefecture_code":10,"town":"福島","city_name":"邑楽郡千代田町"},{"code":"3700504","prefecture_code":10,"town":"舞木","city_name":"邑楽郡千代田町"},{"code":"3700507","prefecture_code":10,"town":"舞木東","city_name":"邑楽郡千代田町"},{"code":"3700500","prefecture_code":10,"town":"","city_name":"邑楽郡大泉町"},{"code":"3700514","prefecture_code":10,"town":"朝日","city_name":"邑楽郡大泉町"},{"code":"3700531","prefecture_code":10,"town":"いずみ","city_name":"邑楽郡大泉町"},{"code":"3700534","prefecture_code":10,"town":"丘山","city_name":"邑楽郡大泉町"},{"code":"3700512","prefecture_code":10,"town":"上小泉","city_name":"邑楽郡大泉町"},{"code":"3700511","prefecture_code":10,"town":"北小泉","city_name":"邑楽郡大泉町"},{"code":"3700524","prefecture_code":10,"town":"古海","city_name":"邑楽郡大泉町"},{"code":"3700532","prefecture_code":10,"town":"坂田","city_name":"邑楽郡大泉町"},{"code":"3700515","prefecture_code":10,"town":"下小泉","city_name":"邑楽郡大泉町"},{"code":"3700518","prefecture_code":10,"town":"城之内","city_name":"邑楽郡大泉町"},{"code":"3700521","prefecture_code":10,"town":"住吉","city_name":"邑楽郡大泉町"},{"code":"3700533","prefecture_code":10,"town":"仙石","city_name":"邑楽郡大泉町"},{"code":"3700516","prefecture_code":10,"town":"中央","city_name":"邑楽郡大泉町"},{"code":"3700517","prefecture_code":10,"town":"西小泉","city_name":"邑楽郡大泉町"},{"code":"3700513","prefecture_code":10,"town":"東小泉","city_name":"邑楽郡大泉町"},{"code":"3700525","prefecture_code":10,"town":"日の出","city_name":"邑楽郡大泉町"},{"code":"3700522","prefecture_code":10,"town":"富士","city_name":"邑楽郡大泉町"},{"code":"3700536","prefecture_code":10,"town":"古氷","city_name":"邑楽郡大泉町"},{"code":"3700523","prefecture_code":10,"town":"吉田","city_name":"邑楽郡大泉町"},{"code":"3700535","prefecture_code":10,"town":"寄木戸","city_name":"邑楽郡大泉町"},{"code":"3700600","prefecture_code":10,"town":"","city_name":"邑楽郡邑楽町"},{"code":"3700614","prefecture_code":10,"town":"赤堀","city_name":"邑楽郡邑楽町"},{"code":"3700606","prefecture_code":10,"town":"秋妻","city_name":"邑楽郡邑楽町"},{"code":"3700602","prefecture_code":10,"town":"明野","city_name":"邑楽郡邑楽町"},{"code":"3700604","prefecture_code":10,"town":"石打","city_name":"邑楽郡邑楽町"},{"code":"3700601","prefecture_code":10,"town":"鶉","city_name":"邑楽郡邑楽町"},{"code":"3700611","prefecture_code":10,"town":"鶉新田","city_name":"邑楽郡邑楽町"},{"code":"3700616","prefecture_code":10,"town":"光善寺","city_name":"邑楽郡邑楽町"},{"code":"3700615","prefecture_code":10,"town":"篠塚","city_name":"邑楽郡邑楽町"},{"code":"3700612","prefecture_code":10,"town":"新中野","city_name":"邑楽郡邑楽町"},{"code":"3700603","prefecture_code":10,"town":"中野","city_name":"邑楽郡邑楽町"},{"code":"3700605","prefecture_code":10,"town":"藤川","city_name":"邑楽郡邑楽町"},{"code":"3700613","prefecture_code":10,"town":"狸塚","city_name":"邑楽郡邑楽町"},{"code":"3701507","prefecture_code":11,"town":"吉田太田部","city_name":"秩父市"}]
