[{"code":"3792154","prefecture_code":10,"town":"天川大島町","city_name":"前橋市"},{"code":"3792112","prefecture_code":10,"town":"新井町","city_name":"前橋市"},{"code":"3792107","prefecture_code":10,"town":"荒口町","city_name":"前橋市"},{"code":"3792106","prefecture_code":10,"town":"荒子町","city_name":"前橋市"},{"code":"3792111","prefecture_code":10,"town":"飯土井町","city_name":"前橋市"},{"code":"3792101","prefecture_code":10,"town":"泉沢町","city_name":"前橋市"},{"code":"3792116","prefecture_code":10,"town":"今井町","city_name":"前橋市"},{"code":"3792115","prefecture_code":10,"town":"笂井町","city_name":"前橋市"},{"code":"3792163","prefecture_code":10,"town":"女屋町","city_name":"前橋市"},{"code":"3792153","prefecture_code":10,"town":"上大島町","city_name":"前橋市"},{"code":"3792165","prefecture_code":10,"town":"上長磯町","city_name":"前橋市"},{"code":"3792114","prefecture_code":10,"town":"上増田町","city_name":"前橋市"},{"code":"3792147","prefecture_code":10,"town":"亀里町","city_name":"前橋市"},{"code":"3792103","prefecture_code":10,"town":"神沢の森","city_name":"前橋市"},{"code":"3792146","prefecture_code":10,"town":"公田町","city_name":"前橋市"},{"code":"3792162","prefecture_code":10,"town":"小島田町","city_name":"前橋市"},{"code":"3792122","prefecture_code":10,"town":"駒形町","city_name":"前橋市"},{"code":"3792121","prefecture_code":10,"town":"小屋原町","city_name":"前橋市"},{"code":"3792123","prefecture_code":10,"town":"山王町","city_name":"前橋市"},{"code":"3792142","prefecture_code":10,"town":"下阿内町","city_name":"前橋市"},{"code":"3792152","prefecture_code":10,"town":"下大島町","city_name":"前橋市"},{"code":"3792102","prefecture_code":10,"town":"下大屋町","city_name":"前橋市"},{"code":"3792144","prefecture_code":10,"town":"下川町","city_name":"前橋市"},{"code":"3792151","prefecture_code":10,"town":"下長磯町","city_name":"前橋市"},{"code":"3792113","prefecture_code":10,"town":"下増田町","city_name":"前橋市"},{"code":"3792108","prefecture_code":10,"town":"鶴が谷町","city_name":"前橋市"},{"code":"3792141","prefecture_code":10,"town":"鶴光路町","city_name":"前橋市"},{"code":"3792135","prefecture_code":10,"town":"徳丸町","city_name":"前橋市"},{"code":"3792161","prefecture_code":10,"town":"富田町","city_name":"前橋市"},{"code":"3792133","prefecture_code":10,"town":"中内町","city_name":"前橋市"},{"code":"3792143","prefecture_code":10,"town":"新堀町","city_name":"前橋市"},{"code":"3792104","prefecture_code":10,"town":"西大室町","city_name":"前橋市"},{"code":"3792131","prefecture_code":10,"town":"西善町","city_name":"前橋市"},{"code":"3792117","prefecture_code":10,"town":"二之宮町","city_name":"前橋市"},{"code":"3792166","prefecture_code":10,"town":"野中町","city_name":"前橋市"},{"code":"3792164","prefecture_code":10,"town":"東上野町","city_name":"前橋市"},{"code":"3792105","prefecture_code":10,"town":"東大室町","city_name":"前橋市"},{"code":"3792132","prefecture_code":10,"town":"東善町","city_name":"前橋市"},{"code":"3792136","prefecture_code":10,"town":"房丸町","city_name":"前橋市"},{"code":"3792145","prefecture_code":10,"town":"横手町","city_name":"前橋市"},{"code":"3792134","prefecture_code":10,"town":"力丸町","city_name":"前橋市"},{"code":"3792201","prefecture_code":10,"town":"間野谷町","city_name":"伊勢崎市"},{"code":"3792215","prefecture_code":10,"town":"赤堀今井町","city_name":"伊勢崎市"},{"code":"3792202","prefecture_code":10,"town":"赤堀鹿島町","city_name":"伊勢崎市"},{"code":"3792231","prefecture_code":10,"town":"東町","city_name":"伊勢崎市"},{"code":"3792217","prefecture_code":10,"town":"磯町","city_name":"伊勢崎市"},{"code":"3792211","prefecture_code":10,"town":"市場町","city_name":"伊勢崎市"},{"code":"3792225","prefecture_code":10,"town":"上田町","city_name":"伊勢崎市"},{"code":"3792221","prefecture_code":10,"town":"国定町","city_name":"伊勢崎市"},{"code":"3792232","prefecture_code":10,"town":"小泉町","city_name":"伊勢崎市"},{"code":"3792206","prefecture_code":10,"town":"香林町","city_name":"伊勢崎市"},{"code":"3792213","prefecture_code":10,"town":"五目牛町","city_name":"伊勢崎市"},{"code":"3792214","prefecture_code":10,"town":"下触町","city_name":"伊勢崎市"},{"code":"3792222","prefecture_code":10,"town":"田部井町","city_name":"伊勢崎市"},{"code":"3792224","prefecture_code":10,"town":"西小保方町","city_name":"伊勢崎市"},{"code":"3792204","prefecture_code":10,"town":"西久保町","city_name":"伊勢崎市"},{"code":"3792216","prefecture_code":10,"town":"西野町","city_name":"伊勢崎市"},{"code":"3792205","prefecture_code":10,"town":"野町","city_name":"伊勢崎市"},{"code":"3792236","prefecture_code":10,"town":"八寸町","city_name":"伊勢崎市"},{"code":"3792234","prefecture_code":10,"town":"東小保方町","city_name":"伊勢崎市"},{"code":"3792233","prefecture_code":10,"town":"平井町","city_name":"伊勢崎市"},{"code":"3792212","prefecture_code":10,"town":"堀下町","city_name":"伊勢崎市"},{"code":"3792203","prefecture_code":10,"town":"曲沢町","city_name":"伊勢崎市"},{"code":"3792235","prefecture_code":10,"town":"三室町","city_name":"伊勢崎市"},{"code":"3792306","prefecture_code":10,"town":"大久保町","city_name":"太田市"},{"code":"3792304","prefecture_code":10,"town":"大原町","city_name":"太田市"},{"code":"3792301","prefecture_code":10,"town":"藪塚町","city_name":"太田市"},{"code":"3792302","prefecture_code":10,"town":"山之神町","city_name":"太田市"},{"code":"3792303","prefecture_code":10,"town":"寄合町","city_name":"太田市"},{"code":"3792305","prefecture_code":10,"town":"六千石町","city_name":"太田市"},{"code":"3791122","prefecture_code":10,"town":"赤城町勝保沢","city_name":"渋川市"},{"code":"3791125","prefecture_code":10,"town":"赤城町上三原田","city_name":"渋川市"},{"code":"3791111","prefecture_code":10,"town":"赤城町北赤城山","city_name":"渋川市"},{"code":"3791105","prefecture_code":10,"town":"赤城町北上野","city_name":"渋川市"},{"code":"3791114","prefecture_code":10,"town":"赤城町栄","city_name":"渋川市"},{"code":"3791104","prefecture_code":10,"town":"赤城町敷島","city_name":"渋川市"},{"code":"3791124","prefecture_code":10,"town":"赤城町滝沢","city_name":"渋川市"},{"code":"3791101","prefecture_code":10,"town":"赤城町棚下","city_name":"渋川市"},{"code":"3791127","prefecture_code":10,"town":"赤城町樽","city_name":"渋川市"},{"code":"3791103","prefecture_code":10,"town":"赤城町津久田","city_name":"渋川市"},{"code":"3791102","prefecture_code":10,"town":"赤城町長井小川田","city_name":"渋川市"},{"code":"3791115","prefecture_code":10,"town":"赤城町溝呂木","city_name":"渋川市"},{"code":"3791123","prefecture_code":10,"town":"赤城町見立","city_name":"渋川市"},{"code":"3791113","prefecture_code":10,"town":"赤城町南赤城山","city_name":"渋川市"},{"code":"3791126","prefecture_code":10,"town":"赤城町三原田","city_name":"渋川市"},{"code":"3791121","prefecture_code":10,"town":"赤城町宮田","city_name":"渋川市"},{"code":"3791112","prefecture_code":10,"town":"赤城町深山","city_name":"渋川市"},{"code":"3791116","prefecture_code":10,"town":"赤城町持柏木","city_name":"渋川市"},{"code":"3790202","prefecture_code":10,"town":"妙義町大牛","city_name":"富岡市"},{"code":"3790205","prefecture_code":10,"town":"妙義町北山","city_name":"富岡市"},{"code":"3790208","prefecture_code":10,"town":"妙義町菅原","city_name":"富岡市"},{"code":"3790203","prefecture_code":10,"town":"妙義町岳","city_name":"富岡市"},{"code":"3790206","prefecture_code":10,"town":"妙義町中里","city_name":"富岡市"},{"code":"3790204","prefecture_code":10,"town":"妙義町行沢","city_name":"富岡市"},{"code":"3790207","prefecture_code":10,"town":"妙義町古立","city_name":"富岡市"},{"code":"3790201","prefecture_code":10,"town":"妙義町妙義","city_name":"富岡市"},{"code":"3790209","prefecture_code":10,"town":"妙義町諸戸","city_name":"富岡市"},{"code":"3790100","prefecture_code":10,"town":"","city_name":"安中市"},{"code":"3790109","prefecture_code":10,"town":"秋間みのりが丘","city_name":"安中市"},{"code":"3790116","prefecture_code":10,"town":"安中","city_name":"安中市"},{"code":"3790127","prefecture_code":10,"town":"磯部","city_name":"安中市"},{"code":"3790111","prefecture_code":10,"town":"板鼻","city_name":"安中市"},{"code":"3790112","prefecture_code":10,"town":"岩井","city_name":"安中市"},{"code":"3790121","prefecture_code":10,"town":"大竹","city_name":"安中市"},{"code":"3790113","prefecture_code":10,"town":"大谷","city_name":"安中市"},{"code":"3790105","prefecture_code":10,"town":"小俣","city_name":"安中市"},{"code":"3790108","prefecture_code":10,"town":"上後閑","city_name":"安中市"},{"code":"3790123","prefecture_code":10,"town":"上間仁田","city_name":"安中市"},{"code":"3790135","prefecture_code":10,"town":"郷原","city_name":"安中市"},{"code":"3790132","prefecture_code":10,"town":"高別当","city_name":"安中市"},{"code":"3790124","prefecture_code":10,"town":"鷺宮","city_name":"安中市"},{"code":"3790104","prefecture_code":10,"town":"下秋間","city_name":"安中市"},{"code":"3790129","prefecture_code":10,"town":"下磯部","city_name":"安中市"},{"code":"3790106","prefecture_code":10,"town":"下後閑","city_name":"安中市"},{"code":"3790122","prefecture_code":10,"town":"下間仁田","city_name":"安中市"},{"code":"3790103","prefecture_code":10,"town":"中秋間","city_name":"安中市"},{"code":"3790107","prefecture_code":10,"town":"中後閑","city_name":"安中市"},{"code":"3790115","prefecture_code":10,"town":"中宿","city_name":"安中市"},{"code":"3790125","prefecture_code":10,"town":"中野谷","city_name":"安中市"},{"code":"3790101","prefecture_code":10,"town":"西上秋間","city_name":"安中市"},{"code":"3790126","prefecture_code":10,"town":"西上磯部","city_name":"安中市"},{"code":"3790114","prefecture_code":10,"town":"野殿","city_name":"安中市"},{"code":"3790133","prefecture_code":10,"town":"原市","city_name":"安中市"},{"code":"3790102","prefecture_code":10,"town":"東上秋間","city_name":"安中市"},{"code":"3790128","prefecture_code":10,"town":"東上磯部","city_name":"安中市"},{"code":"3790131","prefecture_code":10,"town":"古屋","city_name":"安中市"},{"code":"3790216","prefecture_code":10,"town":"松井田町新井","city_name":"安中市"},{"code":"3790305","prefecture_code":10,"town":"松井田町入山","city_name":"安中市"},{"code":"3790226","prefecture_code":10,"town":"松井田町行田","city_name":"安中市"},{"code":"3790213","prefecture_code":10,"town":"松井田町小日向","city_name":"安中市"},{"code":"3790211","prefecture_code":10,"town":"松井田町上増田","city_name":"安中市"},{"code":"3790304","prefecture_code":10,"town":"松井田町北野牧","city_name":"安中市"},{"code":"3790214","prefecture_code":10,"town":"松井田町国衙","city_name":"安中市"},{"code":"3790302","prefecture_code":10,"town":"松井田町五料","city_name":"安中市"},{"code":"3790307","prefecture_code":10,"town":"松井田町坂本","city_name":"安中市"},{"code":"3790212","prefecture_code":10,"town":"松井田町下増田","city_name":"安中市"},{"code":"3790215","prefecture_code":10,"town":"松井田町高梨子","city_name":"安中市"},{"code":"3790221","prefecture_code":10,"town":"松井田町新堀","city_name":"安中市"},{"code":"3790223","prefecture_code":10,"town":"松井田町二軒在家","city_name":"安中市"},{"code":"3790303","prefecture_code":10,"town":"松井田町西野牧","city_name":"安中市"},{"code":"3790306","prefecture_code":10,"town":"松井田町原","city_name":"安中市"},{"code":"3790217","prefecture_code":10,"town":"松井田町土塩","city_name":"安中市"},{"code":"3790224","prefecture_code":10,"town":"松井田町人見","city_name":"安中市"},{"code":"3790222","prefecture_code":10,"town":"松井田町松井田","city_name":"安中市"},{"code":"3790225","prefecture_code":10,"town":"松井田町八城","city_name":"安中市"},{"code":"3790301","prefecture_code":10,"town":"松井田町横川","city_name":"安中市"},{"code":"3790136","prefecture_code":10,"town":"嶺","city_name":"安中市"},{"code":"3790134","prefecture_code":10,"town":"簗瀬","city_name":"安中市"},{"code":"3792311","prefecture_code":10,"town":"笠懸町阿左美","city_name":"みどり市"},{"code":"3792312","prefecture_code":10,"town":"笠懸町久宮","city_name":"みどり市"},{"code":"3792314","prefecture_code":10,"town":"笠懸町西鹿田","city_name":"みどり市"},{"code":"3792313","prefecture_code":10,"town":"笠懸町鹿","city_name":"みどり市"},{"code":"3791200","prefecture_code":10,"town":"","city_name":"利根郡昭和村"},{"code":"3791207","prefecture_code":10,"town":"赤城原","city_name":"利根郡昭和村"},{"code":"3791203","prefecture_code":10,"town":"糸井","city_name":"利根郡昭和村"},{"code":"3791201","prefecture_code":10,"town":"生越","city_name":"利根郡昭和村"},{"code":"3791202","prefecture_code":10,"town":"貝野瀬","city_name":"利根郡昭和村"},{"code":"3791205","prefecture_code":10,"town":"川額","city_name":"利根郡昭和村"},{"code":"3791206","prefecture_code":10,"town":"橡久保","city_name":"利根郡昭和村"},{"code":"3791204","prefecture_code":10,"town":"森下","city_name":"利根郡昭和村"},{"code":"3791300","prefecture_code":10,"town":"","city_name":"利根郡みなかみ町"},{"code":"3791404","prefecture_code":10,"town":"相俣","city_name":"利根郡みなかみ町"},{"code":"3791618","prefecture_code":10,"town":"阿能川","city_name":"利根郡みなかみ町"},{"code":"3791411","prefecture_code":10,"town":"新巻","city_name":"利根郡みなかみ町"},{"code":"3791723","prefecture_code":10,"town":"粟沢","city_name":"利根郡みなかみ町"},{"code":"3791311","prefecture_code":10,"town":"石倉","city_name":"利根郡みなかみ町"},{"code":"3791416","prefecture_code":10,"town":"入須川","city_name":"利根郡みなかみ町"},{"code":"3791727","prefecture_code":10,"town":"大穴","city_name":"利根郡みなかみ町"},{"code":"3791302","prefecture_code":10,"town":"大沼","city_name":"利根郡みなかみ町"},{"code":"3791312","prefecture_code":10,"town":"小川","city_name":"利根郡みなかみ町"},{"code":"3791612","prefecture_code":10,"town":"小日向","city_name":"利根郡みなかみ町"},{"code":"3791611","prefecture_code":10,"town":"鹿野沢","city_name":"利根郡みなかみ町"},{"code":"3791315","prefecture_code":10,"town":"上津","city_name":"利根郡みなかみ町"},{"code":"3791303","prefecture_code":10,"town":"上牧","city_name":"利根郡みなかみ町"},{"code":"3791616","prefecture_code":10,"town":"川上","city_name":"利根郡みなかみ町"},{"code":"3791726","prefecture_code":10,"town":"幸知","city_name":"利根郡みなかみ町"},{"code":"3791305","prefecture_code":10,"town":"後閑","city_name":"利根郡みなかみ町"},{"code":"3791615","prefecture_code":10,"town":"小仁田","city_name":"利根郡みなかみ町"},{"code":"3791403","prefecture_code":10,"town":"猿ヶ京温泉","city_name":"利根郡みなかみ町"},{"code":"3791314","prefecture_code":10,"town":"下津","city_name":"利根郡みなかみ町"},{"code":"3791304","prefecture_code":10,"town":"下牧","city_name":"利根郡みなかみ町"},{"code":"3791418","prefecture_code":10,"town":"須川","city_name":"利根郡みなかみ町"},{"code":"3791613","prefecture_code":10,"town":"高日向","city_name":"利根郡みなかみ町"},{"code":"3791619","prefecture_code":10,"town":"谷川","city_name":"利根郡みなかみ町"},{"code":"3791313","prefecture_code":10,"town":"月夜野","city_name":"利根郡みなかみ町"},{"code":"3791725","prefecture_code":10,"town":"綱子","city_name":"利根郡みなかみ町"},{"code":"3791614","prefecture_code":10,"town":"寺間","city_name":"利根郡みなかみ町"},{"code":"3791401","prefecture_code":10,"town":"永井","city_name":"利根郡みなかみ町"},{"code":"3791301","prefecture_code":10,"town":"奈女沢","city_name":"利根郡みなかみ町"},{"code":"3791415","prefecture_code":10,"town":"西峰須川","city_name":"利根郡みなかみ町"},{"code":"3791412","prefecture_code":10,"town":"羽場","city_name":"利根郡みなかみ町"},{"code":"3791417","prefecture_code":10,"town":"東峰","city_name":"利根郡みなかみ町"},{"code":"3791402","prefecture_code":10,"town":"吹路","city_name":"利根郡みなかみ町"},{"code":"3791721","prefecture_code":10,"town":"藤原","city_name":"利根郡みなかみ町"},{"code":"3791414","prefecture_code":10,"town":"布施","city_name":"利根郡みなかみ町"},{"code":"3791308","prefecture_code":10,"town":"真庭","city_name":"利根郡みなかみ町"},{"code":"3791307","prefecture_code":10,"town":"政所","city_name":"利根郡みなかみ町"},{"code":"3791724","prefecture_code":10,"town":"向山","city_name":"利根郡みなかみ町"},{"code":"3791306","prefecture_code":10,"town":"師","city_name":"利根郡みなかみ町"},{"code":"3791413","prefecture_code":10,"town":"師田","city_name":"利根郡みなかみ町"},{"code":"3791409","prefecture_code":10,"town":"湯宿温泉","city_name":"利根郡みなかみ町"},{"code":"3791617","prefecture_code":10,"town":"湯原","city_name":"利根郡みなかみ町"},{"code":"3791728","prefecture_code":10,"town":"湯桧曽","city_name":"利根郡みなかみ町"},{"code":"3791722","prefecture_code":10,"town":"夜後","city_name":"利根郡みなかみ町"},{"code":"3791601","prefecture_code":10,"town":"吉本","city_name":"利根郡みなかみ町"}]
