[{"code":"3820000","prefecture_code":20,"town":"","city_name":"須坂市"},{"code":"3820065","prefecture_code":20,"town":"相之島","city_name":"須坂市"},{"code":"3820003","prefecture_code":20,"town":"旭ケ丘","city_name":"須坂市"},{"code":"3820045","prefecture_code":20,"town":"井上","city_name":"須坂市"},{"code":"3820017","prefecture_code":20,"town":"相森町","city_name":"須坂市"},{"code":"3820012","prefecture_code":20,"town":"大谷町","city_name":"須坂市"},{"code":"3820901","prefecture_code":20,"town":"小河原","city_name":"須坂市"},{"code":"3820071","prefecture_code":20,"town":"小河原町","city_name":"須坂市"},{"code":"3820025","prefecture_code":20,"town":"大日向町","city_name":"須坂市"},{"code":"3820083","prefecture_code":20,"town":"上中町","city_name":"須坂市"},{"code":"3820044","prefecture_code":20,"town":"上八町","city_name":"須坂市"},{"code":"3820924","prefecture_code":20,"town":"亀倉","city_name":"須坂市"},{"code":"3820033","prefecture_code":20,"town":"亀倉町","city_name":"須坂市"},{"code":"3820028","prefecture_code":20,"town":"臥竜","city_name":"須坂市"},{"code":"3820084","prefecture_code":20,"town":"上町","city_name":"須坂市"},{"code":"3820907","prefecture_code":20,"town":"北相之島","city_name":"須坂市"},{"code":"3820061","prefecture_code":20,"town":"北相之島町","city_name":"須坂市"},{"code":"3820002","prefecture_code":20,"town":"北旭ケ丘町","city_name":"須坂市"},{"code":"3820092","prefecture_code":20,"town":"北原町","city_name":"須坂市"},{"code":"3820077","prefecture_code":20,"town":"北横町","city_name":"須坂市"},{"code":"3820933","prefecture_code":20,"town":"九反田","city_name":"須坂市"},{"code":"3820048","prefecture_code":20,"town":"九反田町","city_name":"須坂市"},{"code":"3820914","prefecture_code":20,"town":"幸高","city_name":"須坂市"},{"code":"3820047","prefecture_code":20,"town":"幸高町","city_name":"須坂市"},{"code":"3820931","prefecture_code":20,"town":"五閑","city_name":"須坂市"},{"code":"3820053","prefecture_code":20,"town":"五閑町","city_name":"須坂市"},{"code":"3820085","prefecture_code":20,"town":"穀町","city_name":"須坂市"},{"code":"3820906","prefecture_code":20,"town":"小島","city_name":"須坂市"},{"code":"3820062","prefecture_code":20,"town":"小島町","city_name":"須坂市"},{"code":"3820912","prefecture_code":20,"town":"小山","city_name":"須坂市"},{"code":"3820929","prefecture_code":20,"town":"坂田","city_name":"須坂市"},{"code":"3820026","prefecture_code":20,"town":"坂田町","city_name":"須坂市"},{"code":"3820916","prefecture_code":20,"town":"塩川","city_name":"須坂市"},{"code":"3820052","prefecture_code":20,"town":"塩川町","city_name":"須坂市"},{"code":"3820922","prefecture_code":20,"town":"塩野","city_name":"須坂市"},{"code":"3820024","prefecture_code":20,"town":"塩野町","city_name":"須坂市"},{"code":"3820043","prefecture_code":20,"town":"下八町","city_name":"須坂市"},{"code":"3820005","prefecture_code":20,"town":"新田町","city_name":"須坂市"},{"code":"3820014","prefecture_code":20,"town":"新町","city_name":"須坂市"},{"code":"3820911","prefecture_code":20,"town":"須坂","city_name":"須坂市"},{"code":"3820075","prefecture_code":20,"town":"須坂ハイランド町","city_name":"須坂市"},{"code":"3820099","prefecture_code":20,"town":"墨坂","city_name":"須坂市"},{"code":"3820098","prefecture_code":20,"town":"墨坂南","city_name":"須坂市"},{"code":"3820015","prefecture_code":20,"town":"太子町","city_name":"須坂市"},{"code":"3820932","prefecture_code":20,"town":"高梨","city_name":"須坂市"},{"code":"3820054","prefecture_code":20,"town":"高梨町","city_name":"須坂市"},{"code":"3820016","prefecture_code":20,"town":"高橋町","city_name":"須坂市"},{"code":"3820004","prefecture_code":20,"town":"高畑町","city_name":"須坂市"},{"code":"3820091","prefecture_code":20,"town":"立町","city_name":"須坂市"},{"code":"3820917","prefecture_code":20,"town":"田の神","city_name":"須坂市"},{"code":"3820073","prefecture_code":20,"town":"田の神町","city_name":"須坂市"},{"code":"3820013","prefecture_code":20,"town":"常盤町","city_name":"須坂市"},{"code":"3820926","prefecture_code":20,"town":"栃倉","city_name":"須坂市"},{"code":"3820921","prefecture_code":20,"town":"豊丘","city_name":"須坂市"},{"code":"3820022","prefecture_code":20,"town":"豊丘上町","city_name":"須坂市"},{"code":"3820021","prefecture_code":20,"town":"豊丘町","city_name":"須坂市"},{"code":"3820908","prefecture_code":20,"town":"豊島","city_name":"須坂市"},{"code":"3820066","prefecture_code":20,"town":"豊島町","city_name":"須坂市"},{"code":"3820935","prefecture_code":20,"town":"中島","city_name":"須坂市"},{"code":"3820055","prefecture_code":20,"town":"中島町","city_name":"須坂市"},{"code":"3820082","prefecture_code":20,"town":"中町","city_name":"須坂市"},{"code":"3820032","prefecture_code":20,"town":"夏端町","city_name":"須坂市"},{"code":"3820063","prefecture_code":20,"town":"西町","city_name":"須坂市"},{"code":"3820046","prefecture_code":20,"town":"二睦町","city_name":"須坂市"},{"code":"3820925","prefecture_code":20,"town":"仁礼","city_name":"須坂市"},{"code":"3820034","prefecture_code":20,"town":"仁礼町","city_name":"須坂市"},{"code":"3820905","prefecture_code":20,"town":"沼目","city_name":"須坂市"},{"code":"3820064","prefecture_code":20,"town":"沼目町","city_name":"須坂市"},{"code":"3820913","prefecture_code":20,"town":"野辺","city_name":"須坂市"},{"code":"3820037","prefecture_code":20,"town":"野辺町","city_name":"須坂市"},{"code":"3820927","prefecture_code":20,"town":"八町","city_name":"須坂市"},{"code":"3820076","prefecture_code":20,"town":"馬場町","city_name":"須坂市"},{"code":"3820074","prefecture_code":20,"town":"春木町","city_name":"須坂市"},{"code":"3820006","prefecture_code":20,"town":"光ケ丘ニュータウン","city_name":"須坂市"},{"code":"3820087","prefecture_code":20,"town":"東横町","city_name":"須坂市"},{"code":"3820902","prefecture_code":20,"town":"日滝","city_name":"須坂市"},{"code":"3820934","prefecture_code":20,"town":"福島","city_name":"須坂市"},{"code":"3820056","prefecture_code":20,"town":"福島町","city_name":"須坂市"},{"code":"3820042","prefecture_code":20,"town":"望岳台","city_name":"須坂市"},{"code":"3820086","prefecture_code":20,"town":"本上町","city_name":"須坂市"},{"code":"3820011","prefecture_code":20,"town":"本郷町","city_name":"須坂市"},{"code":"3820001","prefecture_code":20,"town":"松川町","city_name":"須坂市"},{"code":"3820072","prefecture_code":20,"town":"南小河原町","city_name":"須坂市"},{"code":"3820027","prefecture_code":20,"town":"南原町","city_name":"須坂市"},{"code":"3820097","prefecture_code":20,"town":"南横町","city_name":"須坂市"},{"code":"3820928","prefecture_code":20,"town":"明徳","city_name":"須坂市"},{"code":"3820036","prefecture_code":20,"town":"明徳町","city_name":"須坂市"},{"code":"3820031","prefecture_code":20,"town":"村石町","city_name":"須坂市"},{"code":"3820904","prefecture_code":20,"town":"村山","city_name":"須坂市"},{"code":"3820057","prefecture_code":20,"town":"村山町","city_name":"須坂市"},{"code":"3820903","prefecture_code":20,"town":"八重森","city_name":"須坂市"},{"code":"3820051","prefecture_code":20,"town":"八重森町","city_name":"須坂市"},{"code":"3820094","prefecture_code":20,"town":"屋部町","city_name":"須坂市"},{"code":"3820081","prefecture_code":20,"town":"横町","city_name":"須坂市"},{"code":"3820923","prefecture_code":20,"town":"米子","city_name":"須坂市"},{"code":"3820023","prefecture_code":20,"town":"米子町","city_name":"須坂市"},{"code":"3820915","prefecture_code":20,"town":"米持","city_name":"須坂市"},{"code":"3820041","prefecture_code":20,"town":"米持町","city_name":"須坂市"},{"code":"3820800","prefecture_code":20,"town":"","city_name":"上高井郡高山村"},{"code":"3820832","prefecture_code":20,"town":"赤和","city_name":"上高井郡高山村"},{"code":"3820831","prefecture_code":20,"town":"荒井原","city_name":"上高井郡高山村"},{"code":"3820815","prefecture_code":20,"town":"荻久保","city_name":"上高井郡高山村"},{"code":"3820833","prefecture_code":20,"town":"久保","city_name":"上高井郡高山村"},{"code":"3820823","prefecture_code":20,"town":"黒部","city_name":"上高井郡高山村"},{"code":"3820801","prefecture_code":20,"town":"駒場","city_name":"上高井郡高山村"},{"code":"3820836","prefecture_code":20,"town":"新堀","city_name":"上高井郡高山村"},{"code":"3820835","prefecture_code":20,"town":"千本松","city_name":"上高井郡高山村"},{"code":"3820814","prefecture_code":20,"town":"天神原","city_name":"上高井郡高山村"},{"code":"3820804","prefecture_code":20,"town":"中原","city_name":"上高井郡高山村"},{"code":"3820806","prefecture_code":20,"town":"なかひら","city_name":"上高井郡高山村"},{"code":"3820822","prefecture_code":20,"town":"福井原","city_name":"上高井郡高山村"},{"code":"3820826","prefecture_code":20,"town":"二ツ石","city_name":"上高井郡高山村"},{"code":"3820837","prefecture_code":20,"town":"堀之内","city_name":"上高井郡高山村"},{"code":"3820821","prefecture_code":20,"town":"牧","city_name":"上高井郡高山村"},{"code":"3820803","prefecture_code":20,"town":"桝形","city_name":"上高井郡高山村"},{"code":"3820827","prefecture_code":20,"town":"松南","city_name":"上高井郡高山村"},{"code":"3820802","prefecture_code":20,"town":"松原","city_name":"上高井郡高山村"},{"code":"3820805","prefecture_code":20,"town":"三郷","city_name":"上高井郡高山村"},{"code":"3820834","prefecture_code":20,"town":"水中","city_name":"上高井郡高山村"},{"code":"3820824","prefecture_code":20,"town":"緑ケ丘","city_name":"上高井郡高山村"},{"code":"3820811","prefecture_code":20,"town":"宮関","city_name":"上高井郡高山村"},{"code":"3820825","prefecture_code":20,"town":"紫","city_name":"上高井郡高山村"},{"code":"3820816","prefecture_code":20,"town":"山田温泉","city_name":"上高井郡高山村"},{"code":"3820817","prefecture_code":20,"town":"山田牧場","city_name":"上高井郡高山村"},{"code":"3820813","prefecture_code":20,"town":"蕨平","city_name":"上高井郡高山村"}]
