[{"code":"3890121","prefecture_code":10,"town":"松井田町峠","city_name":"安中市"},{"code":"3892261","prefecture_code":15,"town":"樽本","city_name":"妙高市"},{"code":"3891104","prefecture_code":20,"town":"豊野町浅野","city_name":"長野市"},{"code":"3891106","prefecture_code":20,"town":"豊野町石","city_name":"長野市"},{"code":"3891102","prefecture_code":20,"town":"豊野町大倉","city_name":"長野市"},{"code":"3891103","prefecture_code":20,"town":"豊野町蟹沢","city_name":"長野市"},{"code":"3891101","prefecture_code":20,"town":"豊野町川谷","city_name":"長野市"},{"code":"3891105","prefecture_code":20,"town":"豊野町豊野","city_name":"長野市"},{"code":"3891107","prefecture_code":20,"town":"豊野町南郷","city_name":"長野市"},{"code":"3892103","prefecture_code":20,"town":"穴田","city_name":"中野市"},{"code":"3892102","prefecture_code":20,"town":"上今井","city_name":"中野市"},{"code":"3892371","prefecture_code":20,"town":"田上","city_name":"中野市"},{"code":"3892101","prefecture_code":20,"town":"豊津","city_name":"中野市"},{"code":"3892104","prefecture_code":20,"town":"永江","city_name":"中野市"},{"code":"3892200","prefecture_code":20,"town":"","city_name":"飯山市"},{"code":"3892251","prefecture_code":20,"town":"旭","city_name":"飯山市"},{"code":"3892253","prefecture_code":20,"town":"飯山","city_name":"飯山市"},{"code":"3892602","prefecture_code":20,"town":"一山","city_name":"飯山市"},{"code":"3892415","prefecture_code":20,"town":"大池","city_name":"飯山市"},{"code":"3892234","prefecture_code":20,"town":"木島","city_name":"飯山市"},{"code":"3892252","prefecture_code":20,"town":"小佐原","city_name":"飯山市"},{"code":"3892418","prefecture_code":20,"town":"寿","city_name":"飯山市"},{"code":"3892235","prefecture_code":20,"town":"坂井","city_name":"飯山市"},{"code":"3892255","prefecture_code":20,"town":"静間","city_name":"飯山市"},{"code":"3892232","prefecture_code":20,"town":"下木島","city_name":"飯山市"},{"code":"3892242","prefecture_code":20,"town":"其綿","city_name":"飯山市"},{"code":"3892601","prefecture_code":20,"town":"照岡","city_name":"飯山市"},{"code":"3892413","prefecture_code":20,"town":"照里","city_name":"飯山市"},{"code":"3892231","prefecture_code":20,"town":"天神堂","city_name":"飯山市"},{"code":"3892412","prefecture_code":20,"town":"常郷","city_name":"飯山市"},{"code":"3892414","prefecture_code":20,"town":"常盤","city_name":"飯山市"},{"code":"3892258","prefecture_code":20,"town":"富倉","city_name":"飯山市"},{"code":"3892411","prefecture_code":20,"town":"豊田","city_name":"飯山市"},{"code":"3892417","prefecture_code":20,"town":"中曽根","city_name":"飯山市"},{"code":"3892233","prefecture_code":20,"town":"野坂田","city_name":"飯山市"},{"code":"3892256","prefecture_code":20,"town":"蓮","city_name":"飯山市"},{"code":"3892257","prefecture_code":20,"town":"斑尾高原","city_name":"飯山市"},{"code":"3892322","prefecture_code":20,"town":"瑞穂","city_name":"飯山市"},{"code":"3892321","prefecture_code":20,"town":"瑞穂豊","city_name":"飯山市"},{"code":"3892416","prefecture_code":20,"town":"緑","city_name":"飯山市"},{"code":"3892254","prefecture_code":20,"town":"南町","city_name":"飯山市"},{"code":"3892244","prefecture_code":20,"town":"安田","city_name":"飯山市"},{"code":"3892241","prefecture_code":20,"town":"山岸","city_name":"飯山市"},{"code":"3892243","prefecture_code":20,"town":"吉","city_name":"飯山市"},{"code":"3890823","prefecture_code":20,"town":"新山","city_name":"千曲市"},{"code":"3890806","prefecture_code":20,"town":"磯部","city_name":"千曲市"},{"code":"3890802","prefecture_code":20,"town":"内川","city_name":"千曲市"},{"code":"3890805","prefecture_code":20,"town":"上徳間","city_name":"千曲市"},{"code":"3890822","prefecture_code":20,"town":"上山田","city_name":"千曲市"},{"code":"3890821","prefecture_code":20,"town":"上山田温泉","city_name":"千曲市"},{"code":"3890801","prefecture_code":20,"town":"小船山","city_name":"千曲市"},{"code":"3890811","prefecture_code":20,"town":"須坂","city_name":"千曲市"},{"code":"3890803","prefecture_code":20,"town":"千本柳","city_name":"千曲市"},{"code":"3890824","prefecture_code":20,"town":"力石","city_name":"千曲市"},{"code":"3890804","prefecture_code":20,"town":"戸倉","city_name":"千曲市"},{"code":"3890807","prefecture_code":20,"town":"戸倉温泉","city_name":"千曲市"},{"code":"3890812","prefecture_code":20,"town":"羽尾","city_name":"千曲市"},{"code":"3890813","prefecture_code":20,"town":"若宮","city_name":"千曲市"},{"code":"3890500","prefecture_code":20,"town":"","city_name":"東御市"},{"code":"3890517","prefecture_code":20,"town":"県","city_name":"東御市"},{"code":"3890503","prefecture_code":20,"town":"新屋","city_name":"東御市"},{"code":"3890404","prefecture_code":20,"town":"大日向","city_name":"東御市"},{"code":"3890504","prefecture_code":20,"town":"海善寺","city_name":"東御市"},{"code":"3890514","prefecture_code":20,"town":"加沢","city_name":"東御市"},{"code":"3890505","prefecture_code":20,"town":"和","city_name":"東御市"},{"code":"3890502","prefecture_code":20,"town":"鞍掛","city_name":"東御市"},{"code":"3890519","prefecture_code":20,"town":"塩川","city_name":"東御市"},{"code":"3890513","prefecture_code":20,"town":"滋野","city_name":"東御市"},{"code":"3890512","prefecture_code":20,"town":"滋野","city_name":"東御市"},{"code":"3890511","prefecture_code":20,"town":"滋野","city_name":"東御市"},{"code":"3890401","prefecture_code":20,"town":"島川原","city_name":"東御市"},{"code":"3890405","prefecture_code":20,"town":"下之城","city_name":"東御市"},{"code":"3890516","prefecture_code":20,"town":"田中","city_name":"東御市"},{"code":"3890515","prefecture_code":20,"town":"常田","city_name":"東御市"},{"code":"3890402","prefecture_code":20,"town":"布下","city_name":"東御市"},{"code":"3890506","prefecture_code":20,"town":"祢津","city_name":"東御市"},{"code":"3890407","prefecture_code":20,"town":"羽毛山","city_name":"東御市"},{"code":"3890501","prefecture_code":20,"town":"新張","city_name":"東御市"},{"code":"3890403","prefecture_code":20,"town":"御牧原","city_name":"東御市"},{"code":"3890518","prefecture_code":20,"town":"本海野","city_name":"東御市"},{"code":"3890406","prefecture_code":20,"town":"八重原","city_name":"東御市"},{"code":"3890100","prefecture_code":20,"town":"","city_name":"北佐久郡軽井沢町"},{"code":"3890115","prefecture_code":20,"town":"追分","city_name":"北佐久郡軽井沢町"},{"code":"3890102","prefecture_code":20,"town":"軽井沢","city_name":"北佐久郡軽井沢町"},{"code":"3890103","prefecture_code":20,"town":"軽井沢","city_name":"北佐久郡軽井沢町"},{"code":"3890104","prefecture_code":20,"town":"軽井沢東","city_name":"北佐久郡軽井沢町"},{"code":"3890101","prefecture_code":20,"town":"峠町","city_name":"北佐久郡軽井沢町"},{"code":"3890112","prefecture_code":20,"town":"中軽井沢","city_name":"北佐久郡軽井沢町"},{"code":"3890111","prefecture_code":20,"town":"長倉","city_name":"北佐久郡軽井沢町"},{"code":"3890113","prefecture_code":20,"town":"発地","city_name":"北佐久郡軽井沢町"},{"code":"3890114","prefecture_code":20,"town":"茂沢","city_name":"北佐久郡軽井沢町"},{"code":"3890200","prefecture_code":20,"town":"","city_name":"北佐久郡御代田町"},{"code":"3890205","prefecture_code":20,"town":"面替","city_name":"北佐久郡御代田町"},{"code":"3890202","prefecture_code":20,"town":"草越","city_name":"北佐久郡御代田町"},{"code":"3890201","prefecture_code":20,"town":"塩野","city_name":"北佐久郡御代田町"},{"code":"3890203","prefecture_code":20,"town":"広戸","city_name":"北佐久郡御代田町"},{"code":"3890204","prefecture_code":20,"town":"豊昇","city_name":"北佐久郡御代田町"},{"code":"3890207","prefecture_code":20,"town":"馬瀬口","city_name":"北佐久郡御代田町"},{"code":"3890206","prefecture_code":20,"town":"御代田","city_name":"北佐久郡御代田町"},{"code":"3890208","prefecture_code":20,"town":"茂沢","city_name":"北佐久郡御代田町"},{"code":"3890600","prefecture_code":20,"town":"","city_name":"埴科郡坂城町"},{"code":"3890604","prefecture_code":20,"town":"網掛","city_name":"埴科郡坂城町"},{"code":"3890605","prefecture_code":20,"town":"上平","city_name":"埴科郡坂城町"},{"code":"3890606","prefecture_code":20,"town":"上五明","city_name":"埴科郡坂城町"},{"code":"3890601","prefecture_code":20,"town":"坂城","city_name":"埴科郡坂城町"},{"code":"3890602","prefecture_code":20,"town":"中之条","city_name":"埴科郡坂城町"},{"code":"3890603","prefecture_code":20,"town":"南条","city_name":"埴科郡坂城町"},{"code":"3892300","prefecture_code":20,"town":"","city_name":"下高井郡木島平村"},{"code":"3892302","prefecture_code":20,"town":"往郷","city_name":"下高井郡木島平村"},{"code":"3892303","prefecture_code":20,"town":"上木島","city_name":"下高井郡木島平村"},{"code":"3892301","prefecture_code":20,"town":"穂高","city_name":"下高井郡木島平村"},{"code":"3892500","prefecture_code":20,"town":"","city_name":"下高井郡野沢温泉村"},{"code":"3892501","prefecture_code":20,"town":"坪山","city_name":"下高井郡野沢温泉村"},{"code":"3892502","prefecture_code":20,"town":"豊郷","city_name":"下高井郡野沢温泉村"},{"code":"3892612","prefecture_code":20,"town":"七ケ巻","city_name":"下高井郡野沢温泉村"},{"code":"3892611","prefecture_code":20,"town":"東大滝","city_name":"下高井郡野沢温泉村"},{"code":"3892614","prefecture_code":20,"town":"平林","city_name":"下高井郡野沢温泉村"},{"code":"3892503","prefecture_code":20,"town":"前坂","city_name":"下高井郡野沢温泉村"},{"code":"3892613","prefecture_code":20,"town":"虫生","city_name":"下高井郡野沢温泉村"},{"code":"3891300","prefecture_code":20,"town":"","city_name":"上水内郡信濃町"},{"code":"3891311","prefecture_code":20,"town":"荒瀬原","city_name":"上水内郡信濃町"},{"code":"3891316","prefecture_code":20,"town":"大井","city_name":"上水内郡信濃町"},{"code":"3891305","prefecture_code":20,"town":"柏原","city_name":"上水内郡信濃町"},{"code":"3891304","prefecture_code":20,"town":"神山国際村","city_name":"上水内郡信濃町"},{"code":"3891301","prefecture_code":20,"town":"熊坂","city_name":"上水内郡信濃町"},{"code":"3891312","prefecture_code":20,"town":"富濃","city_name":"上水内郡信濃町"},{"code":"3891303","prefecture_code":20,"town":"野尻","city_name":"上水内郡信濃町"},{"code":"3891306","prefecture_code":20,"town":"野尻","city_name":"上水内郡信濃町"},{"code":"3891315","prefecture_code":20,"town":"平岡","city_name":"上水内郡信濃町"},{"code":"3891313","prefecture_code":20,"town":"古間","city_name":"上水内郡信濃町"},{"code":"3891302","prefecture_code":20,"town":"古海","city_name":"上水内郡信濃町"},{"code":"3891314","prefecture_code":20,"town":"穂波","city_name":"上水内郡信濃町"},{"code":"3891200","prefecture_code":20,"town":"","city_name":"上水内郡飯綱町"},{"code":"3891203","prefecture_code":20,"town":"赤塩","city_name":"上水内郡飯綱町"},{"code":"3891201","prefecture_code":20,"town":"芋川","city_name":"上水内郡飯綱町"},{"code":"3891226","prefecture_code":20,"town":"川上","city_name":"上水内郡飯綱町"},{"code":"3891205","prefecture_code":20,"town":"川谷","city_name":"上水内郡飯綱町"},{"code":"3891204","prefecture_code":20,"town":"倉井","city_name":"上水内郡飯綱町"},{"code":"3891214","prefecture_code":20,"town":"黒川","city_name":"上水内郡飯綱町"},{"code":"3891227","prefecture_code":20,"town":"高坂","city_name":"上水内郡飯綱町"},{"code":"3891215","prefecture_code":20,"town":"小玉","city_name":"上水内郡飯綱町"},{"code":"3891225","prefecture_code":20,"town":"坂口","city_name":"上水内郡飯綱町"},{"code":"3891224","prefecture_code":20,"town":"地蔵久保","city_name":"上水内郡飯綱町"},{"code":"3891223","prefecture_code":20,"town":"袖之山","city_name":"上水内郡飯綱町"},{"code":"3891212","prefecture_code":20,"town":"豊野","city_name":"上水内郡飯綱町"},{"code":"3891202","prefecture_code":20,"town":"東柏原","city_name":"上水内郡飯綱町"},{"code":"3891213","prefecture_code":20,"town":"平出","city_name":"上水内郡飯綱町"},{"code":"3891206","prefecture_code":20,"town":"普光寺","city_name":"上水内郡飯綱町"},{"code":"3891221","prefecture_code":20,"town":"古町","city_name":"上水内郡飯綱町"},{"code":"3891211","prefecture_code":20,"town":"牟礼","city_name":"上水内郡飯綱町"},{"code":"3891222","prefecture_code":20,"town":"柳里","city_name":"上水内郡飯綱町"},{"code":"3892700","prefecture_code":20,"town":"","city_name":"下水内郡栄村"},{"code":"3892703","prefecture_code":20,"town":"堺","city_name":"下水内郡栄村"},{"code":"3892701","prefecture_code":20,"town":"豊栄","city_name":"下水内郡栄村"},{"code":"3892702","prefecture_code":20,"town":"北信","city_name":"下水内郡栄村"}]
