[{"code":"3910000","prefecture_code":20,"town":"","city_name":"茅野市"},{"code":"3910214","prefecture_code":20,"town":"泉野","city_name":"茅野市"},{"code":"3910012","prefecture_code":20,"town":"金沢","city_name":"茅野市"},{"code":"3910212","prefecture_code":20,"town":"北山","city_name":"茅野市"},{"code":"3910301","prefecture_code":20,"town":"北山","city_name":"茅野市"},{"code":"3910211","prefecture_code":20,"town":"湖東","city_name":"茅野市"},{"code":"3910004","prefecture_code":20,"town":"城山","city_name":"茅野市"},{"code":"3910011","prefecture_code":20,"town":"玉川","city_name":"茅野市"},{"code":"3910001","prefecture_code":20,"town":"ちの","city_name":"茅野市"},{"code":"3910002","prefecture_code":20,"town":"塚原","city_name":"茅野市"},{"code":"3910213","prefecture_code":20,"town":"豊平","city_name":"茅野市"},{"code":"3910215","prefecture_code":20,"town":"中大塩","city_name":"茅野市"},{"code":"3910005","prefecture_code":20,"town":"仲町","city_name":"茅野市"},{"code":"3910003","prefecture_code":20,"town":"本町","city_name":"茅野市"},{"code":"3910013","prefecture_code":20,"town":"宮川","city_name":"茅野市"},{"code":"3910216","prefecture_code":20,"town":"米沢","city_name":"茅野市"},{"code":"3910321","prefecture_code":20,"town":"芦田八ケ野","city_name":"北佐久郡立科町"},{"code":"3910321","prefecture_code":20,"town":"池の平","city_name":"北佐久郡立科町"},{"code":"3910021","prefecture_code":20,"town":"富士見","city_name":"諏訪郡富士見町"},{"code":"3910100","prefecture_code":20,"town":"","city_name":"諏訪郡原村"},{"code":"3910101","prefecture_code":20,"town":"大久保","city_name":"諏訪郡原村"},{"code":"3910105","prefecture_code":20,"town":"柏木","city_name":"諏訪郡原村"},{"code":"3910111","prefecture_code":20,"town":"上里","city_name":"諏訪郡原村"},{"code":"3910106","prefecture_code":20,"town":"菖蒲沢","city_name":"諏訪郡原村"},{"code":"3910108","prefecture_code":20,"town":"中新田","city_name":"諏訪郡原村"},{"code":"3910112","prefecture_code":20,"town":"農場","city_name":"諏訪郡原村"},{"code":"3910104","prefecture_code":20,"town":"払沢","city_name":"諏訪郡原村"},{"code":"3910115","prefecture_code":20,"town":"原山","city_name":"諏訪郡原村"},{"code":"3910116","prefecture_code":20,"town":"判の木","city_name":"諏訪郡原村"},{"code":"3910114","prefecture_code":20,"town":"ペンション","city_name":"諏訪郡原村"},{"code":"3910109","prefecture_code":20,"town":"南原","city_name":"諏訪郡原村"},{"code":"3910107","prefecture_code":20,"town":"室内","city_name":"諏訪郡原村"},{"code":"3910113","prefecture_code":20,"town":"やつがね","city_name":"諏訪郡原村"},{"code":"3910103","prefecture_code":20,"town":"八ツ手","city_name":"諏訪郡原村"},{"code":"3910102","prefecture_code":20,"town":"柳沢","city_name":"諏訪郡原村"}]
