[{"code":"3930000","prefecture_code":20,"town":"","city_name":"諏訪郡下諏訪町"},{"code":"3930066","prefecture_code":20,"town":"曙町","city_name":"諏訪郡下諏訪町"},{"code":"3930068","prefecture_code":20,"town":"春日町","city_name":"諏訪郡下諏訪町"},{"code":"3930052","prefecture_code":20,"town":"上久保","city_name":"諏訪郡下諏訪町"},{"code":"3930053","prefecture_code":20,"town":"上馬場","city_name":"諏訪郡下諏訪町"},{"code":"3930042","prefecture_code":20,"town":"北四王","city_name":"諏訪郡下諏訪町"},{"code":"3930014","prefecture_code":20,"town":"木の下","city_name":"諏訪郡下諏訪町"},{"code":"3930026","prefecture_code":20,"town":"久保海道","city_name":"諏訪郡下諏訪町"},{"code":"3930024","prefecture_code":20,"town":"五官","city_name":"諏訪郡下諏訪町"},{"code":"3930044","prefecture_code":20,"town":"湖畔町","city_name":"諏訪郡下諏訪町"},{"code":"3930013","prefecture_code":20,"town":"小湯の上","city_name":"諏訪郡下諏訪町"},{"code":"3930084","prefecture_code":20,"town":"栄町","city_name":"諏訪郡下諏訪町"},{"code":"3930065","prefecture_code":20,"town":"魁町","city_name":"諏訪郡下諏訪町"},{"code":"3930072","prefecture_code":20,"town":"桜町","city_name":"諏訪郡下諏訪町"},{"code":"3930086","prefecture_code":20,"town":"清水町","city_name":"諏訪郡下諏訪町"},{"code":"3930007","prefecture_code":20,"town":"下屋敷","city_name":"諏訪郡下諏訪町"},{"code":"3930011","prefecture_code":20,"town":"新町上","city_name":"諏訪郡下諏訪町"},{"code":"3930018","prefecture_code":20,"town":"新町下","city_name":"諏訪郡下諏訪町"},{"code":"3930054","prefecture_code":20,"town":"菅野町","city_name":"諏訪郡下諏訪町"},{"code":"3930022","prefecture_code":20,"town":"関屋","city_name":"諏訪郡下諏訪町"},{"code":"3930051","prefecture_code":20,"town":"大社通","city_name":"諏訪郡下諏訪町"},{"code":"3930092","prefecture_code":20,"town":"大門","city_name":"諏訪郡下諏訪町"},{"code":"3930033","prefecture_code":20,"town":"高木","city_name":"諏訪郡下諏訪町"},{"code":"3930034","prefecture_code":20,"town":"高浜","city_name":"諏訪郡下諏訪町"},{"code":"3930021","prefecture_code":20,"town":"武居","city_name":"諏訪郡下諏訪町"},{"code":"3930015","prefecture_code":20,"town":"立町","city_name":"諏訪郡下諏訪町"},{"code":"3930078","prefecture_code":20,"town":"田中町","city_name":"諏訪郡下諏訪町"},{"code":"3930075","prefecture_code":20,"town":"中央通","city_name":"諏訪郡下諏訪町"},{"code":"3930073","prefecture_code":20,"town":"塚田町","city_name":"諏訪郡下諏訪町"},{"code":"3930023","prefecture_code":20,"town":"富ケ丘","city_name":"諏訪郡下諏訪町"},{"code":"3930057","prefecture_code":20,"town":"友之町","city_name":"諏訪郡下諏訪町"},{"code":"3930001","prefecture_code":20,"town":"樋橋","city_name":"諏訪郡下諏訪町"},{"code":"3930064","prefecture_code":20,"town":"中汐町","city_name":"諏訪郡下諏訪町"},{"code":"3930071","prefecture_code":20,"town":"仲町","city_name":"諏訪郡下諏訪町"},{"code":"3930047","prefecture_code":20,"town":"西赤砂","city_name":"諏訪郡下諏訪町"},{"code":"3930041","prefecture_code":20,"town":"西四王","city_name":"諏訪郡下諏訪町"},{"code":"3930087","prefecture_code":20,"town":"西鷹野町","city_name":"諏訪郡下諏訪町"},{"code":"3930032","prefecture_code":20,"town":"西浜","city_name":"諏訪郡下諏訪町"},{"code":"3930082","prefecture_code":20,"town":"西弥生町","city_name":"諏訪郡下諏訪町"},{"code":"3930035","prefecture_code":20,"town":"西豊","city_name":"諏訪郡下諏訪町"},{"code":"3930003","prefecture_code":20,"town":"萩倉","city_name":"諏訪郡下諏訪町"},{"code":"3930063","prefecture_code":20,"town":"花咲町","city_name":"諏訪郡下諏訪町"},{"code":"3930046","prefecture_code":20,"town":"東赤砂","city_name":"諏訪郡下諏訪町"},{"code":"3930043","prefecture_code":20,"town":"東四王","city_name":"諏訪郡下諏訪町"},{"code":"3930085","prefecture_code":20,"town":"東鷹野町","city_name":"諏訪郡下諏訪町"},{"code":"3930002","prefecture_code":20,"town":"東俣","city_name":"諏訪郡下諏訪町"},{"code":"3930006","prefecture_code":20,"town":"東町上","city_name":"諏訪郡下諏訪町"},{"code":"3930005","prefecture_code":20,"town":"東町中","city_name":"諏訪郡下諏訪町"},{"code":"3930004","prefecture_code":20,"town":"東町下","city_name":"諏訪郡下諏訪町"},{"code":"3930093","prefecture_code":20,"town":"東山田","city_name":"諏訪郡下諏訪町"},{"code":"3930083","prefecture_code":20,"town":"東弥生町","city_name":"諏訪郡下諏訪町"},{"code":"3930031","prefecture_code":20,"town":"東豊","city_name":"諏訪郡下諏訪町"},{"code":"3930062","prefecture_code":20,"town":"平沢町","city_name":"諏訪郡下諏訪町"},{"code":"3930056","prefecture_code":20,"town":"広瀬町","city_name":"諏訪郡下諏訪町"},{"code":"3930055","prefecture_code":20,"town":"富士見町","city_name":"諏訪郡下諏訪町"},{"code":"3930091","prefecture_code":20,"town":"星が丘","city_name":"諏訪郡下諏訪町"},{"code":"3930025","prefecture_code":20,"town":"本郷","city_name":"諏訪郡下諏訪町"},{"code":"3930008","prefecture_code":20,"town":"町屋敷","city_name":"諏訪郡下諏訪町"},{"code":"3930061","prefecture_code":20,"town":"御田町","city_name":"諏訪郡下諏訪町"},{"code":"3930074","prefecture_code":20,"town":"緑町","city_name":"諏訪郡下諏訪町"},{"code":"3930045","prefecture_code":20,"town":"南四王","city_name":"諏訪郡下諏訪町"},{"code":"3930067","prefecture_code":20,"town":"矢木東","city_name":"諏訪郡下諏訪町"},{"code":"3930076","prefecture_code":20,"town":"矢木西","city_name":"諏訪郡下諏訪町"},{"code":"3930077","prefecture_code":20,"town":"矢木町","city_name":"諏訪郡下諏訪町"},{"code":"3930081","prefecture_code":20,"town":"社東町","city_name":"諏訪郡下諏訪町"},{"code":"3930017","prefecture_code":20,"town":"湯田仲町","city_name":"諏訪郡下諏訪町"},{"code":"3930016","prefecture_code":20,"town":"湯田町","city_name":"諏訪郡下諏訪町"},{"code":"3930012","prefecture_code":20,"town":"横町","city_name":"諏訪郡下諏訪町"},{"code":"3930019","prefecture_code":20,"town":"横町木の下","city_name":"諏訪郡下諏訪町"}]
