[{"code":"3990000","prefecture_code":20,"town":"","city_name":"松本市"},{"code":"3997402","prefecture_code":20,"town":"会田","city_name":"松本市"},{"code":"3997415","prefecture_code":20,"town":"赤怒田","city_name":"松本市"},{"code":"3997403","prefecture_code":20,"town":"穴沢","city_name":"松本市"},{"code":"3990007","prefecture_code":20,"town":"石芝","city_name":"松本市"},{"code":"3997405","prefecture_code":20,"town":"板場","city_name":"松本市"},{"code":"3990004","prefecture_code":20,"town":"市場","city_name":"松本市"},{"code":"3990023","prefecture_code":20,"town":"内田","city_name":"松本市"},{"code":"3997413","prefecture_code":20,"town":"金山町","city_name":"松本市"},{"code":"3997417","prefecture_code":20,"town":"刈谷原町","city_name":"松本市"},{"code":"3997401","prefecture_code":20,"town":"五常","city_name":"松本市"},{"code":"3990024","prefecture_code":20,"town":"寿小赤","city_name":"松本市"},{"code":"3990012","prefecture_code":20,"town":"寿白瀬渕","city_name":"松本市"},{"code":"3990025","prefecture_code":20,"town":"寿台","city_name":"松本市"},{"code":"3990021","prefecture_code":20,"town":"寿豊丘","city_name":"松本市"},{"code":"3990011","prefecture_code":20,"town":"寿北","city_name":"松本市"},{"code":"3990026","prefecture_code":20,"town":"寿中","city_name":"松本市"},{"code":"3990027","prefecture_code":20,"town":"寿南","city_name":"松本市"},{"code":"3990039","prefecture_code":20,"town":"小屋北","city_name":"松本市"},{"code":"3990038","prefecture_code":20,"town":"小屋南","city_name":"松本市"},{"code":"3990033","prefecture_code":20,"town":"笹賀","city_name":"松本市"},{"code":"3998251","prefecture_code":20,"town":"島内","city_name":"松本市"},{"code":"3997418","prefecture_code":20,"town":"反町","city_name":"松本市"},{"code":"3997414","prefecture_code":20,"town":"殿野入","city_name":"松本市"},{"code":"3997404","prefecture_code":20,"town":"取出","city_name":"松本市"},{"code":"3997411","prefecture_code":20,"town":"中川","city_name":"松本市"},{"code":"3997416","prefecture_code":20,"town":"七嵐","city_name":"松本市"},{"code":"3990006","prefecture_code":20,"town":"野溝西","city_name":"松本市"},{"code":"3990034","prefecture_code":20,"town":"野溝東","city_name":"松本市"},{"code":"3990005","prefecture_code":20,"town":"野溝木工","city_name":"松本市"},{"code":"3990014","prefecture_code":20,"town":"平田東","city_name":"松本市"},{"code":"3990015","prefecture_code":20,"town":"平田西","city_name":"松本市"},{"code":"3997412","prefecture_code":20,"town":"保福寺町","city_name":"松本市"},{"code":"3990022","prefecture_code":20,"town":"松原","city_name":"松本市"},{"code":"3990001","prefecture_code":20,"town":"宮田","city_name":"松本市"},{"code":"3990035","prefecture_code":20,"town":"村井町北","city_name":"松本市"},{"code":"3990037","prefecture_code":20,"town":"村井町西","city_name":"松本市"},{"code":"3990036","prefecture_code":20,"town":"村井町南","city_name":"松本市"},{"code":"3990002","prefecture_code":20,"town":"芳野","city_name":"松本市"},{"code":"3992434","prefecture_code":20,"town":"伊豆木","city_name":"飯田市"},{"code":"3992564","prefecture_code":20,"town":"上川路","city_name":"飯田市"},{"code":"3992611","prefecture_code":20,"town":"上久堅","city_name":"飯田市"},{"code":"3992612","prefecture_code":20,"town":"上久堅戊","city_name":"飯田市"},{"code":"3991403","prefecture_code":20,"town":"上村","city_name":"飯田市"},{"code":"3992431","prefecture_code":20,"town":"川路","city_name":"飯田市"},{"code":"3992565","prefecture_code":20,"town":"桐林","city_name":"飯田市"},{"code":"3992566","prefecture_code":20,"town":"嶋","city_name":"飯田市"},{"code":"3992432","prefecture_code":20,"town":"下瀬","city_name":"飯田市"},{"code":"3992606","prefecture_code":20,"town":"下久堅稲葉","city_name":"飯田市"},{"code":"3992604","prefecture_code":20,"town":"下久堅柿野沢","city_name":"飯田市"},{"code":"3992605","prefecture_code":20,"town":"下久堅小林","city_name":"飯田市"},{"code":"3992602","prefecture_code":20,"town":"下久堅下虎岩","city_name":"飯田市"},{"code":"3992603","prefecture_code":20,"town":"下久堅知久平","city_name":"飯田市"},{"code":"3992607","prefecture_code":20,"town":"下久堅南原","city_name":"飯田市"},{"code":"3992561","prefecture_code":20,"town":"駄科","city_name":"飯田市"},{"code":"3992221","prefecture_code":20,"town":"龍江","city_name":"飯田市"},{"code":"3992433","prefecture_code":20,"town":"立石","city_name":"飯田市"},{"code":"3992223","prefecture_code":20,"town":"千栄","city_name":"飯田市"},{"code":"3992222","prefecture_code":20,"town":"千代","city_name":"飯田市"},{"code":"3992563","prefecture_code":20,"town":"時又","city_name":"飯田市"},{"code":"3992601","prefecture_code":20,"town":"虎岩","city_name":"飯田市"},{"code":"3992562","prefecture_code":20,"town":"長野原","city_name":"飯田市"},{"code":"3991401","prefecture_code":20,"town":"南信濃木沢","city_name":"飯田市"},{"code":"3991221","prefecture_code":20,"town":"南信濃南和田","city_name":"飯田市"},{"code":"3991313","prefecture_code":20,"town":"南信濃南和田","city_name":"飯田市"},{"code":"3991312","prefecture_code":20,"town":"南信濃八重河内","city_name":"飯田市"},{"code":"3991311","prefecture_code":20,"town":"南信濃和田","city_name":"飯田市"},{"code":"3994431","prefecture_code":20,"town":"西春近","city_name":"伊那市"},{"code":"3994432","prefecture_code":20,"town":"東春近","city_name":"伊那市"},{"code":"3994100","prefecture_code":20,"town":"","city_name":"駒ヶ根市"},{"code":"3994113","prefecture_code":20,"town":"赤須町","city_name":"駒ヶ根市"},{"code":"3994105","prefecture_code":20,"town":"赤須東","city_name":"駒ヶ根市"},{"code":"3994117","prefecture_code":20,"town":"赤穂","city_name":"駒ヶ根市"},{"code":"3994102","prefecture_code":20,"town":"飯坂","city_name":"駒ヶ根市"},{"code":"3994115","prefecture_code":20,"town":"上穂栄町","city_name":"駒ヶ根市"},{"code":"3994114","prefecture_code":20,"town":"上穂南","city_name":"駒ヶ根市"},{"code":"3994116","prefecture_code":20,"town":"上穂北","city_name":"駒ヶ根市"},{"code":"3994111","prefecture_code":20,"town":"北町","city_name":"駒ヶ根市"},{"code":"3994104","prefecture_code":20,"town":"経塚","city_name":"駒ヶ根市"},{"code":"3994108","prefecture_code":20,"town":"下市場","city_name":"駒ヶ根市"},{"code":"3994232","prefecture_code":20,"town":"、２４３３〜２４５０）","city_name":"駒ヶ根市"},{"code":"3994101","prefecture_code":20,"town":"下平","city_name":"駒ヶ根市"},{"code":"3994112","prefecture_code":20,"town":"中央","city_name":"駒ヶ根市"},{"code":"3994231","prefecture_code":20,"town":"中沢","city_name":"駒ヶ根市"},{"code":"3994103","prefecture_code":20,"town":"梨の木","city_name":"駒ヶ根市"},{"code":"3994321","prefecture_code":20,"town":"東伊那","city_name":"駒ヶ根市"},{"code":"3994106","prefecture_code":20,"town":"東町","city_name":"駒ヶ根市"},{"code":"3994107","prefecture_code":20,"town":"南田","city_name":"駒ヶ根市"},{"code":"3999101","prefecture_code":20,"town":"美麻","city_name":"大町市"},{"code":"3997301","prefecture_code":20,"town":"八坂","city_name":"大町市"},{"code":"3997302","prefecture_code":20,"town":"八坂菖蒲","city_name":"大町市"},{"code":"3990700","prefecture_code":20,"town":"","city_name":"塩尻市"},{"code":"3990713","prefecture_code":20,"town":"大小屋","city_name":"塩尻市"},{"code":"3990722","prefecture_code":20,"town":"柿沢","city_name":"塩尻市"},{"code":"3990071","prefecture_code":20,"town":"片丘","city_name":"塩尻市"},{"code":"3990711","prefecture_code":20,"town":"片丘","city_name":"塩尻市"},{"code":"3990721","prefecture_code":20,"town":"金井","city_name":"塩尻市"},{"code":"3990724","prefecture_code":20,"town":"上西条","city_name":"塩尻市"},{"code":"3996302","prefecture_code":20,"town":"木曽平沢","city_name":"塩尻市"},{"code":"3990651","prefecture_code":20,"town":"北小野","city_name":"塩尻市"},{"code":"3990723","prefecture_code":20,"town":"旧塩尻","city_name":"塩尻市"},{"code":"3990716","prefecture_code":20,"town":"桟敷","city_name":"塩尻市"},{"code":"3990712","prefecture_code":20,"town":"塩尻町","city_name":"塩尻市"},{"code":"3990726","prefecture_code":20,"town":"下西条","city_name":"塩尻市"},{"code":"3996462","prefecture_code":20,"town":"洗馬","city_name":"塩尻市"},{"code":"3996461","prefecture_code":20,"town":"宗賀","city_name":"塩尻市"},{"code":"3990744","prefecture_code":20,"town":"大門七区","city_name":"塩尻市"},{"code":"3990742","prefecture_code":20,"town":"大門泉町","city_name":"塩尻市"},{"code":"3990745","prefecture_code":20,"town":"大門桔梗町","city_name":"塩尻市"},{"code":"3990741","prefecture_code":20,"town":"大門幸町","city_name":"塩尻市"},{"code":"3990743","prefecture_code":20,"town":"大門田川町","city_name":"塩尻市"},{"code":"3990746","prefecture_code":20,"town":"大門並木町","city_name":"塩尻市"},{"code":"3990736","prefecture_code":20,"town":"大門一番町","city_name":"塩尻市"},{"code":"3990735","prefecture_code":20,"town":"大門二番町","city_name":"塩尻市"},{"code":"3990733","prefecture_code":20,"town":"大門三番町","city_name":"塩尻市"},{"code":"3990734","prefecture_code":20,"town":"大門四番町","city_name":"塩尻市"},{"code":"3990732","prefecture_code":20,"town":"大門五番町","city_name":"塩尻市"},{"code":"3990731","prefecture_code":20,"town":"大門六番町","city_name":"塩尻市"},{"code":"3990738","prefecture_code":20,"town":"大門七番町","city_name":"塩尻市"},{"code":"3990737","prefecture_code":20,"town":"大門八番町","city_name":"塩尻市"},{"code":"3990744","prefecture_code":20,"town":"大門","city_name":"塩尻市"},{"code":"3990725","prefecture_code":20,"town":"中西条","city_name":"塩尻市"},{"code":"3990715","prefecture_code":20,"town":"長畝","city_name":"塩尻市"},{"code":"3996303","prefecture_code":20,"town":"奈良井","city_name":"塩尻市"},{"code":"3996301","prefecture_code":20,"town":"贄川","city_name":"塩尻市"},{"code":"3990705","prefecture_code":20,"town":"広丘堅石","city_name":"塩尻市"},{"code":"3990704","prefecture_code":20,"town":"広丘郷原","city_name":"塩尻市"},{"code":"3990703","prefecture_code":20,"town":"広丘高出","city_name":"塩尻市"},{"code":"3990702","prefecture_code":20,"town":"広丘野村","city_name":"塩尻市"},{"code":"3990706","prefecture_code":20,"town":"広丘原新田","city_name":"塩尻市"},{"code":"3990701","prefecture_code":20,"town":"広丘吉田","city_name":"塩尻市"},{"code":"3990714","prefecture_code":20,"town":"堀ノ内","city_name":"塩尻市"},{"code":"3990727","prefecture_code":20,"town":"みどり湖","city_name":"塩尻市"},{"code":"3990728","prefecture_code":20,"town":"峰原","city_name":"塩尻市"},{"code":"3998200","prefecture_code":20,"town":"","city_name":"安曇野市"},{"code":"3997102","prefecture_code":20,"town":"明科中川手","city_name":"安曇野市"},{"code":"3997104","prefecture_code":20,"town":"明科七貴","city_name":"安曇野市"},{"code":"3997101","prefecture_code":20,"town":"明科東川手","city_name":"安曇野市"},{"code":"3997103","prefecture_code":20,"town":"明科光","city_name":"安曇野市"},{"code":"3997105","prefecture_code":20,"town":"明科南陸郷","city_name":"安曇野市"},{"code":"3998205","prefecture_code":20,"town":"豊科","city_name":"安曇野市"},{"code":"3998204","prefecture_code":20,"town":"豊科高家","city_name":"安曇野市"},{"code":"3998203","prefecture_code":20,"town":"豊科田沢","city_name":"安曇野市"},{"code":"3998202","prefecture_code":20,"town":"豊科光","city_name":"安曇野市"},{"code":"3998201","prefecture_code":20,"town":"豊科南穂高","city_name":"安曇野市"},{"code":"3998303","prefecture_code":20,"town":"穂高","city_name":"安曇野市"},{"code":"3998301","prefecture_code":20,"town":"穂高有明","city_name":"安曇野市"},{"code":"3998304","prefecture_code":20,"town":"穂高柏原","city_name":"安曇野市"},{"code":"3998302","prefecture_code":20,"town":"穂高北穂高","city_name":"安曇野市"},{"code":"3998305","prefecture_code":20,"town":"穂高牧","city_name":"安曇野市"},{"code":"3998211","prefecture_code":20,"town":"堀金烏川","city_name":"安曇野市"},{"code":"3998212","prefecture_code":20,"town":"堀金三田","city_name":"安曇野市"},{"code":"3998103","prefecture_code":20,"town":"三郷小倉","city_name":"安曇野市"},{"code":"3998101","prefecture_code":20,"town":"三郷明盛","city_name":"安曇野市"},{"code":"3998102","prefecture_code":20,"town":"三郷温","city_name":"安曇野市"},{"code":"3990200","prefecture_code":20,"town":"","city_name":"諏訪郡富士見町"},{"code":"3990102","prefecture_code":20,"town":"落合","city_name":"諏訪郡富士見町"},{"code":"3990214","prefecture_code":20,"town":"落合","city_name":"諏訪郡富士見町"},{"code":"3990213","prefecture_code":20,"town":"乙事","city_name":"諏訪郡富士見町"},{"code":"3990101","prefecture_code":20,"town":"境","city_name":"諏訪郡富士見町"},{"code":"3990212","prefecture_code":20,"town":"立沢","city_name":"諏訪郡富士見町"},{"code":"3990211","prefecture_code":20,"town":"富士見","city_name":"諏訪郡富士見町"},{"code":"3990400","prefecture_code":20,"town":"","city_name":"上伊那郡辰野町"},{"code":"3990424","prefecture_code":20,"town":"赤羽","city_name":"上伊那郡辰野町"},{"code":"3990428","prefecture_code":20,"town":"伊那富","city_name":"上伊那郡辰野町"},{"code":"3990601","prefecture_code":20,"town":"小野","city_name":"上伊那郡辰野町"},{"code":"3990512","prefecture_code":20,"town":"上島","city_name":"上伊那郡辰野町"},{"code":"3990423","prefecture_code":20,"town":"沢底","city_name":"上伊那郡辰野町"},{"code":"3990421","prefecture_code":20,"town":"辰野","city_name":"上伊那郡辰野町"},{"code":"3990427","prefecture_code":20,"town":"中央","city_name":"上伊那郡辰野町"},{"code":"3990425","prefecture_code":20,"town":"樋口","city_name":"上伊那郡辰野町"},{"code":"3990422","prefecture_code":20,"town":"平出","city_name":"上伊那郡辰野町"},{"code":"3990426","prefecture_code":20,"town":"宮木","city_name":"上伊那郡辰野町"},{"code":"3990511","prefecture_code":20,"town":"横川","city_name":"上伊那郡辰野町"},{"code":"3994600","prefecture_code":20,"town":"","city_name":"上伊那郡箕輪町"},{"code":"3994605","prefecture_code":20,"town":"中曽根","city_name":"上伊那郡箕輪町"},{"code":"3994601","prefecture_code":20,"town":"中箕輪","city_name":"上伊那郡箕輪町"},{"code":"3994602","prefecture_code":20,"town":"東箕輪","city_name":"上伊那郡箕輪町"},{"code":"3994604","prefecture_code":20,"town":"福与","city_name":"上伊那郡箕輪町"},{"code":"3994603","prefecture_code":20,"town":"三日町","city_name":"上伊那郡箕輪町"},{"code":"3993700","prefecture_code":20,"town":"","city_name":"上伊那郡飯島町"},{"code":"3993702","prefecture_code":20,"town":"飯島","city_name":"上伊那郡飯島町"},{"code":"3993701","prefecture_code":20,"town":"田切","city_name":"上伊那郡飯島町"},{"code":"3993705","prefecture_code":20,"town":"七久保","city_name":"上伊那郡飯島町"},{"code":"3993703","prefecture_code":20,"town":"日曽利","city_name":"上伊那郡飯島町"},{"code":"3993704","prefecture_code":20,"town":"本郷","city_name":"上伊那郡飯島町"},{"code":"3994511","prefecture_code":20,"town":"南箕輪村一円","city_name":"上伊那郡南箕輪村"},{"code":"3993800","prefecture_code":20,"town":"","city_name":"上伊那郡中川村"},{"code":"3993801","prefecture_code":20,"town":"大草","city_name":"上伊那郡中川村"},{"code":"3993802","prefecture_code":20,"town":"片桐","city_name":"上伊那郡中川村"},{"code":"3993803","prefecture_code":20,"town":"葛島","city_name":"上伊那郡中川村"},{"code":"3993804","prefecture_code":20,"town":"四徳","city_name":"上伊那郡中川村"},{"code":"3994301","prefecture_code":20,"town":"宮田村一円","city_name":"上伊那郡宮田村"},{"code":"3993300","prefecture_code":20,"town":"","city_name":"下伊那郡松川町"},{"code":"3993302","prefecture_code":20,"town":"生田","city_name":"下伊那郡松川町"},{"code":"3993304","prefecture_code":20,"town":"大島","city_name":"下伊那郡松川町"},{"code":"3993301","prefecture_code":20,"town":"上片桐","city_name":"下伊那郡松川町"},{"code":"3993303","prefecture_code":20,"town":"元大島","city_name":"下伊那郡松川町"},{"code":"3993100","prefecture_code":20,"town":"","city_name":"下伊那郡高森町"},{"code":"3993107","prefecture_code":20,"town":"出原","city_name":"下伊那郡高森町"},{"code":"3993105","prefecture_code":20,"town":"牛牧","city_name":"下伊那郡高森町"},{"code":"3993106","prefecture_code":20,"town":"大島山","city_name":"下伊那郡高森町"},{"code":"3993104","prefecture_code":20,"town":"上市田","city_name":"下伊那郡高森町"},{"code":"3993103","prefecture_code":20,"town":"下市田","city_name":"下伊那郡高森町"},{"code":"3993101","prefecture_code":20,"town":"山吹","city_name":"下伊那郡高森町"},{"code":"3993102","prefecture_code":20,"town":"吉田","city_name":"下伊那郡高森町"},{"code":"3991500","prefecture_code":20,"town":"","city_name":"下伊那郡阿南町"},{"code":"3991501","prefecture_code":20,"town":"北條","city_name":"下伊那郡阿南町"},{"code":"3991505","prefecture_code":20,"town":"富草","city_name":"下伊那郡阿南町"},{"code":"3991612","prefecture_code":20,"town":"新野","city_name":"下伊那郡阿南町"},{"code":"3991504","prefecture_code":20,"town":"西條","city_name":"下伊那郡阿南町"},{"code":"3991502","prefecture_code":20,"town":"東條","city_name":"下伊那郡阿南町"},{"code":"3991503","prefecture_code":20,"town":"南條","city_name":"下伊那郡阿南町"},{"code":"3991611","prefecture_code":20,"town":"和合","city_name":"下伊那郡阿南町"},{"code":"3992100","prefecture_code":20,"town":"","city_name":"下伊那郡下條村"},{"code":"3992102","prefecture_code":20,"town":"陽皐","city_name":"下伊那郡下條村"},{"code":"3992101","prefecture_code":20,"town":"睦沢","city_name":"下伊那郡下條村"},{"code":"3991601","prefecture_code":20,"town":"売木村一円","city_name":"下伊那郡売木村"},{"code":"3991200","prefecture_code":20,"town":"","city_name":"下伊那郡天龍村"},{"code":"3991202","prefecture_code":20,"town":"神原","city_name":"下伊那郡天龍村"},{"code":"3991203","prefecture_code":20,"town":"長島","city_name":"下伊那郡天龍村"},{"code":"3991201","prefecture_code":20,"town":"平岡","city_name":"下伊那郡天龍村"},{"code":"3991801","prefecture_code":20,"town":"泰阜村一円","city_name":"下伊那郡泰阜村"},{"code":"3993200","prefecture_code":20,"town":"","city_name":"下伊那郡豊丘村"},{"code":"3993311","prefecture_code":20,"town":"河野","city_name":"下伊那郡豊丘村"},{"code":"3993201","prefecture_code":20,"town":"河野","city_name":"下伊那郡豊丘村"},{"code":"3993202","prefecture_code":20,"town":"神稲","city_name":"下伊那郡豊丘村"},{"code":"3993500","prefecture_code":20,"town":"","city_name":"下伊那郡大鹿村"},{"code":"3993502","prefecture_code":20,"town":"大河原","city_name":"下伊那郡大鹿村"},{"code":"3993501","prefecture_code":20,"town":"鹿塩","city_name":"下伊那郡大鹿村"},{"code":"3995600","prefecture_code":20,"town":"","city_name":"木曽郡上松町"},{"code":"3995601","prefecture_code":20,"town":"上松","city_name":"木曽郡上松町"},{"code":"3995609","prefecture_code":20,"town":"旭町","city_name":"木曽郡上松町"},{"code":"3995603","prefecture_code":20,"town":"駅前通り","city_name":"木曽郡上松町"},{"code":"3995607","prefecture_code":20,"town":"小川","city_name":"木曽郡上松町"},{"code":"3995608","prefecture_code":20,"town":"荻原","city_name":"木曽郡上松町"},{"code":"3995605","prefecture_code":20,"town":"栄町","city_name":"木曽郡上松町"},{"code":"3995604","prefecture_code":20,"town":"正島町","city_name":"木曽郡上松町"},{"code":"3995602","prefecture_code":20,"town":"本町通り","city_name":"木曽郡上松町"},{"code":"3995606","prefecture_code":20,"town":"緑町","city_name":"木曽郡上松町"},{"code":"3995300","prefecture_code":20,"town":"","city_name":"木曽郡南木曽町"},{"code":"3995302","prefecture_code":20,"town":"吾妻","city_name":"木曽郡南木曽町"},{"code":"3995303","prefecture_code":20,"town":"田立","city_name":"木曽郡南木曽町"},{"code":"3995301","prefecture_code":20,"town":"読書","city_name":"木曽郡南木曽町"},{"code":"3996200","prefecture_code":20,"town":"","city_name":"木曽郡木祖村"},{"code":"3996203","prefecture_code":20,"town":"小木曽","city_name":"木曽郡木祖村"},{"code":"3996202","prefecture_code":20,"town":"菅","city_name":"木曽郡木祖村"},{"code":"3996201","prefecture_code":20,"town":"薮原","city_name":"木曽郡木祖村"},{"code":"3995500","prefecture_code":20,"town":"","city_name":"木曽郡大桑村"},{"code":"3995502","prefecture_code":20,"town":"須原","city_name":"木曽郡大桑村"},{"code":"3995501","prefecture_code":20,"town":"殿","city_name":"木曽郡大桑村"},{"code":"3995503","prefecture_code":20,"town":"長野","city_name":"木曽郡大桑村"},{"code":"3995504","prefecture_code":20,"town":"野尻","city_name":"木曽郡大桑村"},{"code":"3996101","prefecture_code":20,"town":"日義","city_name":"木曽郡木曽町"},{"code":"3997700","prefecture_code":20,"town":"","city_name":"東筑摩郡麻績村"},{"code":"3997701","prefecture_code":20,"town":"麻","city_name":"東筑摩郡麻績村"},{"code":"3997702","prefecture_code":20,"town":"日","city_name":"東筑摩郡麻績村"},{"code":"3997200","prefecture_code":20,"town":"","city_name":"東筑摩郡生坂村"},{"code":"3997201","prefecture_code":20,"town":"生坂村の次に番地がくる場合","city_name":"東筑摩郡生坂村"},{"code":"3997202","prefecture_code":20,"town":"北陸郷","city_name":"東筑摩郡生坂村"},{"code":"3997311","prefecture_code":20,"town":"東広津","city_name":"東筑摩郡生坂村"},{"code":"3997500","prefecture_code":20,"town":"","city_name":"東筑摩郡筑北村"},{"code":"3997503","prefecture_code":20,"town":"大沢新田","city_name":"東筑摩郡筑北村"},{"code":"3997711","prefecture_code":20,"town":"坂井","city_name":"東筑摩郡筑北村"},{"code":"3997601","prefecture_code":20,"town":"坂北","city_name":"東筑摩郡筑北村"},{"code":"3997501","prefecture_code":20,"town":"西条","city_name":"東筑摩郡筑北村"},{"code":"3997502","prefecture_code":20,"town":"東条","city_name":"東筑摩郡筑北村"},{"code":"3997504","prefecture_code":20,"town":"乱橋","city_name":"東筑摩郡筑北村"},{"code":"3998600","prefecture_code":20,"town":"","city_name":"北安曇郡池田町"},{"code":"3998602","prefecture_code":20,"town":"会染","city_name":"北安曇郡池田町"},{"code":"3998601","prefecture_code":20,"town":"池田","city_name":"北安曇郡池田町"},{"code":"3998603","prefecture_code":20,"town":"中鵜","city_name":"北安曇郡池田町"},{"code":"3998604","prefecture_code":20,"town":"広津","city_name":"北安曇郡池田町"},{"code":"3998605","prefecture_code":20,"town":"陸郷","city_name":"北安曇郡池田町"},{"code":"3998501","prefecture_code":20,"town":"松川村一円","city_name":"北安曇郡松川村"},{"code":"3999300","prefecture_code":20,"town":"","city_name":"北安曇郡白馬村"},{"code":"3999211","prefecture_code":20,"town":"神城","city_name":"北安曇郡白馬村"},{"code":"3999301","prefecture_code":20,"town":"北城","city_name":"北安曇郡白馬村"},{"code":"3999400","prefecture_code":20,"town":"","city_name":"北安曇郡小谷村"},{"code":"3999601","prefecture_code":20,"town":"北小谷","city_name":"北安曇郡小谷村"},{"code":"3999422","prefecture_code":20,"town":"千国","city_name":"北安曇郡小谷村"},{"code":"3999421","prefecture_code":20,"town":"中小谷","city_name":"北安曇郡小谷村"},{"code":"3999511","prefecture_code":20,"town":"中土","city_name":"北安曇郡小谷村"},{"code":"3994232","prefecture_code":20,"town":"下平（２０７０〜２１１９、２３０９〜２３１１、２４１９、２４２１〜２４２６","city_name":"駒ヶ根市"}]
