[{"code":"4110000","prefecture_code":22,"town":"","city_name":"三島市"},{"code":"4110811","prefecture_code":22,"town":"青木","city_name":"三島市"},{"code":"4110020","prefecture_code":22,"town":"旭ケ丘","city_name":"三島市"},{"code":"4110834","prefecture_code":22,"town":"新谷","city_name":"三島市"},{"code":"4110037","prefecture_code":22,"town":"泉町","city_name":"三島市"},{"code":"4110015","prefecture_code":22,"town":"市山新田","city_name":"三島市"},{"code":"4110036","prefecture_code":22,"town":"一番町","city_name":"三島市"},{"code":"4110025","prefecture_code":22,"town":"壱町田","city_name":"三島市"},{"code":"4110816","prefecture_code":22,"town":"梅名","city_name":"三島市"},{"code":"4110035","prefecture_code":22,"town":"大宮町","city_name":"三島市"},{"code":"4110023","prefecture_code":22,"town":"加茂","city_name":"三島市"},{"code":"4110034","prefecture_code":22,"town":"加茂川町","city_name":"三島市"},{"code":"4110845","prefecture_code":22,"town":"加屋町","city_name":"三島市"},{"code":"4110022","prefecture_code":22,"town":"川原ケ谷","city_name":"三島市"},{"code":"4110805","prefecture_code":22,"town":"北沢","city_name":"三島市"},{"code":"4110854","prefecture_code":22,"town":"北田町","city_name":"三島市"},{"code":"4110844","prefecture_code":22,"town":"清住町","city_name":"三島市"},{"code":"4110031","prefecture_code":22,"town":"幸原町","city_name":"三島市"},{"code":"4110039","prefecture_code":22,"town":"寿町","city_name":"三島市"},{"code":"4110846","prefecture_code":22,"town":"栄町","city_name":"三島市"},{"code":"4110012","prefecture_code":22,"town":"笹原新田","city_name":"三島市"},{"code":"4110047","prefecture_code":22,"town":"佐野","city_name":"三島市"},{"code":"4110041","prefecture_code":22,"town":"佐野見晴台","city_name":"三島市"},{"code":"4110043","prefecture_code":22,"town":"沢地","city_name":"三島市"},{"code":"4110017","prefecture_code":22,"town":"三恵台","city_name":"三島市"},{"code":"4110857","prefecture_code":22,"town":"芝本町","city_name":"三島市"},{"code":"4110032","prefecture_code":22,"town":"末広町","city_name":"三島市"},{"code":"4110027","prefecture_code":22,"town":"千枚原","city_name":"三島市"},{"code":"4110853","prefecture_code":22,"town":"大社町","city_name":"三島市"},{"code":"4110803","prefecture_code":22,"town":"大場","city_name":"三島市"},{"code":"4110807","prefecture_code":22,"town":"竹倉","city_name":"三島市"},{"code":"4110835","prefecture_code":22,"town":"玉川","city_name":"三島市"},{"code":"4110014","prefecture_code":22,"town":"玉沢","city_name":"三島市"},{"code":"4110804","prefecture_code":22,"town":"多呂","city_name":"三島市"},{"code":"4110858","prefecture_code":22,"town":"中央町","city_name":"三島市"},{"code":"4110016","prefecture_code":22,"town":"塚原新田","city_name":"三島市"},{"code":"4110813","prefecture_code":22,"town":"鶴喰","city_name":"三島市"},{"code":"4110044","prefecture_code":22,"town":"徳倉","city_name":"三島市"},{"code":"4110836","prefecture_code":22,"town":"富田町","city_name":"三島市"},{"code":"4110833","prefecture_code":22,"town":"中","city_name":"三島市"},{"code":"4110814","prefecture_code":22,"town":"中島","city_name":"三島市"},{"code":"4110838","prefecture_code":22,"town":"中田町","city_name":"三島市"},{"code":"4110824","prefecture_code":22,"town":"長伏","city_name":"三島市"},{"code":"4110030","prefecture_code":22,"town":"西旭ケ丘町","city_name":"三島市"},{"code":"4110808","prefecture_code":22,"town":"錦が丘","city_name":"三島市"},{"code":"4110847","prefecture_code":22,"town":"西本町","city_name":"三島市"},{"code":"4110038","prefecture_code":22,"town":"西若町","city_name":"三島市"},{"code":"4110045","prefecture_code":22,"town":"萩","city_name":"三島市"},{"code":"4110817","prefecture_code":22,"town":"八反畑","city_name":"三島市"},{"code":"4110018","prefecture_code":22,"town":"初音台","city_name":"三島市"},{"code":"4110029","prefecture_code":22,"town":"光ケ丘","city_name":"三島市"},{"code":"4110026","prefecture_code":22,"town":"東壱町田","city_name":"三島市"},{"code":"4110802","prefecture_code":22,"town":"東大場","city_name":"三島市"},{"code":"4110852","prefecture_code":22,"town":"東町","city_name":"三島市"},{"code":"4110831","prefecture_code":22,"town":"東本町","city_name":"三島市"},{"code":"4110851","prefecture_code":22,"town":"日の出町","city_name":"三島市"},{"code":"4110821","prefecture_code":22,"town":"平田","city_name":"三島市"},{"code":"4110856","prefecture_code":22,"town":"広小路町","city_name":"三島市"},{"code":"4110812","prefecture_code":22,"town":"藤代町","city_name":"三島市"},{"code":"4110028","prefecture_code":22,"town":"富士ビレッジ","city_name":"三島市"},{"code":"4110021","prefecture_code":22,"town":"富士見台","city_name":"三島市"},{"code":"4110046","prefecture_code":22,"town":"芙蓉台","city_name":"三島市"},{"code":"4110033","prefecture_code":22,"town":"文教町","city_name":"三島市"},{"code":"4110042","prefecture_code":22,"town":"平成台","city_name":"三島市"},{"code":"4110855","prefecture_code":22,"town":"本町","city_name":"三島市"},{"code":"4110019","prefecture_code":22,"town":"松が丘","city_name":"三島市"},{"code":"4110822","prefecture_code":22,"town":"松本","city_name":"三島市"},{"code":"4110823","prefecture_code":22,"town":"御園","city_name":"三島市"},{"code":"4110013","prefecture_code":22,"town":"三ツ谷新田","city_name":"三島市"},{"code":"4110848","prefecture_code":22,"town":"緑町","city_name":"三島市"},{"code":"4110837","prefecture_code":22,"town":"南田町","city_name":"三島市"},{"code":"4110842","prefecture_code":22,"town":"南町","city_name":"三島市"},{"code":"4110832","prefecture_code":22,"town":"南二日町","city_name":"三島市"},{"code":"4110841","prefecture_code":22,"town":"南本町","city_name":"三島市"},{"code":"4110843","prefecture_code":22,"town":"三好町","city_name":"三島市"},{"code":"4110815","prefecture_code":22,"town":"安久","city_name":"三島市"},{"code":"4110801","prefecture_code":22,"town":"谷田","city_name":"三島市"},{"code":"4110806","prefecture_code":22,"town":"柳郷地","city_name":"三島市"},{"code":"4110011","prefecture_code":22,"town":"山中新田","city_name":"三島市"},{"code":"4110024","prefecture_code":22,"town":"若松町","city_name":"三島市"},{"code":"4110001","prefecture_code":22,"town":"桑原","city_name":"田方郡函南町"},{"code":"4110000","prefecture_code":22,"town":"","city_name":"駿東郡清水町"},{"code":"4110912","prefecture_code":22,"town":"卸団地","city_name":"駿東郡清水町"},{"code":"4110904","prefecture_code":22,"town":"柿田","city_name":"駿東郡清水町"},{"code":"4110911","prefecture_code":22,"town":"久米田","city_name":"駿東郡清水町"},{"code":"4110901","prefecture_code":22,"town":"新宿","city_name":"駿東郡清水町"},{"code":"4110902","prefecture_code":22,"town":"玉川","city_name":"駿東郡清水町"},{"code":"4110903","prefecture_code":22,"town":"堂庭","city_name":"駿東郡清水町"},{"code":"4110917","prefecture_code":22,"town":"徳倉","city_name":"駿東郡清水町"},{"code":"4110913","prefecture_code":22,"town":"戸田","city_name":"駿東郡清水町"},{"code":"4110916","prefecture_code":22,"town":"中徳倉","city_name":"駿東郡清水町"},{"code":"4110905","prefecture_code":22,"town":"長沢","city_name":"駿東郡清水町"},{"code":"4110914","prefecture_code":22,"town":"畑中","city_name":"駿東郡清水町"},{"code":"4110907","prefecture_code":22,"town":"伏見","city_name":"駿東郡清水町"},{"code":"4110915","prefecture_code":22,"town":"的場","city_name":"駿東郡清水町"},{"code":"4110906","prefecture_code":22,"town":"八幡","city_name":"駿東郡清水町"},{"code":"4110918","prefecture_code":22,"town":"湯川","city_name":"駿東郡清水町"},{"code":"4110000","prefecture_code":22,"town":"","city_name":"駿東郡長泉町"},{"code":"4110941","prefecture_code":22,"town":"上土狩","city_name":"駿東郡長泉町"},{"code":"4110935","prefecture_code":22,"town":"上長窪","city_name":"駿東郡長泉町"},{"code":"4110951","prefecture_code":22,"town":"桜堤","city_name":"駿東郡長泉町"},{"code":"4110943","prefecture_code":22,"town":"下土狩","city_name":"駿東郡長泉町"},{"code":"4110934","prefecture_code":22,"town":"下長窪","city_name":"駿東郡長泉町"},{"code":"4110944","prefecture_code":22,"town":"竹原","city_name":"駿東郡長泉町"},{"code":"4110942","prefecture_code":22,"town":"中土狩","city_name":"駿東郡長泉町"},{"code":"4110933","prefecture_code":22,"town":"納米里","city_name":"駿東郡長泉町"},{"code":"4110931","prefecture_code":22,"town":"東野","city_name":"駿東郡長泉町"},{"code":"4110945","prefecture_code":22,"town":"本宿","city_name":"駿東郡長泉町"},{"code":"4110932","prefecture_code":22,"town":"南一色","city_name":"駿東郡長泉町"},{"code":"4110936","prefecture_code":22,"town":"元長窪","city_name":"駿東郡長泉町"}]
