[{"code":"4180000","prefecture_code":22,"town":"","city_name":"富士宮市"},{"code":"4180047","prefecture_code":22,"town":"青木","city_name":"富士宮市"},{"code":"4180048","prefecture_code":22,"town":"青木平","city_name":"富士宮市"},{"code":"4180016","prefecture_code":22,"town":"阿幸地","city_name":"富士宮市"},{"code":"4180078","prefecture_code":22,"town":"阿幸地町","city_name":"富士宮市"},{"code":"4180037","prefecture_code":22,"town":"安居山","city_name":"富士宮市"},{"code":"4180057","prefecture_code":22,"town":"朝日町","city_name":"富士宮市"},{"code":"4180032","prefecture_code":22,"town":"浅間町","city_name":"富士宮市"},{"code":"4180011","prefecture_code":22,"town":"粟倉","city_name":"富士宮市"},{"code":"4180018","prefecture_code":22,"town":"粟倉南町","city_name":"富士宮市"},{"code":"4180043","prefecture_code":22,"town":"泉町","city_name":"富士宮市"},{"code":"4180108","prefecture_code":22,"town":"猪之頭","city_name":"富士宮市"},{"code":"4180104","prefecture_code":22,"town":"内野","city_name":"富士宮市"},{"code":"4180113","prefecture_code":22,"town":"馬見塚","city_name":"富士宮市"},{"code":"4180013","prefecture_code":22,"town":"大岩","city_name":"富士宮市"},{"code":"4180044","prefecture_code":22,"town":"大中里","city_name":"富士宮市"},{"code":"4180066","prefecture_code":22,"town":"大宮町","city_name":"富士宮市"},{"code":"4180103","prefecture_code":22,"town":"上井出","city_name":"富士宮市"},{"code":"4180116","prefecture_code":22,"town":"上条","city_name":"富士宮市"},{"code":"4180117","prefecture_code":22,"town":"狩宿","city_name":"富士宮市"},{"code":"4180031","prefecture_code":22,"town":"神田川町","city_name":"富士宮市"},{"code":"4180061","prefecture_code":22,"town":"北町","city_name":"富士宮市"},{"code":"4180112","prefecture_code":22,"town":"北山","city_name":"富士宮市"},{"code":"4180042","prefecture_code":22,"town":"貴船町","city_name":"富士宮市"},{"code":"4180034","prefecture_code":22,"town":"黒田","city_name":"富士宮市"},{"code":"4180074","prefecture_code":22,"town":"源道寺町","city_name":"富士宮市"},{"code":"4180022","prefecture_code":22,"town":"小泉","city_name":"富士宮市"},{"code":"4180107","prefecture_code":22,"town":"佐折","city_name":"富士宮市"},{"code":"4180114","prefecture_code":22,"town":"下条","city_name":"富士宮市"},{"code":"4180115","prefecture_code":22,"town":"精進川","city_name":"富士宮市"},{"code":"4180062","prefecture_code":22,"town":"城北町","city_name":"富士宮市"},{"code":"4180021","prefecture_code":22,"town":"杉田","city_name":"富士宮市"},{"code":"4180055","prefecture_code":22,"town":"宝町","city_name":"富士宮市"},{"code":"4180075","prefecture_code":22,"town":"田中町","city_name":"富士宮市"},{"code":"4180065","prefecture_code":22,"town":"中央町","city_name":"富士宮市"},{"code":"4180006","prefecture_code":22,"town":"外神","city_name":"富士宮市"},{"code":"4180007","prefecture_code":22,"town":"外神東町","city_name":"富士宮市"},{"code":"4180046","prefecture_code":22,"town":"中里東町","city_name":"富士宮市"},{"code":"4180045","prefecture_code":22,"town":"中島町","city_name":"富士宮市"},{"code":"4180002","prefecture_code":22,"town":"中原町","city_name":"富士宮市"},{"code":"4180019","prefecture_code":22,"town":"南陵","city_name":"富士宮市"},{"code":"4180076","prefecture_code":22,"town":"錦町","city_name":"富士宮市"},{"code":"4180026","prefecture_code":22,"town":"西小泉町","city_name":"富士宮市"},{"code":"4180056","prefecture_code":22,"town":"西町","city_name":"富士宮市"},{"code":"4180024","prefecture_code":22,"town":"貫戸","city_name":"富士宮市"},{"code":"4180036","prefecture_code":22,"town":"沼久保","city_name":"富士宮市"},{"code":"4180101","prefecture_code":22,"town":"根原","city_name":"富士宮市"},{"code":"4180039","prefecture_code":22,"town":"野中","city_name":"富士宮市"},{"code":"4180038","prefecture_code":22,"town":"野中町","city_name":"富士宮市"},{"code":"4180033","prefecture_code":22,"town":"野中東町","city_name":"富士宮市"},{"code":"4180105","prefecture_code":22,"town":"原","city_name":"富士宮市"},{"code":"4180106","prefecture_code":22,"town":"半野","city_name":"富士宮市"},{"code":"4180054","prefecture_code":22,"town":"光町","city_name":"富士宮市"},{"code":"4180071","prefecture_code":22,"town":"東阿幸地","city_name":"富士宮市"},{"code":"4180077","prefecture_code":22,"town":"東町","city_name":"富士宮市"},{"code":"4180102","prefecture_code":22,"town":"人穴","city_name":"富士宮市"},{"code":"4180003","prefecture_code":22,"town":"ひばりが丘","city_name":"富士宮市"},{"code":"4180014","prefecture_code":22,"town":"富士見ケ丘","city_name":"富士宮市"},{"code":"4180017","prefecture_code":22,"town":"舟久保町","city_name":"富士宮市"},{"code":"4180109","prefecture_code":22,"town":"麓","city_name":"富士宮市"},{"code":"4180035","prefecture_code":22,"town":"星山","city_name":"富士宮市"},{"code":"4180058","prefecture_code":22,"town":"穂波町","city_name":"富士宮市"},{"code":"4180015","prefecture_code":22,"town":"舞々木町","city_name":"富士宮市"},{"code":"4180025","prefecture_code":22,"town":"前田町","city_name":"富士宮市"},{"code":"4180001","prefecture_code":22,"town":"万野原新田","city_name":"富士宮市"},{"code":"4180004","prefecture_code":22,"town":"三園平","city_name":"富士宮市"},{"code":"4180053","prefecture_code":22,"town":"宮北町","city_name":"富士宮市"},{"code":"4180067","prefecture_code":22,"town":"宮町","city_name":"富士宮市"},{"code":"4180005","prefecture_code":22,"town":"宮原","city_name":"富士宮市"},{"code":"4180012","prefecture_code":22,"town":"村山","city_name":"富士宮市"},{"code":"4180064","prefecture_code":22,"town":"元城町","city_name":"富士宮市"},{"code":"4180072","prefecture_code":22,"town":"矢立町","city_name":"富士宮市"},{"code":"4180111","prefecture_code":22,"town":"山宮","city_name":"富士宮市"},{"code":"4180023","prefecture_code":22,"town":"山本","city_name":"富士宮市"},{"code":"4180068","prefecture_code":22,"town":"豊町","city_name":"富士宮市"},{"code":"4180073","prefecture_code":22,"town":"弓沢町","city_name":"富士宮市"},{"code":"4180041","prefecture_code":22,"town":"淀川町","city_name":"富士宮市"},{"code":"4180051","prefecture_code":22,"town":"淀師","city_name":"富士宮市"},{"code":"4180052","prefecture_code":22,"town":"淀平町","city_name":"富士宮市"},{"code":"4180063","prefecture_code":22,"town":"若の宮町","city_name":"富士宮市"}]
