[{"code":"4190317","prefecture_code":22,"town":"内房","city_name":"富士宮市"},{"code":"4190314","prefecture_code":22,"town":"大久保","city_name":"富士宮市"},{"code":"4190303","prefecture_code":22,"town":"大鹿窪","city_name":"富士宮市"},{"code":"4190311","prefecture_code":22,"town":"上稲子","city_name":"富士宮市"},{"code":"4190301","prefecture_code":22,"town":"上柚野","city_name":"富士宮市"},{"code":"4190312","prefecture_code":22,"town":"下稲子","city_name":"富士宮市"},{"code":"4190305","prefecture_code":22,"town":"下柚野","city_name":"富士宮市"},{"code":"4190304","prefecture_code":22,"town":"鳥並","city_name":"富士宮市"},{"code":"4190315","prefecture_code":22,"town":"長貫","city_name":"富士宮市"},{"code":"4190313","prefecture_code":22,"town":"西山","city_name":"富士宮市"},{"code":"4190302","prefecture_code":22,"town":"猫沢","city_name":"富士宮市"},{"code":"4190316","prefecture_code":22,"town":"羽鮒","city_name":"富士宮市"},{"code":"4190201","prefecture_code":22,"town":"厚原","city_name":"富士市"},{"code":"4190204","prefecture_code":22,"town":"入山瀬","city_name":"富士市"},{"code":"4190202","prefecture_code":22,"town":"久沢","city_name":"富士市"},{"code":"4190203","prefecture_code":22,"town":"鷹岡本町","city_name":"富士市"},{"code":"4190205","prefecture_code":22,"town":"天間","city_name":"富士市"},{"code":"4190100","prefecture_code":22,"town":"","city_name":"田方郡函南町"},{"code":"4190121","prefecture_code":22,"town":"大竹","city_name":"田方郡函南町"},{"code":"4190113","prefecture_code":22,"town":"大土肥","city_name":"田方郡函南町"},{"code":"4190112","prefecture_code":22,"town":"柏谷","city_name":"田方郡函南町"},{"code":"4190122","prefecture_code":22,"town":"上沢","city_name":"田方郡函南町"},{"code":"4190103","prefecture_code":22,"town":"軽井沢","city_name":"田方郡函南町"},{"code":"4190101","prefecture_code":22,"town":"桑原","city_name":"田方郡函南町"},{"code":"4190115","prefecture_code":22,"town":"新田","city_name":"田方郡函南町"},{"code":"4190102","prefecture_code":22,"town":"田代","city_name":"田方郡函南町"},{"code":"4190105","prefecture_code":22,"town":"丹那","city_name":"田方郡函南町"},{"code":"4190124","prefecture_code":22,"town":"塚本","city_name":"田方郡函南町"},{"code":"4190114","prefecture_code":22,"town":"仁田","city_name":"田方郡函南町"},{"code":"4190104","prefecture_code":22,"town":"畑","city_name":"田方郡函南町"},{"code":"4190111","prefecture_code":22,"town":"畑毛","city_name":"田方郡函南町"},{"code":"4190125","prefecture_code":22,"town":"肥田","city_name":"田方郡函南町"},{"code":"4190116","prefecture_code":22,"town":"日守","city_name":"田方郡函南町"},{"code":"4190107","prefecture_code":22,"town":"平井","city_name":"田方郡函南町"},{"code":"4190123","prefecture_code":22,"town":"間宮","city_name":"田方郡函南町"},{"code":"4190106","prefecture_code":22,"town":"南箱根ダイヤランド","city_name":"田方郡函南町"}]
