[{"code":"4260000","prefecture_code":22,"town":"","city_name":"藤枝市"},{"code":"4260037","prefecture_code":22,"town":"青木","city_name":"藤枝市"},{"code":"4260066","prefecture_code":22,"town":"青葉町","city_name":"藤枝市"},{"code":"4260081","prefecture_code":22,"town":"旭が丘","city_name":"藤枝市"},{"code":"4260015","prefecture_code":22,"town":"五十海","city_name":"藤枝市"},{"code":"4260045","prefecture_code":22,"town":"泉町","city_name":"藤枝市"},{"code":"4260022","prefecture_code":22,"town":"稲川","city_name":"藤枝市"},{"code":"4260007","prefecture_code":22,"town":"潮","city_name":"藤枝市"},{"code":"4260076","prefecture_code":22,"town":"内瀬戸","city_name":"藤枝市"},{"code":"4260034","prefecture_code":22,"town":"駅前","city_name":"藤枝市"},{"code":"4260051","prefecture_code":22,"town":"大洲","city_name":"藤枝市"},{"code":"4260017","prefecture_code":22,"town":"大手","city_name":"藤枝市"},{"code":"4260026","prefecture_code":22,"town":"岡出山","city_name":"藤枝市"},{"code":"4260087","prefecture_code":22,"town":"音羽町","city_name":"藤枝市"},{"code":"4260008","prefecture_code":22,"town":"鬼島","city_name":"藤枝市"},{"code":"4260036","prefecture_code":22,"town":"上青島","city_name":"藤枝市"},{"code":"4260004","prefecture_code":22,"town":"上当間","city_name":"藤枝市"},{"code":"4260202","prefecture_code":22,"town":"上藪田","city_name":"藤枝市"},{"code":"4260001","prefecture_code":22,"town":"仮宿","city_name":"藤枝市"},{"code":"4260024","prefecture_code":22,"town":"鬼岩寺","city_name":"藤枝市"},{"code":"4260212","prefecture_code":22,"town":"北方","city_name":"藤枝市"},{"code":"4260064","prefecture_code":22,"town":"久兵衛市右衛門請新田","city_name":"藤枝市"},{"code":"4260223","prefecture_code":22,"town":"清里","city_name":"藤枝市"},{"code":"4260054","prefecture_code":22,"town":"源助","city_name":"藤枝市"},{"code":"4260033","prefecture_code":22,"town":"小石川町","city_name":"藤枝市"},{"code":"4260079","prefecture_code":22,"town":"光洋台","city_name":"藤枝市"},{"code":"4260016","prefecture_code":22,"town":"郡","city_name":"藤枝市"},{"code":"4260056","prefecture_code":22,"town":"五平","city_name":"藤枝市"},{"code":"4260071","prefecture_code":22,"town":"志太","city_name":"藤枝市"},{"code":"4260035","prefecture_code":22,"town":"下青島","city_name":"藤枝市"},{"code":"4260003","prefecture_code":22,"town":"下当間","city_name":"藤枝市"},{"code":"4260203","prefecture_code":22,"town":"下之郷","city_name":"藤枝市"},{"code":"4260201","prefecture_code":22,"town":"下藪田","city_name":"藤枝市"},{"code":"4260021","prefecture_code":22,"town":"城南","city_name":"藤枝市"},{"code":"4260073","prefecture_code":22,"town":"新南新屋","city_name":"藤枝市"},{"code":"4260065","prefecture_code":22,"town":"末広","city_name":"藤枝市"},{"code":"4260085","prefecture_code":22,"town":"助宗","city_name":"藤枝市"},{"code":"4260077","prefecture_code":22,"town":"駿河台","city_name":"藤枝市"},{"code":"4260063","prefecture_code":22,"town":"青南町","city_name":"藤枝市"},{"code":"4260082","prefecture_code":22,"town":"瀬古","city_name":"藤枝市"},{"code":"4260075","prefecture_code":22,"town":"瀬戸新屋","city_name":"藤枝市"},{"code":"4260131","prefecture_code":22,"town":"瀬戸ノ谷","city_name":"藤枝市"},{"code":"4260053","prefecture_code":22,"town":"善左衛門","city_name":"藤枝市"},{"code":"4260043","prefecture_code":22,"town":"大新島","city_name":"藤枝市"},{"code":"4260055","prefecture_code":22,"town":"大西町","city_name":"藤枝市"},{"code":"4260044","prefecture_code":22,"town":"大東町","city_name":"藤枝市"},{"code":"4260062","prefecture_code":22,"town":"高岡","city_name":"藤枝市"},{"code":"4260046","prefecture_code":22,"town":"高洲","city_name":"藤枝市"},{"code":"4260221","prefecture_code":22,"town":"高田","city_name":"藤枝市"},{"code":"4260041","prefecture_code":22,"town":"高柳","city_name":"藤枝市"},{"code":"4260134","prefecture_code":22,"town":"滝沢","city_name":"藤枝市"},{"code":"4260013","prefecture_code":22,"town":"立花","city_name":"藤枝市"},{"code":"4260012","prefecture_code":22,"town":"田中","city_name":"藤枝市"},{"code":"4260061","prefecture_code":22,"town":"田沼","city_name":"藤枝市"},{"code":"4260023","prefecture_code":22,"town":"茶町","city_name":"藤枝市"},{"code":"4260057","prefecture_code":22,"town":"忠兵衛","city_name":"藤枝市"},{"code":"4260031","prefecture_code":22,"town":"築地","city_name":"藤枝市"},{"code":"4260032","prefecture_code":22,"town":"築地上","city_name":"藤枝市"},{"code":"4260084","prefecture_code":22,"town":"寺島","city_name":"藤枝市"},{"code":"4260019","prefecture_code":22,"town":"天王町","city_name":"藤枝市"},{"code":"4260204","prefecture_code":22,"town":"時ケ谷","city_name":"藤枝市"},{"code":"4260213","prefecture_code":22,"town":"中ノ合","city_name":"藤枝市"},{"code":"4260222","prefecture_code":22,"town":"中藪田","city_name":"藤枝市"},{"code":"4260211","prefecture_code":22,"town":"西方","city_name":"藤枝市"},{"code":"4260014","prefecture_code":22,"town":"若王子","city_name":"藤枝市"},{"code":"4260205","prefecture_code":22,"town":"花倉","city_name":"藤枝市"},{"code":"4260086","prefecture_code":22,"town":"原","city_name":"藤枝市"},{"code":"4260038","prefecture_code":22,"town":"東町","city_name":"藤枝市"},{"code":"4260042","prefecture_code":22,"town":"兵太夫","city_name":"藤枝市"},{"code":"4260011","prefecture_code":22,"town":"平島","city_name":"藤枝市"},{"code":"4260025","prefecture_code":22,"town":"藤枝","city_name":"藤枝市"},{"code":"4260006","prefecture_code":22,"town":"藤岡","city_name":"藤枝市"},{"code":"4260088","prefecture_code":22,"town":"堀之内","city_name":"藤枝市"},{"code":"4260132","prefecture_code":22,"town":"本郷","city_name":"藤枝市"},{"code":"4260018","prefecture_code":22,"town":"本町","city_name":"藤枝市"},{"code":"4260067","prefecture_code":22,"town":"前島","city_name":"藤枝市"},{"code":"4260029","prefecture_code":22,"town":"益津","city_name":"藤枝市"},{"code":"4260028","prefecture_code":22,"town":"益津下","city_name":"藤枝市"},{"code":"4260074","prefecture_code":22,"town":"水上","city_name":"藤枝市"},{"code":"4260005","prefecture_code":22,"town":"水守","city_name":"藤枝市"},{"code":"4260027","prefecture_code":22,"town":"緑町","city_name":"藤枝市"},{"code":"4260070","prefecture_code":22,"town":"緑の丘","city_name":"藤枝市"},{"code":"4260072","prefecture_code":22,"town":"南新屋","city_name":"藤枝市"},{"code":"4260224","prefecture_code":22,"town":"南清里","city_name":"藤枝市"},{"code":"4260078","prefecture_code":22,"town":"南駿河台","city_name":"藤枝市"},{"code":"4260133","prefecture_code":22,"town":"宮原","city_name":"藤枝市"},{"code":"4260083","prefecture_code":22,"town":"谷稲葉","city_name":"藤枝市"},{"code":"4260052","prefecture_code":22,"town":"弥左衛門","city_name":"藤枝市"},{"code":"4260009","prefecture_code":22,"town":"八幡","city_name":"藤枝市"},{"code":"4260002","prefecture_code":22,"town":"横内","city_name":"藤枝市"},{"code":"4260047","prefecture_code":22,"town":"与左衛門","city_name":"藤枝市"}]
