[{"code":"4313121","prefecture_code":22,"town":"有玉北町","city_name":"浜松市中央区"},{"code":"4313123","prefecture_code":22,"town":"有玉西町","city_name":"浜松市中央区"},{"code":"4313122","prefecture_code":22,"town":"有玉南町","city_name":"浜松市中央区"},{"code":"4313126","prefecture_code":22,"town":"有玉台","city_name":"浜松市中央区"},{"code":"4311111","prefecture_code":22,"town":"伊左地町","city_name":"浜松市中央区"},{"code":"4313112","prefecture_code":22,"town":"大島町","city_name":"浜松市中央区"},{"code":"4313113","prefecture_code":22,"town":"大瀬町","city_name":"浜松市中央区"},{"code":"4311112","prefecture_code":22,"town":"大人見町","city_name":"浜松市中央区"},{"code":"4311102","prefecture_code":22,"town":"大山町","city_name":"浜松市中央区"},{"code":"4313106","prefecture_code":22,"town":"笠井上町","city_name":"浜松市中央区"},{"code":"4313105","prefecture_code":22,"town":"笠井新田町","city_name":"浜松市中央区"},{"code":"4313107","prefecture_code":22,"town":"笠井町","city_name":"浜松市中央区"},{"code":"4311209","prefecture_code":22,"town":"舘山寺町","city_name":"浜松市中央区"},{"code":"4313104","prefecture_code":22,"town":"貴平町","city_name":"浜松市中央区"},{"code":"4311205","prefecture_code":22,"town":"協和町","city_name":"浜松市中央区"},{"code":"4311202","prefecture_code":22,"town":"呉松町","city_name":"浜松市中央区"},{"code":"4311103","prefecture_code":22,"town":"湖東町","city_name":"浜松市中央区"},{"code":"4311113","prefecture_code":22,"town":"古人見町","city_name":"浜松市中央区"},{"code":"4311104","prefecture_code":22,"town":"桜台","city_name":"浜松市中央区"},{"code":"4311114","prefecture_code":22,"town":"佐浜町","city_name":"浜松市中央区"},{"code":"4310201","prefecture_code":22,"town":"篠原町","city_name":"浜松市中央区"},{"code":"4313103","prefecture_code":22,"town":"常光町","city_name":"浜松市中央区"},{"code":"4311208","prefecture_code":22,"town":"庄内町","city_name":"浜松市中央区"},{"code":"4311206","prefecture_code":22,"town":"庄和町","city_name":"浜松市中央区"},{"code":"4311204","prefecture_code":22,"town":"白洲町","city_name":"浜松市中央区"},{"code":"4313114","prefecture_code":22,"town":"積志町","city_name":"浜松市中央区"},{"code":"4313108","prefecture_code":22,"town":"恒武町","city_name":"浜松市中央区"},{"code":"4310202","prefecture_code":22,"town":"坪井町","city_name":"浜松市中央区"},{"code":"4313102","prefecture_code":22,"town":"豊西町","city_name":"浜松市中央区"},{"code":"4313111","prefecture_code":22,"town":"中郡町","city_name":"浜松市中央区"},{"code":"4313115","prefecture_code":22,"town":"西ケ崎町","city_name":"浜松市中央区"},{"code":"4313124","prefecture_code":22,"town":"半田町","city_name":"浜松市中央区"},{"code":"4313125","prefecture_code":22,"town":"半田山","city_name":"浜松市中央区"},{"code":"4311203","prefecture_code":22,"town":"平松町","city_name":"浜松市中央区"},{"code":"4311201","prefecture_code":22,"town":"深萩町","city_name":"浜松市中央区"},{"code":"4310212","prefecture_code":22,"town":"舞阪町長十新田","city_name":"浜松市中央区"},{"code":"4310213","prefecture_code":22,"town":"舞阪町浜田","city_name":"浜松市中央区"},{"code":"4310214","prefecture_code":22,"town":"舞阪町弁天島","city_name":"浜松市中央区"},{"code":"4310211","prefecture_code":22,"town":"舞阪町舞阪","city_name":"浜松市中央区"},{"code":"4310203","prefecture_code":22,"town":"馬郡町","city_name":"浜松市中央区"},{"code":"4311207","prefecture_code":22,"town":"村櫛町","city_name":"浜松市中央区"},{"code":"4310103","prefecture_code":22,"town":"雄踏","city_name":"浜松市中央区"},{"code":"4310102","prefecture_code":22,"town":"雄踏町宇布見","city_name":"浜松市中央区"},{"code":"4310101","prefecture_code":22,"town":"雄踏町山崎","city_name":"浜松市中央区"},{"code":"4313101","prefecture_code":22,"town":"豊町","city_name":"浜松市中央区"},{"code":"4311101","prefecture_code":22,"town":"和光町","city_name":"浜松市中央区"},{"code":"4311115","prefecture_code":22,"town":"和地町","city_name":"浜松市中央区"},{"code":"4312212","prefecture_code":22,"town":"引佐町井伊谷","city_name":"浜松市浜名区"},{"code":"4312205","prefecture_code":22,"town":"引佐町伊平","city_name":"浜松市浜名区"},{"code":"4312224","prefecture_code":22,"town":"引佐町奥山","city_name":"浜松市浜名区"},{"code":"4312213","prefecture_code":22,"town":"引佐町金指","city_name":"浜松市浜名区"},{"code":"4312225","prefecture_code":22,"town":"引佐町狩宿","city_name":"浜松市浜名区"},{"code":"4312202","prefecture_code":22,"town":"引佐町川名","city_name":"浜松市浜名区"},{"code":"4312222","prefecture_code":22,"town":"引佐町黒渕","city_name":"浜松市浜名区"},{"code":"4312537","prefecture_code":22,"town":"引佐町渋川","city_name":"浜松市浜名区"},{"code":"4312533","prefecture_code":22,"town":"引佐町四方浄","city_name":"浜松市浜名区"},{"code":"4312215","prefecture_code":22,"town":"引佐町白岩","city_name":"浜松市浜名区"},{"code":"4312536","prefecture_code":22,"town":"引佐町田沢","city_name":"浜松市浜名区"},{"code":"4312221","prefecture_code":22,"town":"引佐町田畑","city_name":"浜松市浜名区"},{"code":"4312223","prefecture_code":22,"town":"引佐町栃窪","city_name":"浜松市浜名区"},{"code":"4312204","prefecture_code":22,"town":"引佐町兎荷","city_name":"浜松市浜名区"},{"code":"4312532","prefecture_code":22,"town":"引佐町西久留女木","city_name":"浜松市浜名区"},{"code":"4312206","prefecture_code":22,"town":"引佐町西黒田","city_name":"浜松市浜名区"},{"code":"4312211","prefecture_code":22,"town":"引佐町花平","city_name":"浜松市浜名区"},{"code":"4312531","prefecture_code":22,"town":"引佐町東久留女木","city_name":"浜松市浜名区"},{"code":"4312201","prefecture_code":22,"town":"引佐町東久留女木","city_name":"浜松市浜名区"},{"code":"4312207","prefecture_code":22,"town":"引佐町東黒田","city_name":"浜松市浜名区"},{"code":"4312534","prefecture_code":22,"town":"引佐町別所","city_name":"浜松市浜名区"},{"code":"4312535","prefecture_code":22,"town":"引佐町的場","city_name":"浜松市浜名区"},{"code":"4312203","prefecture_code":22,"town":"引佐町三岳","city_name":"浜松市浜名区"},{"code":"4312226","prefecture_code":22,"town":"引佐町谷沢","city_name":"浜松市浜名区"},{"code":"4312214","prefecture_code":22,"town":"引佐町横尾","city_name":"浜松市浜名区"},{"code":"4312216","prefecture_code":22,"town":"神宮寺町","city_name":"浜松市浜名区"},{"code":"4312103","prefecture_code":22,"town":"新都田","city_name":"浜松市浜名区"},{"code":"4312101","prefecture_code":22,"town":"滝沢町","city_name":"浜松市浜名区"},{"code":"4311301","prefecture_code":22,"town":"細江町小野","city_name":"浜松市浜名区"},{"code":"4311305","prefecture_code":22,"town":"細江町気賀","city_name":"浜松市浜名区"},{"code":"4311304","prefecture_code":22,"town":"細江町中川","city_name":"浜松市浜名区"},{"code":"4311302","prefecture_code":22,"town":"細江町広岡","city_name":"浜松市浜名区"},{"code":"4311303","prefecture_code":22,"town":"細江町三和","city_name":"浜松市浜名区"},{"code":"4311404","prefecture_code":22,"town":"三ヶ日町宇志","city_name":"浜松市浜名区"},{"code":"4311403","prefecture_code":22,"town":"三ヶ日町大崎","city_name":"浜松市浜名区"},{"code":"4311407","prefecture_code":22,"town":"三ヶ日町大谷","city_name":"浜松市浜名区"},{"code":"4311415","prefecture_code":22,"town":"三ヶ日町岡本","city_name":"浜松市浜名区"},{"code":"4311425","prefecture_code":22,"town":"三ヶ日町上尾奈","city_name":"浜松市浜名区"},{"code":"4311406","prefecture_code":22,"town":"三ヶ日町駒場","city_name":"浜松市浜名区"},{"code":"4311401","prefecture_code":22,"town":"三ヶ日町佐久米","city_name":"浜松市浜名区"},{"code":"4311424","prefecture_code":22,"town":"三ヶ日町下尾奈","city_name":"浜松市浜名区"},{"code":"4311412","prefecture_code":22,"town":"三ヶ日町只木","city_name":"浜松市浜名区"},{"code":"4311402","prefecture_code":22,"town":"三ヶ日町都筑","city_name":"浜松市浜名区"},{"code":"4311405","prefecture_code":22,"town":"三ヶ日町津々崎","city_name":"浜松市浜名区"},{"code":"4311416","prefecture_code":22,"town":"三ヶ日町釣","city_name":"浜松市浜名区"},{"code":"4311423","prefecture_code":22,"town":"三ヶ日町鵺代","city_name":"浜松市浜名区"},{"code":"4311422","prefecture_code":22,"town":"三ヶ日町日比沢","city_name":"浜松市浜名区"},{"code":"4311417","prefecture_code":22,"town":"三ヶ日町平山","city_name":"浜松市浜名区"},{"code":"4311411","prefecture_code":22,"town":"三ヶ日町福長","city_name":"浜松市浜名区"},{"code":"4311421","prefecture_code":22,"town":"三ヶ日町本坂","city_name":"浜松市浜名区"},{"code":"4311413","prefecture_code":22,"town":"三ヶ日町摩訶耶","city_name":"浜松市浜名区"},{"code":"4311414","prefecture_code":22,"town":"三ヶ日町三ヶ日","city_name":"浜松市浜名区"},{"code":"4312102","prefecture_code":22,"town":"都田町","city_name":"浜松市浜名区"},{"code":"4312104","prefecture_code":22,"town":"鷲沢町","city_name":"浜松市浜名区"},{"code":"4313425","prefecture_code":22,"town":"青谷","city_name":"浜松市天竜区"},{"code":"4313535","prefecture_code":22,"town":"芦窪","city_name":"浜松市天竜区"},{"code":"4313536","prefecture_code":22,"town":"阿寺","city_name":"浜松市天竜区"},{"code":"4313428","prefecture_code":22,"town":"石神","city_name":"浜松市天竜区"},{"code":"4313762","prefecture_code":22,"town":"伊砂","city_name":"浜松市天竜区"},{"code":"4313755","prefecture_code":22,"town":"大川","city_name":"浜松市天竜区"},{"code":"4313642","prefecture_code":22,"town":"大栗安","city_name":"浜松市天竜区"},{"code":"4313305","prefecture_code":22,"town":"大谷","city_name":"浜松市天竜区"},{"code":"4313752","prefecture_code":22,"town":"小川","city_name":"浜松市天竜区"},{"code":"4313427","prefecture_code":22,"town":"上野","city_name":"浜松市天竜区"},{"code":"4313643","prefecture_code":22,"town":"神沢","city_name":"浜松市天竜区"},{"code":"4313641","prefecture_code":22,"town":"熊","city_name":"浜松市天竜区"},{"code":"4313753","prefecture_code":22,"town":"佐久","city_name":"浜松市天竜区"},{"code":"4314111","prefecture_code":22,"town":"佐久間町相月","city_name":"浜松市天竜区"},{"code":"4313906","prefecture_code":22,"town":"佐久間町浦川","city_name":"浜松市天竜区"},{"code":"4313902","prefecture_code":22,"town":"佐久間町大井","city_name":"浜松市天竜区"},{"code":"4314112","prefecture_code":22,"town":"佐久間町奥領家","city_name":"浜松市天竜区"},{"code":"4313903","prefecture_code":22,"town":"佐久間町上平山","city_name":"浜松市天竜区"},{"code":"4313907","prefecture_code":22,"town":"佐久間町川合","city_name":"浜松市天竜区"},{"code":"4313901","prefecture_code":22,"town":"佐久間町佐久間","city_name":"浜松市天竜区"},{"code":"4313904","prefecture_code":22,"town":"佐久間町戸口","city_name":"浜松市天竜区"},{"code":"4313908","prefecture_code":22,"town":"佐久間町中部","city_name":"浜松市天竜区"},{"code":"4313905","prefecture_code":22,"town":"佐久間町半場","city_name":"浜松市天竜区"},{"code":"4313304","prefecture_code":22,"town":"次郎八新田","city_name":"浜松市天竜区"},{"code":"4313754","prefecture_code":22,"town":"相津","city_name":"浜松市天竜区"},{"code":"4313302","prefecture_code":22,"town":"只来","city_name":"浜松市天竜区"},{"code":"4313804","prefecture_code":22,"town":"龍山町大嶺","city_name":"浜松市天竜区"},{"code":"4313802","prefecture_code":22,"town":"龍山町下平山","city_name":"浜松市天竜区"},{"code":"4313801","prefecture_code":22,"town":"龍山町瀬尻","city_name":"浜松市天竜区"},{"code":"4313803","prefecture_code":22,"town":"龍山町戸倉","city_name":"浜松市天竜区"},{"code":"4313763","prefecture_code":22,"town":"月","city_name":"浜松市天竜区"},{"code":"4313533","prefecture_code":22,"town":"長沢","city_name":"浜松市天竜区"},{"code":"4313761","prefecture_code":22,"town":"西雲名","city_name":"浜松市天竜区"},{"code":"4313532","prefecture_code":22,"town":"西藤平","city_name":"浜松市天竜区"},{"code":"4313421","prefecture_code":22,"town":"日明","city_name":"浜松市天竜区"},{"code":"4313751","prefecture_code":22,"town":"東雲名","city_name":"浜松市天竜区"},{"code":"4313531","prefecture_code":22,"town":"東藤平","city_name":"浜松市天竜区"},{"code":"4313311","prefecture_code":22,"town":"二俣町阿蔵","city_name":"浜松市天竜区"},{"code":"4313315","prefecture_code":22,"town":"二俣町大園","city_name":"浜松市天竜区"},{"code":"4313313","prefecture_code":22,"town":"二俣町鹿島","city_name":"浜松市天竜区"},{"code":"4313314","prefecture_code":22,"town":"二俣町二俣","city_name":"浜松市天竜区"},{"code":"4313312","prefecture_code":22,"town":"二俣町南鹿島","city_name":"浜松市天竜区"},{"code":"4313534","prefecture_code":22,"town":"懐山","city_name":"浜松市天竜区"},{"code":"4313306","prefecture_code":22,"town":"船明","city_name":"浜松市天竜区"},{"code":"4314101","prefecture_code":22,"town":"水窪町奥領家","city_name":"浜松市天竜区"},{"code":"4314102","prefecture_code":22,"town":"水窪町地頭方","city_name":"浜松市天竜区"},{"code":"4314103","prefecture_code":22,"town":"水窪町山住","city_name":"浜松市天竜区"},{"code":"4313422","prefecture_code":22,"town":"米沢","city_name":"浜松市天竜区"},{"code":"4313303","prefecture_code":22,"town":"山東","city_name":"浜松市天竜区"},{"code":"4313756","prefecture_code":22,"town":"谷山","city_name":"浜松市天竜区"},{"code":"4313301","prefecture_code":22,"town":"横川","city_name":"浜松市天竜区"},{"code":"4313764","prefecture_code":22,"town":"横山町","city_name":"浜松市天竜区"},{"code":"4313426","prefecture_code":22,"town":"両島","city_name":"浜松市天竜区"},{"code":"4313424","prefecture_code":22,"town":"緑恵台","city_name":"浜松市天竜区"},{"code":"4313423","prefecture_code":22,"town":"渡ケ島","city_name":"浜松市天竜区"},{"code":"4310400","prefecture_code":22,"town":"","city_name":"湖西市"},{"code":"4310302","prefecture_code":22,"town":"新居町新居","city_name":"湖西市"},{"code":"4310304","prefecture_code":22,"town":"新居町内山","city_name":"湖西市"},{"code":"4310301","prefecture_code":22,"town":"新居町中之郷","city_name":"湖西市"},{"code":"4310303","prefecture_code":22,"town":"新居町浜名","city_name":"湖西市"},{"code":"4310411","prefecture_code":22,"town":"入出","city_name":"湖西市"},{"code":"4310412","prefecture_code":22,"town":"内浦","city_name":"湖西市"},{"code":"4310425","prefecture_code":22,"town":"梅田","city_name":"湖西市"},{"code":"4310427","prefecture_code":22,"town":"駅南","city_name":"湖西市"},{"code":"4310404","prefecture_code":22,"town":"太田","city_name":"湖西市"},{"code":"4310403","prefecture_code":22,"town":"大知波","city_name":"湖西市"},{"code":"4310422","prefecture_code":22,"town":"岡崎","city_name":"湖西市"},{"code":"4310432","prefecture_code":22,"town":"風の杜","city_name":"湖西市"},{"code":"4310405","prefecture_code":22,"town":"神座","city_name":"湖西市"},{"code":"4310441","prefecture_code":22,"town":"吉美","city_name":"湖西市"},{"code":"4310442","prefecture_code":22,"town":"古見","city_name":"湖西市"},{"code":"4310452","prefecture_code":22,"town":"境宿","city_name":"湖西市"},{"code":"4310451","prefecture_code":22,"town":"白須賀","city_name":"湖西市"},{"code":"4310421","prefecture_code":22,"town":"新所","city_name":"湖西市"},{"code":"4310423","prefecture_code":22,"town":"新所・岡崎・梅田入会地","city_name":"湖西市"},{"code":"4310424","prefecture_code":22,"town":"新所原","city_name":"湖西市"},{"code":"4310426","prefecture_code":22,"town":"新所原東","city_name":"湖西市"},{"code":"4310428","prefecture_code":22,"town":"ときわ","city_name":"湖西市"},{"code":"4310444","prefecture_code":22,"town":"坊瀬","city_name":"湖西市"},{"code":"4310429","prefecture_code":22,"town":"南台","city_name":"湖西市"},{"code":"4310443","prefecture_code":22,"town":"山口","city_name":"湖西市"},{"code":"4310401","prefecture_code":22,"town":"横山","city_name":"湖西市"},{"code":"4310402","prefecture_code":22,"town":"利木","city_name":"湖西市"},{"code":"4310431","prefecture_code":22,"town":"鷲津","city_name":"湖西市"},{"code":"4314121","prefecture_code":23,"town":"富山","city_name":"北設楽郡豊根村"}]
