[{"code":"4340027","prefecture_code":22,"town":"油一色","city_name":"浜松市浜名区"},{"code":"4340044","prefecture_code":22,"town":"内野","city_name":"浜松市浜名区"},{"code":"4340045","prefecture_code":22,"town":"内野台","city_name":"浜松市浜名区"},{"code":"4340005","prefecture_code":22,"town":"大平","city_name":"浜松市浜名区"},{"code":"4340002","prefecture_code":22,"town":"尾野","city_name":"浜松市浜名区"},{"code":"4340015","prefecture_code":22,"town":"於呂","city_name":"浜松市浜名区"},{"code":"4340011","prefecture_code":22,"town":"上島","city_name":"浜松市浜名区"},{"code":"4340028","prefecture_code":22,"town":"上善地","city_name":"浜松市浜名区"},{"code":"4340038","prefecture_code":22,"town":"貴布祢","city_name":"浜松市浜名区"},{"code":"4340031","prefecture_code":22,"town":"小林","city_name":"浜松市浜名区"},{"code":"4340042","prefecture_code":22,"town":"小松","city_name":"浜松市浜名区"},{"code":"4340003","prefecture_code":22,"town":"新原","city_name":"浜松市浜名区"},{"code":"4340025","prefecture_code":22,"town":"善地","city_name":"浜松市浜名区"},{"code":"4340046","prefecture_code":22,"town":"染地台","city_name":"浜松市浜名区"},{"code":"4340023","prefecture_code":22,"town":"高薗","city_name":"浜松市浜名区"},{"code":"4340034","prefecture_code":22,"town":"高畑","city_name":"浜松市浜名区"},{"code":"4340035","prefecture_code":22,"town":"寺島","city_name":"浜松市浜名区"},{"code":"4340032","prefecture_code":22,"town":"道本","city_name":"浜松市浜名区"},{"code":"4340017","prefecture_code":22,"town":"豊保","city_name":"浜松市浜名区"},{"code":"4340013","prefecture_code":22,"town":"永島","city_name":"浜松市浜名区"},{"code":"4340043","prefecture_code":22,"town":"中条","city_name":"浜松市浜名区"},{"code":"4340012","prefecture_code":22,"town":"中瀬","city_name":"浜松市浜名区"},{"code":"4340029","prefecture_code":22,"town":"新野","city_name":"浜松市浜名区"},{"code":"4340022","prefecture_code":22,"town":"新堀","city_name":"浜松市浜名区"},{"code":"4340018","prefecture_code":22,"town":"西中瀬","city_name":"浜松市浜名区"},{"code":"4340033","prefecture_code":22,"town":"西美薗","city_name":"浜松市浜名区"},{"code":"4340037","prefecture_code":22,"town":"沼","city_name":"浜松市浜名区"},{"code":"4340016","prefecture_code":22,"town":"根堅","city_name":"浜松市浜名区"},{"code":"4340007","prefecture_code":22,"town":"灰木","city_name":"浜松市浜名区"},{"code":"4340026","prefecture_code":22,"town":"東美薗","city_name":"浜松市浜名区"},{"code":"4340041","prefecture_code":22,"town":"平口","city_name":"浜松市浜名区"},{"code":"4340001","prefecture_code":22,"town":"堀谷","city_name":"浜松市浜名区"},{"code":"4340014","prefecture_code":22,"town":"本沢合","city_name":"浜松市浜名区"},{"code":"4340004","prefecture_code":22,"town":"宮口","city_name":"浜松市浜名区"},{"code":"4340021","prefecture_code":22,"town":"八幡","city_name":"浜松市浜名区"},{"code":"4340036","prefecture_code":22,"town":"横須賀","city_name":"浜松市浜名区"},{"code":"4340006","prefecture_code":22,"town":"四大地","city_name":"浜松市浜名区"},{"code":"4340024","prefecture_code":22,"town":"竜南","city_name":"浜松市浜名区"}]
