[{"code":"5011182","prefecture_code":21,"town":"秋沢","city_name":"岐阜市"},{"code":"5013134","prefecture_code":21,"town":"芥見","city_name":"岐阜市"},{"code":"5013111","prefecture_code":21,"town":"芥見大退","city_name":"岐阜市"},{"code":"5013114","prefecture_code":21,"town":"芥見大船","city_name":"岐阜市"},{"code":"5013136","prefecture_code":21,"town":"芥見海戸山","city_name":"岐阜市"},{"code":"5013143","prefecture_code":21,"town":"芥見影山","city_name":"岐阜市"},{"code":"5013135","prefecture_code":21,"town":"芥見清水","city_name":"岐阜市"},{"code":"5013146","prefecture_code":21,"town":"芥見嵯峨","city_name":"岐阜市"},{"code":"5013144","prefecture_code":21,"town":"芥見大般若","city_name":"岐阜市"},{"code":"5013141","prefecture_code":21,"town":"芥見中野畑","city_name":"岐阜市"},{"code":"5013132","prefecture_code":21,"town":"芥見長山","city_name":"岐阜市"},{"code":"5013145","prefecture_code":21,"town":"芥見野畑","city_name":"岐阜市"},{"code":"5013112","prefecture_code":21,"town":"芥見東山","city_name":"岐阜市"},{"code":"5013147","prefecture_code":21,"town":"芥見堀田","city_name":"岐阜市"},{"code":"5013116","prefecture_code":21,"town":"芥見町屋","city_name":"岐阜市"},{"code":"5013133","prefecture_code":21,"town":"芥見南山","city_name":"岐阜市"},{"code":"5011109","prefecture_code":21,"town":"安食","city_name":"岐阜市"},{"code":"5011108","prefecture_code":21,"town":"安食志良古","city_name":"岐阜市"},{"code":"5011106","prefecture_code":21,"town":"石谷","city_name":"岐阜市"},{"code":"5012535","prefecture_code":21,"town":"石原","city_name":"岐阜市"},{"code":"5013104","prefecture_code":21,"town":"石原","city_name":"岐阜市"},{"code":"5011114","prefecture_code":21,"town":"今川","city_name":"岐阜市"},{"code":"5013101","prefecture_code":21,"town":"岩井","city_name":"岐阜市"},{"code":"5013102","prefecture_code":21,"town":"岩井万場","city_name":"岐阜市"},{"code":"5013154","prefecture_code":21,"town":"岩田東","city_name":"岐阜市"},{"code":"5013156","prefecture_code":21,"town":"岩田西","city_name":"岐阜市"},{"code":"5013151","prefecture_code":21,"town":"岩滝東","city_name":"岐阜市"},{"code":"5013152","prefecture_code":21,"town":"岩滝西","city_name":"岐阜市"},{"code":"5013155","prefecture_code":21,"town":"岩田坂","city_name":"岐阜市"},{"code":"5011102","prefecture_code":21,"town":"岩利","city_name":"岐阜市"},{"code":"5010117","prefecture_code":21,"town":"江崎","city_name":"岐阜市"},{"code":"5010121","prefecture_code":21,"town":"江崎北","city_name":"岐阜市"},{"code":"5010122","prefecture_code":21,"town":"江崎南","city_name":"岐阜市"},{"code":"5013108","prefecture_code":21,"town":"大蔵台","city_name":"岐阜市"},{"code":"5010118","prefecture_code":21,"town":"大菅北","city_name":"岐阜市"},{"code":"5010119","prefecture_code":21,"town":"大菅南","city_name":"岐阜市"},{"code":"5013124","prefecture_code":21,"town":"大洞","city_name":"岐阜市"},{"code":"5013123","prefecture_code":21,"town":"大洞柏台","city_name":"岐阜市"},{"code":"5013121","prefecture_code":21,"town":"大洞桐が丘","city_name":"岐阜市"},{"code":"5013127","prefecture_code":21,"town":"大洞桜台","city_name":"岐阜市"},{"code":"5013125","prefecture_code":21,"town":"大洞緑山","city_name":"岐阜市"},{"code":"5013122","prefecture_code":21,"town":"大洞紅葉が丘","city_name":"岐阜市"},{"code":"5013126","prefecture_code":21,"town":"大洞西","city_name":"岐阜市"},{"code":"5016134","prefecture_code":21,"town":"大脇","city_name":"岐阜市"},{"code":"5011185","prefecture_code":21,"town":"奥","city_name":"岐阜市"},{"code":"5011132","prefecture_code":21,"town":"折立","city_name":"岐阜市"},{"code":"5010111","prefecture_code":21,"town":"鏡島","city_name":"岐阜市"},{"code":"5010113","prefecture_code":21,"town":"鏡島市場","city_name":"岐阜市"},{"code":"5010112","prefecture_code":21,"town":"鏡島精華","city_name":"岐阜市"},{"code":"5010111","prefecture_code":21,"town":"鏡島町","city_name":"岐阜市"},{"code":"5010124","prefecture_code":21,"town":"鏡島中","city_name":"岐阜市"},{"code":"5010123","prefecture_code":21,"town":"鏡島西","city_name":"岐阜市"},{"code":"5010110","prefecture_code":21,"town":"鏡島東","city_name":"岐阜市"},{"code":"5010115","prefecture_code":21,"town":"鏡島南","city_name":"岐阜市"},{"code":"5012521","prefecture_code":21,"town":"門屋","city_name":"岐阜市"},{"code":"5012528","prefecture_code":21,"town":"門屋門","city_name":"岐阜市"},{"code":"5012527","prefecture_code":21,"town":"門屋勢引","city_name":"岐阜市"},{"code":"5012526","prefecture_code":21,"town":"門屋野崎","city_name":"岐阜市"},{"code":"5012522","prefecture_code":21,"town":"門屋溝上","city_name":"岐阜市"},{"code":"5013107","prefecture_code":21,"town":"加野","city_name":"岐阜市"},{"code":"5013115","prefecture_code":21,"town":"上芥見","city_name":"岐阜市"},{"code":"5011178","prefecture_code":21,"town":"上西郷","city_name":"岐阜市"},{"code":"5011150","prefecture_code":21,"town":"上尻毛","city_name":"岐阜市"},{"code":"5011149","prefecture_code":21,"town":"上尻毛八幡","city_name":"岐阜市"},{"code":"5011148","prefecture_code":21,"town":"上尻毛日吉","city_name":"岐阜市"},{"code":"5010111","prefecture_code":21,"town":"川原畑","city_name":"岐阜市"},{"code":"5011151","prefecture_code":21,"town":"川部","city_name":"岐阜市"},{"code":"5013131","prefecture_code":21,"town":"祇園","city_name":"岐阜市"},{"code":"5011133","prefecture_code":21,"town":"北柿ケ瀬","city_name":"岐阜市"},{"code":"5012503","prefecture_code":21,"town":"北野阿原","city_name":"岐阜市"},{"code":"5012519","prefecture_code":21,"town":"北野西山","city_name":"岐阜市"},{"code":"5012512","prefecture_code":21,"town":"北野東","city_name":"岐阜市"},{"code":"5012518","prefecture_code":21,"town":"北野西","city_name":"岐阜市"},{"code":"5012516","prefecture_code":21,"town":"北野南","city_name":"岐阜市"},{"code":"5012511","prefecture_code":21,"town":"北野北","city_name":"岐阜市"},{"code":"5013113","prefecture_code":21,"town":"北山","city_name":"岐阜市"},{"code":"5011135","prefecture_code":21,"town":"木田","city_name":"岐阜市"},{"code":"5011131","prefecture_code":21,"town":"黒野","city_name":"岐阜市"},{"code":"5011136","prefecture_code":21,"town":"黒野南","city_name":"岐阜市"},{"code":"5010105","prefecture_code":21,"town":"河渡","city_name":"岐阜市"},{"code":"5011176","prefecture_code":21,"town":"小西郷","city_name":"岐阜市"},{"code":"5011174","prefecture_code":21,"town":"小野","city_name":"岐阜市"},{"code":"5011171","prefecture_code":21,"town":"御望","city_name":"岐阜市"},{"code":"5013117","prefecture_code":21,"town":"コモンヒルズ北山","city_name":"岐阜市"},{"code":"5011101","prefecture_code":21,"town":"佐野","city_name":"岐阜市"},{"code":"5013153","prefecture_code":21,"town":"静が丘町","city_name":"岐阜市"},{"code":"5011147","prefecture_code":21,"town":"尻毛","city_name":"岐阜市"},{"code":"5011172","prefecture_code":21,"town":"下鵜飼","city_name":"岐阜市"},{"code":"5011175","prefecture_code":21,"town":"下西郷","city_name":"岐阜市"},{"code":"5011146","prefecture_code":21,"town":"下尻毛","city_name":"岐阜市"},{"code":"5013142","prefecture_code":21,"town":"諏訪山","city_name":"岐阜市"},{"code":"5010101","prefecture_code":21,"town":"曽我屋","city_name":"岐阜市"},{"code":"5011113","prefecture_code":21,"town":"大学西","city_name":"岐阜市"},{"code":"5011111","prefecture_code":21,"town":"大学北","city_name":"岐阜市"},{"code":"5016131","prefecture_code":21,"town":"高河原","city_name":"岐阜市"},{"code":"5012577","prefecture_code":21,"town":"太郎丸","city_name":"岐阜市"},{"code":"5012536","prefecture_code":21,"town":"太郎丸樫木","city_name":"岐阜市"},{"code":"5012574","prefecture_code":21,"town":"太郎丸北浦","city_name":"岐阜市"},{"code":"5012572","prefecture_code":21,"town":"太郎丸北郷","city_name":"岐阜市"},{"code":"5012576","prefecture_code":21,"town":"太郎丸新屋敷","city_name":"岐阜市"},{"code":"5012573","prefecture_code":21,"town":"太郎丸諏訪","city_name":"岐阜市"},{"code":"5012579","prefecture_code":21,"town":"太郎丸知之道","city_name":"岐阜市"},{"code":"5012575","prefecture_code":21,"town":"太郎丸中島","city_name":"岐阜市"},{"code":"5012578","prefecture_code":21,"town":"太郎丸野田","city_name":"岐阜市"},{"code":"5012571","prefecture_code":21,"town":"太郎丸向良","city_name":"岐阜市"},{"code":"5016135","prefecture_code":21,"town":"茶屋新田","city_name":"岐阜市"},{"code":"5012501","prefecture_code":21,"town":"出屋敷","city_name":"岐阜市"},{"code":"5010104","prefecture_code":21,"town":"寺田","city_name":"岐阜市"},{"code":"5011186","prefecture_code":21,"town":"外山","city_name":"岐阜市"},{"code":"5011173","prefecture_code":21,"town":"中","city_name":"岐阜市"},{"code":"5011177","prefecture_code":21,"town":"中西郷","city_name":"岐阜市"},{"code":"5012531","prefecture_code":21,"town":"中屋東","city_name":"岐阜市"},{"code":"5012532","prefecture_code":21,"town":"中屋西","city_name":"岐阜市"},{"code":"5016132","prefecture_code":21,"town":"次木","city_name":"岐阜市"},{"code":"5011184","prefecture_code":21,"town":"西秋沢","city_name":"岐阜市"},{"code":"5011159","prefecture_code":21,"town":"西改田","city_name":"岐阜市"},{"code":"5011168","prefecture_code":21,"town":"西改田上の町","city_name":"岐阜市"},{"code":"5011161","prefecture_code":21,"town":"西改田川向","city_name":"岐阜市"},{"code":"5011163","prefecture_code":21,"town":"西改田米野","city_name":"岐阜市"},{"code":"5011158","prefecture_code":21,"town":"西改田先道","city_name":"岐阜市"},{"code":"5011167","prefecture_code":21,"town":"西改田夏梅","city_name":"岐阜市"},{"code":"5011164","prefecture_code":21,"town":"西改田東改田入会地","city_name":"岐阜市"},{"code":"5011169","prefecture_code":21,"town":"西改田七石","city_name":"岐阜市"},{"code":"5011159","prefecture_code":21,"town":"西改田松の木","city_name":"岐阜市"},{"code":"5011165","prefecture_code":21,"town":"西改田宮西","city_name":"岐阜市"},{"code":"5011166","prefecture_code":21,"town":"西改田村前","city_name":"岐阜市"},{"code":"5011162","prefecture_code":21,"town":"西改田若宮","city_name":"岐阜市"},{"code":"5010106","prefecture_code":21,"town":"西河渡","city_name":"岐阜市"},{"code":"5011183","prefecture_code":21,"town":"則松","city_name":"岐阜市"},{"code":"5012525","prefecture_code":21,"town":"春近古市場南","city_name":"岐阜市"},{"code":"5012524","prefecture_code":21,"town":"春近古市場北","city_name":"岐阜市"},{"code":"5011141","prefecture_code":21,"town":"東板谷","city_name":"岐阜市"},{"code":"5011142","prefecture_code":21,"town":"東改田","city_name":"岐阜市"},{"code":"5011145","prefecture_code":21,"town":"東改田腰前田","city_name":"岐阜市"},{"code":"5011144","prefecture_code":21,"town":"東改田再勝","city_name":"岐阜市"},{"code":"5011143","prefecture_code":21,"town":"東改田鶴田","city_name":"岐阜市"},{"code":"5016133","prefecture_code":21,"town":"日置江","city_name":"岐阜市"},{"code":"5011105","prefecture_code":21,"town":"彦坂","city_name":"岐阜市"},{"code":"5011104","prefecture_code":21,"town":"彦坂川上","city_name":"岐阜市"},{"code":"5011103","prefecture_code":21,"town":"彦坂川北","city_name":"岐阜市"},{"code":"5010103","prefecture_code":21,"town":"一日市場","city_name":"岐阜市"},{"code":"5010102","prefecture_code":21,"town":"一日市場北町","city_name":"岐阜市"},{"code":"5011181","prefecture_code":21,"town":"雛倉","city_name":"岐阜市"},{"code":"5011116","prefecture_code":21,"town":"深坂","city_name":"岐阜市"},{"code":"5012565","prefecture_code":21,"town":"福富","city_name":"岐阜市"},{"code":"5012561","prefecture_code":21,"town":"福富笠海道","city_name":"岐阜市"},{"code":"5012567","prefecture_code":21,"town":"福富町田","city_name":"岐阜市"},{"code":"5012566","prefecture_code":21,"town":"福富天神前","city_name":"岐阜市"},{"code":"5012562","prefecture_code":21,"town":"福富出口","city_name":"岐阜市"},{"code":"5012564","prefecture_code":21,"town":"福富永田","city_name":"岐阜市"},{"code":"5012563","prefecture_code":21,"town":"福富迎田","city_name":"岐阜市"},{"code":"5011121","prefecture_code":21,"town":"古市場","city_name":"岐阜市"},{"code":"5011122","prefecture_code":21,"town":"古市場老ノ上","city_name":"岐阜市"},{"code":"5011127","prefecture_code":21,"town":"古市場神田","city_name":"岐阜市"},{"code":"5011123","prefecture_code":21,"town":"古市場高田","city_name":"岐阜市"},{"code":"5011126","prefecture_code":21,"town":"古市場高宮","city_name":"岐阜市"},{"code":"5011124","prefecture_code":21,"town":"古市場中原","city_name":"岐阜市"},{"code":"5011125","prefecture_code":21,"town":"古市場東町田","city_name":"岐阜市"},{"code":"5011128","prefecture_code":21,"town":"洞","city_name":"岐阜市"},{"code":"5011115","prefecture_code":21,"town":"交人","city_name":"岐阜市"},{"code":"5011152","prefecture_code":21,"town":"又丸","city_name":"岐阜市"},{"code":"5011153","prefecture_code":21,"town":"又丸町畑","city_name":"岐阜市"},{"code":"5011156","prefecture_code":21,"town":"又丸津島","city_name":"岐阜市"},{"code":"5011155","prefecture_code":21,"town":"又丸宮東","city_name":"岐阜市"},{"code":"5011157","prefecture_code":21,"town":"又丸村中","city_name":"岐阜市"},{"code":"5011154","prefecture_code":21,"town":"又丸柳町","city_name":"岐阜市"},{"code":"5012551","prefecture_code":21,"town":"溝口","city_name":"岐阜市"},{"code":"5012557","prefecture_code":21,"town":"溝口上","city_name":"岐阜市"},{"code":"5012556","prefecture_code":21,"town":"溝口中","city_name":"岐阜市"},{"code":"5012555","prefecture_code":21,"town":"溝口下","city_name":"岐阜市"},{"code":"5012554","prefecture_code":21,"town":"溝口童子","city_name":"岐阜市"},{"code":"5012553","prefecture_code":21,"town":"溝口中野","city_name":"岐阜市"},{"code":"5012552","prefecture_code":21,"town":"溝口東","city_name":"岐阜市"},{"code":"5011134","prefecture_code":21,"town":"南柿ケ瀬","city_name":"岐阜市"},{"code":"5012513","prefecture_code":21,"town":"三輪","city_name":"岐阜市"},{"code":"5012514","prefecture_code":21,"town":"三輪宮前","city_name":"岐阜市"},{"code":"5012515","prefecture_code":21,"town":"三輪宮西","city_name":"岐阜市"},{"code":"5012517","prefecture_code":21,"town":"三輪ぷりんとぴあ","city_name":"岐阜市"},{"code":"5013109","prefecture_code":21,"town":"向加野","city_name":"岐阜市"},{"code":"5011107","prefecture_code":21,"town":"村山","city_name":"岐阜市"},{"code":"5012523","prefecture_code":21,"town":"茂地","city_name":"岐阜市"},{"code":"5012533","prefecture_code":21,"town":"森東","city_name":"岐阜市"},{"code":"5012534","prefecture_code":21,"town":"森西","city_name":"岐阜市"},{"code":"5016105","prefecture_code":21,"town":"柳津町梅松","city_name":"岐阜市"},{"code":"5016121","prefecture_code":21,"town":"柳津町上佐波","city_name":"岐阜市"},{"code":"5016121","prefecture_code":21,"town":"柳津町上佐波西","city_name":"岐阜市"},{"code":"5016121","prefecture_code":21,"town":"柳津町上佐波東","city_name":"岐阜市"},{"code":"5016112","prefecture_code":21,"town":"柳津町北塚","city_name":"岐阜市"},{"code":"5016101","prefecture_code":21,"town":"柳津町栄町","city_name":"岐阜市"},{"code":"5016121","prefecture_code":21,"town":"柳津町佐波","city_name":"岐阜市"},{"code":"5016121","prefecture_code":21,"town":"柳津町下佐波","city_name":"岐阜市"},{"code":"5016121","prefecture_code":21,"town":"柳津町下佐波西","city_name":"岐阜市"},{"code":"5016122","prefecture_code":21,"town":"柳津町高桑","city_name":"岐阜市"},{"code":"5016122","prefecture_code":21,"town":"柳津町高桑西","city_name":"岐阜市"},{"code":"5016122","prefecture_code":21,"town":"柳津町高桑東","city_name":"岐阜市"},{"code":"5016103","prefecture_code":21,"town":"柳津町蓮池","city_name":"岐阜市"},{"code":"5016102","prefecture_code":21,"town":"柳津町東塚","city_name":"岐阜市"},{"code":"5016104","prefecture_code":21,"town":"柳津町本郷","city_name":"岐阜市"},{"code":"5016115","prefecture_code":21,"town":"柳津町丸野","city_name":"岐阜市"},{"code":"5016113","prefecture_code":21,"town":"柳津町南塚","city_name":"岐阜市"},{"code":"5016111","prefecture_code":21,"town":"柳津町宮東","city_name":"岐阜市"},{"code":"5016123","prefecture_code":21,"town":"柳津町流通センター","city_name":"岐阜市"},{"code":"5011112","prefecture_code":21,"town":"柳戸","city_name":"岐阜市"},{"code":"5012504","prefecture_code":21,"town":"山県岩","city_name":"岐阜市"},{"code":"5012507","prefecture_code":21,"town":"山県岩中","city_name":"岐阜市"},{"code":"5012508","prefecture_code":21,"town":"山県岩明光","city_name":"岐阜市"},{"code":"5012505","prefecture_code":21,"town":"山県岩東","city_name":"岐阜市"},{"code":"5012509","prefecture_code":21,"town":"山県岩西","city_name":"岐阜市"},{"code":"5012506","prefecture_code":21,"town":"山県岩南","city_name":"岐阜市"},{"code":"5012502","prefecture_code":21,"town":"山県北野","city_name":"岐阜市"},{"code":"5012541","prefecture_code":21,"town":"世保","city_name":"岐阜市"},{"code":"5012542","prefecture_code":21,"town":"世保東","city_name":"岐阜市"},{"code":"5012544","prefecture_code":21,"town":"世保西","city_name":"岐阜市"},{"code":"5012543","prefecture_code":21,"town":"世保南","city_name":"岐阜市"},{"code":"5012545","prefecture_code":21,"town":"世保北","city_name":"岐阜市"},{"code":"5015421","prefecture_code":21,"town":"荘川町赤谷","city_name":"高山市"},{"code":"5015413","prefecture_code":21,"town":"荘川町新渕","city_name":"高山市"},{"code":"5015415","prefecture_code":21,"town":"荘川町一色","city_name":"高山市"},{"code":"5015423","prefecture_code":21,"town":"荘川町岩瀬","city_name":"高山市"},{"code":"5015422","prefecture_code":21,"town":"荘川町牛丸","city_name":"高山市"},{"code":"5015426","prefecture_code":21,"town":"荘川町尾上郷","city_name":"高山市"},{"code":"5015425","prefecture_code":21,"town":"荘川町海上","city_name":"高山市"},{"code":"5015404","prefecture_code":21,"town":"荘川町黒谷","city_name":"高山市"},{"code":"5015414","prefecture_code":21,"town":"荘川町猿丸","city_name":"高山市"},{"code":"5015402","prefecture_code":21,"town":"荘川町三谷","city_name":"高山市"},{"code":"5015406","prefecture_code":21,"town":"荘川町惣則","city_name":"高山市"},{"code":"5015405","prefecture_code":21,"town":"荘川町寺河戸","city_name":"高山市"},{"code":"5015424","prefecture_code":21,"town":"荘川町中野","city_name":"高山市"},{"code":"5015412","prefecture_code":21,"town":"荘川町中畑","city_name":"高山市"},{"code":"5015417","prefecture_code":21,"town":"荘川町野々俣","city_name":"高山市"},{"code":"5015411","prefecture_code":21,"town":"荘川町牧戸","city_name":"高山市"},{"code":"5015416","prefecture_code":21,"town":"荘川町町屋","city_name":"高山市"},{"code":"5015403","prefecture_code":21,"town":"荘川町三尾河","city_name":"高山市"},{"code":"5015401","prefecture_code":21,"town":"荘川町六厩","city_name":"高山市"},{"code":"5013200","prefecture_code":21,"town":"","city_name":"関市"},{"code":"5013851","prefecture_code":21,"town":"相生町","city_name":"関市"},{"code":"5013978","prefecture_code":21,"town":"赤渕","city_name":"関市"},{"code":"5013852","prefecture_code":21,"town":"上利町","city_name":"関市"},{"code":"5013853","prefecture_code":21,"town":"朝倉町","city_name":"関市"},{"code":"5013829","prefecture_code":21,"town":"旭ケ丘","city_name":"関市"},{"code":"5013808","prefecture_code":21,"town":"安桜台","city_name":"関市"},{"code":"5013807","prefecture_code":21,"town":"安桜山","city_name":"関市"},{"code":"5013845","prefecture_code":21,"town":"吾妻町","city_name":"関市"},{"code":"5013264","prefecture_code":21,"town":"池尻","city_name":"関市"},{"code":"5013247","prefecture_code":21,"town":"池田町","city_name":"関市"},{"code":"5013966","prefecture_code":21,"town":"居敷町","city_name":"関市"},{"code":"5013841","prefecture_code":21,"town":"伊勢町","city_name":"関市"},{"code":"5012901","prefecture_code":21,"town":"板取","city_name":"関市"},{"code":"5013822","prefecture_code":21,"town":"市平賀","city_name":"関市"},{"code":"5013979","prefecture_code":21,"town":"一本木町","city_name":"関市"},{"code":"5013932","prefecture_code":21,"town":"稲口","city_name":"関市"},{"code":"5013913","prefecture_code":21,"town":"稲河町","city_name":"関市"},{"code":"5013914","prefecture_code":21,"town":"鋳物師屋","city_name":"関市"},{"code":"5013855","prefecture_code":21,"town":"いろは町","city_name":"関市"},{"code":"5013951","prefecture_code":21,"town":"植野","city_name":"関市"},{"code":"5013974","prefecture_code":21,"town":"梅ケ枝町","city_name":"関市"},{"code":"5013804","prefecture_code":21,"town":"円保通","city_name":"関市"},{"code":"5013922","prefecture_code":21,"town":"大杉","city_name":"関市"},{"code":"5013801","prefecture_code":21,"town":"大坪","city_name":"関市"},{"code":"5013265","prefecture_code":21,"town":"小瀬","city_name":"関市"},{"code":"5013268","prefecture_code":21,"town":"小瀬長池町","city_name":"関市"},{"code":"5013266","prefecture_code":21,"town":"小瀬南","city_name":"関市"},{"code":"5013201","prefecture_code":21,"town":"小野","city_name":"関市"},{"code":"5013210","prefecture_code":21,"town":"尾太町","city_name":"関市"},{"code":"5013941","prefecture_code":21,"town":"小屋名","city_name":"関市"},{"code":"5013910","prefecture_code":21,"town":"笠屋","city_name":"関市"},{"code":"5013214","prefecture_code":21,"town":"貸上町","city_name":"関市"},{"code":"5013871","prefecture_code":21,"town":"鍛冶町","city_name":"関市"},{"code":"5013865","prefecture_code":21,"town":"春日町","city_name":"関市"},{"code":"5013963","prefecture_code":21,"town":"片倉町","city_name":"関市"},{"code":"5013872","prefecture_code":21,"town":"金屋町","city_name":"関市"},{"code":"5013862","prefecture_code":21,"town":"兼永町","city_name":"関市"},{"code":"5013204","prefecture_code":21,"town":"上大野","city_name":"関市"},{"code":"5013947","prefecture_code":21,"town":"上白金","city_name":"関市"},{"code":"5013203","prefecture_code":21,"town":"神野","city_name":"関市"},{"code":"5013601","prefecture_code":21,"town":"上之保","city_name":"関市"},{"code":"5013877","prefecture_code":21,"town":"河合町","city_name":"関市"},{"code":"5013235","prefecture_code":21,"town":"川間町","city_name":"関市"},{"code":"5013835","prefecture_code":21,"town":"観音前","city_name":"関市"},{"code":"5013806","prefecture_code":21,"town":"観音山","city_name":"関市"},{"code":"5013917","prefecture_code":21,"town":"北天神","city_name":"関市"},{"code":"5013245","prefecture_code":21,"town":"北福野町","city_name":"関市"},{"code":"5013843","prefecture_code":21,"town":"吉田町","city_name":"関市"},{"code":"5013876","prefecture_code":21,"town":"貴船町","city_name":"関市"},{"code":"5013942","prefecture_code":21,"town":"希望ケ丘町","city_name":"関市"},{"code":"5013938","prefecture_code":21,"town":"桐ヶ丘","city_name":"関市"},{"code":"5013934","prefecture_code":21,"town":"桐谷台","city_name":"関市"},{"code":"5013936","prefecture_code":21,"town":"倉知","city_name":"関市"},{"code":"5013930","prefecture_code":21,"town":"倉知南","city_name":"関市"},{"code":"5013207","prefecture_code":21,"town":"黒屋","city_name":"関市"},{"code":"5013927","prefecture_code":21,"town":"向陽台","city_name":"関市"},{"code":"5013908","prefecture_code":21,"town":"寿町","city_name":"関市"},{"code":"5013926","prefecture_code":21,"town":"小迫間","city_name":"関市"},{"code":"5013861","prefecture_code":21,"town":"小柳町","city_name":"関市"},{"code":"5013241","prefecture_code":21,"town":"西仙房","city_name":"関市"},{"code":"5013253","prefecture_code":21,"town":"栄町","city_name":"関市"},{"code":"5013888","prefecture_code":21,"town":"坂下町","city_name":"関市"},{"code":"5013903","prefecture_code":21,"town":"桜ケ丘","city_name":"関市"},{"code":"5013856","prefecture_code":21,"town":"桜木町","city_name":"関市"},{"code":"5013931","prefecture_code":21,"town":"桜台","city_name":"関市"},{"code":"5013232","prefecture_code":21,"town":"桜本町","city_name":"関市"},{"code":"5013252","prefecture_code":21,"town":"山王通","city_name":"関市"},{"code":"5013251","prefecture_code":21,"town":"山王通西","city_name":"関市"},{"code":"5013935","prefecture_code":21,"town":"四季ノ台","city_name":"関市"},{"code":"5013878","prefecture_code":21,"town":"十軒町","city_name":"関市"},{"code":"5013205","prefecture_code":21,"town":"志津野","city_name":"関市"},{"code":"5013972","prefecture_code":21,"town":"寺内町","city_name":"関市"},{"code":"5013977","prefecture_code":21,"town":"清水町","city_name":"関市"},{"code":"5013217","prefecture_code":21,"town":"下有知","city_name":"関市"},{"code":"5013955","prefecture_code":21,"town":"下白金","city_name":"関市"},{"code":"5013521","prefecture_code":21,"town":"下之保","city_name":"関市"},{"code":"5013259","prefecture_code":21,"town":"十三塚北","city_name":"関市"},{"code":"5013250","prefecture_code":21,"town":"十三塚町","city_name":"関市"},{"code":"5013258","prefecture_code":21,"town":"十三塚南","city_name":"関市"},{"code":"5013965","prefecture_code":21,"town":"十六所","city_name":"関市"},{"code":"5013868","prefecture_code":21,"town":"白川町","city_name":"関市"},{"code":"5013257","prefecture_code":21,"town":"新田","city_name":"関市"},{"code":"5013923","prefecture_code":21,"town":"新迫間","city_name":"関市"},{"code":"5013909","prefecture_code":21,"town":"新堀町","city_name":"関市"},{"code":"5013847","prefecture_code":21,"town":"新町","city_name":"関市"},{"code":"5013905","prefecture_code":21,"town":"神明町","city_name":"関市"},{"code":"5013848","prefecture_code":21,"town":"末広町","city_name":"関市"},{"code":"5013846","prefecture_code":21,"town":"住吉町","city_name":"関市"},{"code":"5013961","prefecture_code":21,"town":"清蔵寺","city_name":"関市"},{"code":"5013826","prefecture_code":21,"town":"関口町","city_name":"関市"},{"code":"5013211","prefecture_code":21,"town":"関ノ上","city_name":"関市"},{"code":"5013866","prefecture_code":21,"town":"千年町","city_name":"関市"},{"code":"5013954","prefecture_code":21,"town":"千疋","city_name":"関市"},{"code":"5013953","prefecture_code":21,"town":"千疋北","city_name":"関市"},{"code":"5013957","prefecture_code":21,"town":"側島","city_name":"関市"},{"code":"5013952","prefecture_code":21,"town":"大平台","city_name":"関市"},{"code":"5013833","prefecture_code":21,"town":"大平町","city_name":"関市"},{"code":"5013834","prefecture_code":21,"town":"大門町","city_name":"関市"},{"code":"5013964","prefecture_code":21,"town":"宝山町","city_name":"関市"},{"code":"5013223","prefecture_code":21,"town":"竪切南","city_name":"関市"},{"code":"5013228","prefecture_code":21,"town":"竪切北","city_name":"関市"},{"code":"5013255","prefecture_code":21,"town":"段下","city_name":"関市"},{"code":"5013968","prefecture_code":21,"town":"力山","city_name":"関市"},{"code":"5013854","prefecture_code":21,"town":"月見町","city_name":"関市"},{"code":"5013236","prefecture_code":21,"town":"辻井戸町","city_name":"関市"},{"code":"5013946","prefecture_code":21,"town":"津保川台","city_name":"関市"},{"code":"5013842","prefecture_code":21,"town":"出来町","city_name":"関市"},{"code":"5013212","prefecture_code":21,"town":"寺田","city_name":"関市"},{"code":"5013915","prefecture_code":21,"town":"天徳町","city_name":"関市"},{"code":"5013939","prefecture_code":21,"town":"桃紅大地","city_name":"関市"},{"code":"5013824","prefecture_code":21,"town":"東新町","city_name":"関市"},{"code":"5013206","prefecture_code":21,"town":"塔ノ洞","city_name":"関市"},{"code":"5013867","prefecture_code":21,"town":"常盤町","city_name":"関市"},{"code":"5013887","prefecture_code":21,"town":"吐月町","city_name":"関市"},{"code":"5013958","prefecture_code":21,"town":"戸田","city_name":"関市"},{"code":"5013501","prefecture_code":21,"town":"富之保","city_name":"関市"},{"code":"5013863","prefecture_code":21,"town":"富本町","city_name":"関市"},{"code":"5013916","prefecture_code":21,"town":"豊岡町","city_name":"関市"},{"code":"5013975","prefecture_code":21,"town":"豊川町","city_name":"関市"},{"code":"5013511","prefecture_code":21,"town":"中之保","city_name":"関市"},{"code":"5013243","prefecture_code":21,"town":"中福野町","city_name":"関市"},{"code":"5013817","prefecture_code":21,"town":"仲町","city_name":"関市"},{"code":"5013839","prefecture_code":21,"town":"長住町","city_name":"関市"},{"code":"5013828","prefecture_code":21,"town":"西旭ケ丘","city_name":"関市"},{"code":"5013967","prefecture_code":21,"town":"西居敷","city_name":"関市"},{"code":"5013906","prefecture_code":21,"town":"西欠ノ下","city_name":"関市"},{"code":"5013221","prefecture_code":21,"town":"西貸上","city_name":"関市"},{"code":"5013202","prefecture_code":21,"town":"西神野","city_name":"関市"},{"code":"5013233","prefecture_code":21,"town":"西木戸町","city_name":"関市"},{"code":"5013215","prefecture_code":21,"town":"西境松町","city_name":"関市"},{"code":"5013928","prefecture_code":21,"town":"西田原","city_name":"関市"},{"code":"5013882","prefecture_code":21,"town":"西日吉町","city_name":"関市"},{"code":"5013244","prefecture_code":21,"town":"西福野町","city_name":"関市"},{"code":"5013803","prefecture_code":21,"town":"西本郷通","city_name":"関市"},{"code":"5013819","prefecture_code":21,"town":"西町","city_name":"関市"},{"code":"5013837","prefecture_code":21,"town":"西門前町","city_name":"関市"},{"code":"5013943","prefecture_code":21,"town":"虹ケ丘南","city_name":"関市"},{"code":"5013945","prefecture_code":21,"town":"虹ケ丘北","city_name":"関市"},{"code":"5013219","prefecture_code":21,"town":"のぞみケ丘","city_name":"関市"},{"code":"5013976","prefecture_code":21,"town":"梅竜寺山","city_name":"関市"},{"code":"5013924","prefecture_code":21,"town":"迫間","city_name":"関市"},{"code":"5013925","prefecture_code":21,"town":"迫間台","city_name":"関市"},{"code":"5013831","prefecture_code":21,"town":"長谷寺町","city_name":"関市"},{"code":"5013832","prefecture_code":21,"town":"花園町","city_name":"関市"},{"code":"5013256","prefecture_code":21,"town":"巾","city_name":"関市"},{"code":"5013969","prefecture_code":21,"town":"馬場出","city_name":"関市"},{"code":"5013901","prefecture_code":21,"town":"春里町","city_name":"関市"},{"code":"5013213","prefecture_code":21,"town":"東貸上","city_name":"関市"},{"code":"5013231","prefecture_code":21,"town":"東桜町","city_name":"関市"},{"code":"5013218","prefecture_code":21,"town":"東志摩","city_name":"関市"},{"code":"5013224","prefecture_code":21,"town":"東仙房","city_name":"関市"},{"code":"5013921","prefecture_code":21,"town":"東田原","city_name":"関市"},{"code":"5013823","prefecture_code":21,"town":"東出町","city_name":"関市"},{"code":"5013813","prefecture_code":21,"town":"東野町","city_name":"関市"},{"code":"5013883","prefecture_code":21,"town":"東日吉町","city_name":"関市"},{"code":"5013242","prefecture_code":21,"town":"東福野町","city_name":"関市"},{"code":"5013812","prefecture_code":21,"town":"東本郷","city_name":"関市"},{"code":"5013811","prefecture_code":21,"town":"東本郷通","city_name":"関市"},{"code":"5013815","prefecture_code":21,"town":"東町","city_name":"関市"},{"code":"5013838","prefecture_code":21,"town":"東門前町","city_name":"関市"},{"code":"5013814","prefecture_code":21,"town":"東山","city_name":"関市"},{"code":"5013911","prefecture_code":21,"town":"肥田瀬","city_name":"関市"},{"code":"5013973","prefecture_code":21,"town":"一ツ山町","city_name":"関市"},{"code":"5013873","prefecture_code":21,"town":"日ノ出町","city_name":"関市"},{"code":"5013821","prefecture_code":21,"town":"平賀町","city_name":"関市"},{"code":"5013263","prefecture_code":21,"town":"広見","city_name":"関市"},{"code":"5013261","prefecture_code":21,"town":"広見北町","city_name":"関市"},{"code":"5013262","prefecture_code":21,"town":"広見東町","city_name":"関市"},{"code":"5013971","prefecture_code":21,"town":"古屋敷町","city_name":"関市"},{"code":"5013919","prefecture_code":21,"town":"平成通","city_name":"関市"},{"code":"5013874","prefecture_code":21,"town":"平和通","city_name":"関市"},{"code":"5013956","prefecture_code":21,"town":"保明","city_name":"関市"},{"code":"5013227","prefecture_code":21,"town":"北仙房","city_name":"関市"},{"code":"5013267","prefecture_code":21,"town":"星ケ丘","city_name":"関市"},{"code":"5012807","prefecture_code":21,"town":"洞戸阿部","city_name":"関市"},{"code":"5012812","prefecture_code":21,"town":"洞戸市場","city_name":"関市"},{"code":"5012816","prefecture_code":21,"town":"洞戸大野","city_name":"関市"},{"code":"5012805","prefecture_code":21,"town":"洞戸尾倉","city_name":"関市"},{"code":"5012809","prefecture_code":21,"town":"洞戸小瀬見","city_name":"関市"},{"code":"5012811","prefecture_code":21,"town":"洞戸片","city_name":"関市"},{"code":"5012801","prefecture_code":21,"town":"洞戸栗原","city_name":"関市"},{"code":"5012815","prefecture_code":21,"town":"洞戸黒谷","city_name":"関市"},{"code":"5012806","prefecture_code":21,"town":"洞戸高賀","city_name":"関市"},{"code":"5012808","prefecture_code":21,"town":"洞戸高見","city_name":"関市"},{"code":"5012817","prefecture_code":21,"town":"洞戸小坂","city_name":"関市"},{"code":"5012814","prefecture_code":21,"town":"洞戸菅谷","city_name":"関市"},{"code":"5012802","prefecture_code":21,"town":"洞戸通元寺","city_name":"関市"},{"code":"5012803","prefecture_code":21,"town":"洞戸飛瀬","city_name":"関市"},{"code":"5013805","prefecture_code":21,"town":"本郷町","city_name":"関市"},{"code":"5013886","prefecture_code":21,"town":"本町","city_name":"関市"},{"code":"5013864","prefecture_code":21,"town":"前町","city_name":"関市"},{"code":"5013937","prefecture_code":21,"town":"前山町","city_name":"関市"},{"code":"5013884","prefecture_code":21,"town":"孫六町","city_name":"関市"},{"code":"5013216","prefecture_code":21,"town":"水ノ輪町","city_name":"関市"},{"code":"5013836","prefecture_code":21,"town":"美園町","city_name":"関市"},{"code":"5013246","prefecture_code":21,"town":"緑ケ丘","city_name":"関市"},{"code":"5013237","prefecture_code":21,"town":"緑町","city_name":"関市"},{"code":"5013222","prefecture_code":21,"town":"南貸上","city_name":"関市"},{"code":"5013857","prefecture_code":21,"town":"南春日町","city_name":"関市"},{"code":"5013225","prefecture_code":21,"town":"南仙房","city_name":"関市"},{"code":"5013918","prefecture_code":21,"town":"南天神","city_name":"関市"},{"code":"5013825","prefecture_code":21,"town":"南出","city_name":"関市"},{"code":"5013907","prefecture_code":21,"town":"南町","city_name":"関市"},{"code":"5013912","prefecture_code":21,"town":"宮河町","city_name":"関市"},{"code":"5013827","prefecture_code":21,"town":"宮地町","city_name":"関市"},{"code":"5013844","prefecture_code":21,"town":"美和町","city_name":"関市"},{"code":"5013226","prefecture_code":21,"town":"向西仙房","city_name":"関市"},{"code":"5012605","prefecture_code":21,"town":"武芸川町跡部","city_name":"関市"},{"code":"5012607","prefecture_code":21,"town":"武芸川町宇多院","city_name":"関市"},{"code":"5012602","prefecture_code":21,"town":"武芸川町小知野","city_name":"関市"},{"code":"5012604","prefecture_code":21,"town":"武芸川町高野","city_name":"関市"},{"code":"5012601","prefecture_code":21,"town":"武芸川町谷口","city_name":"関市"},{"code":"5012603","prefecture_code":21,"town":"武芸川町八幡","city_name":"関市"},{"code":"5012606","prefecture_code":21,"town":"武芸川町平","city_name":"関市"},{"code":"5013933","prefecture_code":21,"town":"向山町","city_name":"関市"},{"code":"5013904","prefecture_code":21,"town":"明生町","city_name":"関市"},{"code":"5013881","prefecture_code":21,"town":"元重町","city_name":"関市"},{"code":"5013875","prefecture_code":21,"town":"森西町","city_name":"関市"},{"code":"5013962","prefecture_code":21,"town":"柳町","city_name":"関市"},{"code":"5013944","prefecture_code":21,"town":"山田","city_name":"関市"},{"code":"5013885","prefecture_code":21,"town":"山ノ手","city_name":"関市"},{"code":"5013902","prefecture_code":21,"town":"弥生町","city_name":"関市"},{"code":"5013254","prefecture_code":21,"town":"雄飛ケ丘","city_name":"関市"},{"code":"5013816","prefecture_code":21,"town":"吉野町","city_name":"関市"},{"code":"5013818","prefecture_code":21,"town":"吉本町","city_name":"関市"},{"code":"5013802","prefecture_code":21,"town":"若草通","city_name":"関市"},{"code":"5013234","prefecture_code":21,"town":"若宮町","city_name":"関市"},{"code":"5013700","prefecture_code":21,"town":"","city_name":"美濃市"},{"code":"5013701","prefecture_code":21,"town":"美濃市の次に番地がくる場合","city_name":"美濃市"},{"code":"5013723","prefecture_code":21,"town":"相生町","city_name":"美濃市"},{"code":"5013762","prefecture_code":21,"town":"藍川","city_name":"美濃市"},{"code":"5013717","prefecture_code":21,"town":"安毛","city_name":"美濃市"},{"code":"5013756","prefecture_code":21,"town":"生櫛","city_name":"美濃市"},{"code":"5013729","prefecture_code":21,"town":"泉町","city_name":"美濃市"},{"code":"5013724","prefecture_code":21,"town":"魚屋町","city_name":"美濃市"},{"code":"5013715","prefecture_code":21,"town":"梅山町","city_name":"美濃市"},{"code":"5013786","prefecture_code":21,"town":"乙狩","city_name":"美濃市"},{"code":"5013771","prefecture_code":21,"town":"大矢田","city_name":"美濃市"},{"code":"5013772","prefecture_code":21,"town":"楓台","city_name":"美濃市"},{"code":"5013764","prefecture_code":21,"town":"笠神","city_name":"美濃市"},{"code":"5013726","prefecture_code":21,"town":"加治屋町","city_name":"美濃市"},{"code":"5013781","prefecture_code":21,"town":"片知","city_name":"美濃市"},{"code":"5013702","prefecture_code":21,"town":"上河和","city_name":"美濃市"},{"code":"5013743","prefecture_code":21,"town":"上条","city_name":"美濃市"},{"code":"5013787","prefecture_code":21,"town":"上野","city_name":"美濃市"},{"code":"5013733","prefecture_code":21,"town":"亀野町","city_name":"美濃市"},{"code":"5013783","prefecture_code":21,"town":"神洞","city_name":"美濃市"},{"code":"5013712","prefecture_code":21,"town":"口野々","city_name":"美濃市"},{"code":"5013785","prefecture_code":21,"town":"小倉","city_name":"美濃市"},{"code":"5013763","prefecture_code":21,"town":"極楽寺","city_name":"美濃市"},{"code":"5013736","prefecture_code":21,"town":"米屋町","city_name":"美濃市"},{"code":"5013754","prefecture_code":21,"town":"さくらケ丘","city_name":"美濃市"},{"code":"5013755","prefecture_code":21,"town":"志摩","city_name":"美濃市"},{"code":"5013703","prefecture_code":21,"town":"下河和","city_name":"美濃市"},{"code":"5013745","prefecture_code":21,"town":"下渡","city_name":"美濃市"},{"code":"5013752","prefecture_code":21,"town":"松栄町","city_name":"美濃市"},{"code":"5013737","prefecture_code":21,"town":"新町","city_name":"美濃市"},{"code":"5013706","prefecture_code":21,"town":"須原","city_name":"美濃市"},{"code":"5013714","prefecture_code":21,"town":"曽代","city_name":"美濃市"},{"code":"5013705","prefecture_code":21,"town":"立花","city_name":"美濃市"},{"code":"5013725","prefecture_code":21,"town":"俵町","city_name":"美濃市"},{"code":"5013744","prefecture_code":21,"town":"段町","city_name":"美濃市"},{"code":"5013734","prefecture_code":21,"town":"千畝町","city_name":"美濃市"},{"code":"5013746","prefecture_code":21,"town":"中央","city_name":"美濃市"},{"code":"5013722","prefecture_code":21,"town":"常盤町","city_name":"美濃市"},{"code":"5013742","prefecture_code":21,"town":"殿町","city_name":"美濃市"},{"code":"5013713","prefecture_code":21,"town":"富野","city_name":"美濃市"},{"code":"5013727","prefecture_code":21,"town":"永重町","city_name":"美濃市"},{"code":"5013782","prefecture_code":21,"town":"長瀬","city_name":"美濃市"},{"code":"5013735","prefecture_code":21,"town":"西市場町","city_name":"美濃市"},{"code":"5013731","prefecture_code":21,"town":"東市場町","city_name":"美濃市"},{"code":"5013711","prefecture_code":21,"town":"樋ケ洞","city_name":"美濃市"},{"code":"5013732","prefecture_code":21,"town":"広岡町","city_name":"美濃市"},{"code":"5013704","prefecture_code":21,"town":"保木脇","city_name":"美濃市"},{"code":"5013716","prefecture_code":21,"town":"前野","city_name":"美濃市"},{"code":"5013751","prefecture_code":21,"town":"松倉台","city_name":"美濃市"},{"code":"5013753","prefecture_code":21,"town":"松森","city_name":"美濃市"},{"code":"5013784","prefecture_code":21,"town":"御手洗","city_name":"美濃市"},{"code":"5013741","prefecture_code":21,"town":"港町","city_name":"美濃市"},{"code":"5013728","prefecture_code":21,"town":"本住町","city_name":"美濃市"},{"code":"5013773","prefecture_code":21,"town":"もみじが丘","city_name":"美濃市"},{"code":"5013761","prefecture_code":21,"town":"横越","city_name":"美濃市"},{"code":"5013721","prefecture_code":21,"town":"吉川町","city_name":"美濃市"},{"code":"5013788","prefecture_code":21,"town":"蕨生","city_name":"美濃市"},{"code":"5016200","prefecture_code":21,"town":"","city_name":"羽島市"},{"code":"5016207","prefecture_code":21,"town":"足近町","city_name":"羽島市"},{"code":"5016202","prefecture_code":21,"town":"足近町市場","city_name":"羽島市"},{"code":"5016201","prefecture_code":21,"town":"足近町北宿","city_name":"羽島市"},{"code":"5016204","prefecture_code":21,"town":"足近町小荒井","city_name":"羽島市"},{"code":"5016208","prefecture_code":21,"town":"足近町坂井","city_name":"羽島市"},{"code":"5016209","prefecture_code":21,"town":"足近町直道","city_name":"羽島市"},{"code":"5016203","prefecture_code":21,"town":"足近町南宿","city_name":"羽島市"},{"code":"5016205","prefecture_code":21,"town":"足近町南之川","city_name":"羽島市"},{"code":"5016236","prefecture_code":21,"town":"江吉良町","city_name":"羽島市"},{"code":"5016238","prefecture_code":21,"town":"江吉良町江中","city_name":"羽島市"},{"code":"5016237","prefecture_code":21,"town":"江吉良町江西","city_name":"羽島市"},{"code":"5016239","prefecture_code":21,"town":"江吉良町江南","city_name":"羽島市"},{"code":"5016273","prefecture_code":21,"town":"小熊町","city_name":"羽島市"},{"code":"5016272","prefecture_code":21,"town":"小熊町相田","city_name":"羽島市"},{"code":"5016262","prefecture_code":21,"town":"小熊町内粟野","city_name":"羽島市"},{"code":"5016263","prefecture_code":21,"town":"小熊町江頭","city_name":"羽島市"},{"code":"5016266","prefecture_code":21,"town":"小熊町川口","city_name":"羽島市"},{"code":"5016265","prefecture_code":21,"town":"小熊町川口前","city_name":"羽島市"},{"code":"5016264","prefecture_code":21,"town":"小熊町島","city_name":"羽島市"},{"code":"5016253","prefecture_code":21,"town":"小熊町島新道","city_name":"羽島市"},{"code":"5016252","prefecture_code":21,"town":"小熊町島前","city_name":"羽島市"},{"code":"5016261","prefecture_code":21,"town":"小熊町外粟野","city_name":"羽島市"},{"code":"5016267","prefecture_code":21,"town":"小熊町天王","city_name":"羽島市"},{"code":"5016271","prefecture_code":21,"town":"小熊町東小熊","city_name":"羽島市"},{"code":"5016274","prefecture_code":21,"town":"小熊町西小熊","city_name":"羽島市"},{"code":"5016312","prefecture_code":21,"town":"上中町一色","city_name":"羽島市"},{"code":"5016317","prefecture_code":21,"town":"上中町午北","city_name":"羽島市"},{"code":"5016318","prefecture_code":21,"town":"上中町沖","city_name":"羽島市"},{"code":"5016319","prefecture_code":21,"town":"上中町中","city_name":"羽島市"},{"code":"5016311","prefecture_code":21,"town":"上中町長間","city_name":"羽島市"},{"code":"5016323","prefecture_code":21,"town":"桑原町午南","city_name":"羽島市"},{"code":"5016325","prefecture_code":21,"town":"桑原町大須","city_name":"羽島市"},{"code":"5016324","prefecture_code":21,"town":"桑原町小薮","city_name":"羽島市"},{"code":"5016327","prefecture_code":21,"town":"桑原町西小薮","city_name":"羽島市"},{"code":"5016326","prefecture_code":21,"town":"桑原町東方","city_name":"羽島市"},{"code":"5016328","prefecture_code":21,"town":"桑原町平太","city_name":"羽島市"},{"code":"5016322","prefecture_code":21,"town":"桑原町前野","city_name":"羽島市"},{"code":"5016321","prefecture_code":21,"town":"桑原町八神","city_name":"羽島市"},{"code":"5016315","prefecture_code":21,"town":"下中町石田","city_name":"羽島市"},{"code":"5016316","prefecture_code":21,"town":"下中町市之枝","city_name":"羽島市"},{"code":"5016313","prefecture_code":21,"town":"下中町加賀野井","city_name":"羽島市"},{"code":"5016314","prefecture_code":21,"town":"下中町城屋敷","city_name":"羽島市"},{"code":"5016206","prefecture_code":21,"town":"新生町","city_name":"羽島市"},{"code":"5016241","prefecture_code":21,"town":"竹鼻町","city_name":"羽島市"},{"code":"5016233","prefecture_code":21,"town":"竹鼻町飯柄","city_name":"羽島市"},{"code":"5016231","prefecture_code":21,"town":"竹鼻町神楽","city_name":"羽島市"},{"code":"5016232","prefecture_code":21,"town":"竹鼻町狐穴","city_name":"羽島市"},{"code":"5016234","prefecture_code":21,"town":"竹鼻町駒塚","city_name":"羽島市"},{"code":"5016242","prefecture_code":21,"town":"竹鼻町錦町","city_name":"羽島市"},{"code":"5016243","prefecture_code":21,"town":"竹鼻町西野町","city_name":"羽島市"},{"code":"5016235","prefecture_code":21,"town":"竹鼻町蜂尻","city_name":"羽島市"},{"code":"5016244","prefecture_code":21,"town":"竹鼻町丸の内","city_name":"羽島市"},{"code":"5016255","prefecture_code":21,"town":"福寿町浅平","city_name":"羽島市"},{"code":"5016256","prefecture_code":21,"town":"福寿町千代田","city_name":"羽島市"},{"code":"5016257","prefecture_code":21,"town":"福寿町平方","city_name":"羽島市"},{"code":"5016254","prefecture_code":21,"town":"福寿町本郷","city_name":"羽島市"},{"code":"5016251","prefecture_code":21,"town":"福寿町間島","city_name":"羽島市"},{"code":"5016302","prefecture_code":21,"town":"舟橋町","city_name":"羽島市"},{"code":"5016304","prefecture_code":21,"town":"舟橋町出須賀","city_name":"羽島市"},{"code":"5016303","prefecture_code":21,"town":"舟橋町本町","city_name":"羽島市"},{"code":"5016301","prefecture_code":21,"town":"舟橋町宮北","city_name":"羽島市"},{"code":"5016338","prefecture_code":21,"town":"堀津町須賀中","city_name":"羽島市"},{"code":"5016336","prefecture_code":21,"town":"堀津町須賀西","city_name":"羽島市"},{"code":"5016335","prefecture_code":21,"town":"堀津町須賀南","city_name":"羽島市"},{"code":"5016332","prefecture_code":21,"town":"堀津町須賀北","city_name":"羽島市"},{"code":"5016337","prefecture_code":21,"town":"堀津町中屋敷","city_name":"羽島市"},{"code":"5016333","prefecture_code":21,"town":"堀津町東山","city_name":"羽島市"},{"code":"5016334","prefecture_code":21,"town":"堀津町前谷","city_name":"羽島市"},{"code":"5016331","prefecture_code":21,"town":"堀津町横手","city_name":"羽島市"},{"code":"5016330","prefecture_code":21,"town":"堀津町","city_name":"羽島市"},{"code":"5016225","prefecture_code":21,"town":"正木町新井","city_name":"羽島市"},{"code":"5016224","prefecture_code":21,"town":"正木町大浦","city_name":"羽島市"},{"code":"5016223","prefecture_code":21,"town":"正木町大浦新田","city_name":"羽島市"},{"code":"5016212","prefecture_code":21,"town":"正木町上大浦","city_name":"羽島市"},{"code":"5016229","prefecture_code":21,"town":"正木町坂丸","city_name":"羽島市"},{"code":"5016216","prefecture_code":21,"town":"正木町須賀","city_name":"羽島市"},{"code":"5016215","prefecture_code":21,"town":"正木町須賀赤松","city_name":"羽島市"},{"code":"5016214","prefecture_code":21,"town":"正木町須賀池端","city_name":"羽島市"},{"code":"5016217","prefecture_code":21,"town":"正木町須賀小松","city_name":"羽島市"},{"code":"5016218","prefecture_code":21,"town":"正木町須賀本村","city_name":"羽島市"},{"code":"5016228","prefecture_code":21,"town":"正木町不破一色","city_name":"羽島市"},{"code":"5016227","prefecture_code":21,"town":"正木町曲利","city_name":"羽島市"},{"code":"5016213","prefecture_code":21,"town":"正木町光法寺","city_name":"羽島市"},{"code":"5016226","prefecture_code":21,"town":"正木町三ツ柳","city_name":"羽島市"},{"code":"5016211","prefecture_code":21,"town":"正木町南及","city_name":"羽島市"},{"code":"5016221","prefecture_code":21,"town":"正木町森","city_name":"羽島市"},{"code":"5016222","prefecture_code":21,"town":"正木町森新田","city_name":"羽島市"},{"code":"5016021","prefecture_code":21,"town":"川島笠田町","city_name":"各務原市"},{"code":"5016029","prefecture_code":21,"town":"川島北山町","city_name":"各務原市"},{"code":"5016023","prefecture_code":21,"town":"川島小網町","city_name":"各務原市"},{"code":"5016025","prefecture_code":21,"town":"川島河田町","city_name":"各務原市"},{"code":"5016024","prefecture_code":21,"town":"川島竹早町","city_name":"各務原市"},{"code":"5016022","prefecture_code":21,"town":"川島松倉町","city_name":"各務原市"},{"code":"5016026","prefecture_code":21,"town":"川島松原町","city_name":"各務原市"},{"code":"5016027","prefecture_code":21,"town":"川島緑町","city_name":"各務原市"},{"code":"5016028","prefecture_code":21,"town":"川島渡町","city_name":"各務原市"},{"code":"5012100","prefecture_code":21,"town":"","city_name":"山県市"},{"code":"5012252","prefecture_code":21,"town":"相戸","city_name":"山県市"},{"code":"5012256","prefecture_code":21,"town":"青波","city_name":"山県市"},{"code":"5012111","prefecture_code":21,"town":"赤尾","city_name":"山県市"},{"code":"5012102","prefecture_code":21,"town":"伊佐美","city_name":"山県市"},{"code":"5012259","prefecture_code":21,"town":"岩佐","city_name":"山県市"},{"code":"5012115","prefecture_code":21,"town":"梅原","city_name":"山県市"},{"code":"5012302","prefecture_code":21,"town":"円原","city_name":"山県市"},{"code":"5012101","prefecture_code":21,"town":"大桑","city_name":"山県市"},{"code":"5012123","prefecture_code":21,"town":"大森","city_name":"山県市"},{"code":"5012251","prefecture_code":21,"town":"柿野","city_name":"山県市"},{"code":"5012132","prefecture_code":21,"town":"掛","city_name":"山県市"},{"code":"5012303","prefecture_code":21,"town":"片原","city_name":"山県市"},{"code":"5012301","prefecture_code":21,"town":"神崎","city_name":"山県市"},{"code":"5012331","prefecture_code":21,"town":"葛原","city_name":"山県市"},{"code":"5012124","prefecture_code":21,"town":"小倉","city_name":"山県市"},{"code":"5012114","prefecture_code":21,"town":"佐賀","city_name":"山県市"},{"code":"5012314","prefecture_code":21,"town":"笹賀","city_name":"山県市"},{"code":"5012312","prefecture_code":21,"town":"佐野","city_name":"山県市"},{"code":"5012103","prefecture_code":21,"town":"椎倉","city_name":"山県市"},{"code":"5012133","prefecture_code":21,"town":"上願","city_name":"山県市"},{"code":"5012121","prefecture_code":21,"town":"大門","city_name":"山県市"},{"code":"5012113","prefecture_code":21,"town":"高木","city_name":"山県市"},{"code":"5012105","prefecture_code":21,"town":"高富","city_name":"山県市"},{"code":"5012315","prefecture_code":21,"town":"田栗","city_name":"山県市"},{"code":"5012321","prefecture_code":21,"town":"谷合","city_name":"山県市"},{"code":"5012311","prefecture_code":21,"town":"椿","city_name":"山県市"},{"code":"5012254","prefecture_code":21,"town":"出戸","city_name":"山県市"},{"code":"5012313","prefecture_code":21,"town":"徳永","city_name":"山県市"},{"code":"5012257","prefecture_code":21,"town":"富永","city_name":"山県市"},{"code":"5012135","prefecture_code":21,"town":"長滝","city_name":"山県市"},{"code":"5012258","prefecture_code":21,"town":"中洞","city_name":"山県市"},{"code":"5012112","prefecture_code":21,"town":"西深瀬","city_name":"山県市"},{"code":"5012104","prefecture_code":21,"town":"東深瀬","city_name":"山県市"},{"code":"5012253","prefecture_code":21,"town":"日永","city_name":"山県市"},{"code":"5012131","prefecture_code":21,"town":"平井","city_name":"山県市"},{"code":"5012122","prefecture_code":21,"town":"藤倉","city_name":"山県市"},{"code":"5012255","prefecture_code":21,"town":"船越","city_name":"山県市"},{"code":"5012125","prefecture_code":21,"town":"洞田","city_name":"山県市"},{"code":"5012134","prefecture_code":21,"town":"松尾","city_name":"山県市"},{"code":"5010200","prefecture_code":21,"town":"","city_name":"瑞穂市"},{"code":"5010302","prefecture_code":21,"town":"居倉","city_name":"瑞穂市"},{"code":"5010224","prefecture_code":21,"town":"稲里","city_name":"瑞穂市"},{"code":"5010234","prefecture_code":21,"town":"牛牧","city_name":"瑞穂市"},{"code":"5010306","prefecture_code":21,"town":"大月","city_name":"瑞穂市"},{"code":"5010307","prefecture_code":21,"town":"唐栗","city_name":"瑞穂市"},{"code":"5010237","prefecture_code":21,"town":"犀川","city_name":"瑞穂市"},{"code":"5010311","prefecture_code":21,"town":"重里","city_name":"瑞穂市"},{"code":"5010313","prefecture_code":21,"town":"十七条","city_name":"瑞穂市"},{"code":"5010314","prefecture_code":21,"town":"十八条","city_name":"瑞穂市"},{"code":"5010235","prefecture_code":21,"town":"十九条","city_name":"瑞穂市"},{"code":"5010225","prefecture_code":21,"town":"祖父江","city_name":"瑞穂市"},{"code":"5010221","prefecture_code":21,"town":"只越","city_name":"瑞穂市"},{"code":"5010304","prefecture_code":21,"town":"田之上","city_name":"瑞穂市"},{"code":"5010323","prefecture_code":21,"town":"中宮","city_name":"瑞穂市"},{"code":"5010301","prefecture_code":21,"town":"七崎","city_name":"瑞穂市"},{"code":"5010211","prefecture_code":21,"town":"生津","city_name":"瑞穂市"},{"code":"5010214","prefecture_code":21,"town":"生津外宮東町","city_name":"瑞穂市"},{"code":"5010217","prefecture_code":21,"town":"生津外宮前町","city_name":"瑞穂市"},{"code":"5010212","prefecture_code":21,"town":"生津滝坪町","city_name":"瑞穂市"},{"code":"5010215","prefecture_code":21,"town":"生津天王東町","city_name":"瑞穂市"},{"code":"5010216","prefecture_code":21,"town":"生津天王町","city_name":"瑞穂市"},{"code":"5010213","prefecture_code":21,"town":"生津内宮町","city_name":"瑞穂市"},{"code":"5010232","prefecture_code":21,"town":"野田新田","city_name":"瑞穂市"},{"code":"5010231","prefecture_code":21,"town":"野白新田","city_name":"瑞穂市"},{"code":"5010201","prefecture_code":21,"town":"馬場","city_name":"瑞穂市"},{"code":"5010206","prefecture_code":21,"town":"馬場北町","city_name":"瑞穂市"},{"code":"5010205","prefecture_code":21,"town":"馬場小城町","city_name":"瑞穂市"},{"code":"5010203","prefecture_code":21,"town":"馬場上光町","city_name":"瑞穂市"},{"code":"5010204","prefecture_code":21,"town":"馬場春雨町","city_name":"瑞穂市"},{"code":"5010202","prefecture_code":21,"town":"馬場前畑町","city_name":"瑞穂市"},{"code":"5010322","prefecture_code":21,"town":"古橋","city_name":"瑞穂市"},{"code":"5010222","prefecture_code":21,"town":"別府","city_name":"瑞穂市"},{"code":"5010233","prefecture_code":21,"town":"宝江","city_name":"瑞穂市"},{"code":"5010223","prefecture_code":21,"town":"穂積","city_name":"瑞穂市"},{"code":"5010236","prefecture_code":21,"town":"本田","city_name":"瑞穂市"},{"code":"5010312","prefecture_code":21,"town":"美江寺","city_name":"瑞穂市"},{"code":"5010305","prefecture_code":21,"town":"宮田","city_name":"瑞穂市"},{"code":"5010303","prefecture_code":21,"town":"森","city_name":"瑞穂市"},{"code":"5010321","prefecture_code":21,"town":"横屋","city_name":"瑞穂市"},{"code":"5010324","prefecture_code":21,"town":"呂久","city_name":"瑞穂市"},{"code":"5010400","prefecture_code":21,"town":"","city_name":"本巣市"},{"code":"5010475","prefecture_code":21,"town":"浅木","city_name":"本巣市"},{"code":"5010415","prefecture_code":21,"town":"有里","city_name":"本巣市"},{"code":"5010410","prefecture_code":21,"town":"石神","city_name":"本巣市"},{"code":"5010405","prefecture_code":21,"town":"石原","city_name":"本巣市"},{"code":"5010476","prefecture_code":21,"town":"海老","city_name":"本巣市"},{"code":"5010414","prefecture_code":21,"town":"数屋","city_name":"本巣市"},{"code":"5010411","prefecture_code":21,"town":"上高屋","city_name":"本巣市"},{"code":"5010401","prefecture_code":21,"town":"上保","city_name":"本巣市"},{"code":"5010461","prefecture_code":21,"town":"上真桑","city_name":"本巣市"},{"code":"5010465","prefecture_code":21,"town":"軽海","city_name":"本巣市"},{"code":"5010403","prefecture_code":21,"town":"北野","city_name":"本巣市"},{"code":"5011232","prefecture_code":21,"town":"金原","city_name":"本巣市"},{"code":"5010402","prefecture_code":21,"town":"郡府","city_name":"本巣市"},{"code":"5011235","prefecture_code":21,"town":"神海","city_name":"本巣市"},{"code":"5010463","prefecture_code":21,"town":"小柿","city_name":"本巣市"},{"code":"5010474","prefecture_code":21,"town":"国領","city_name":"本巣市"},{"code":"5011234","prefecture_code":21,"town":"木知原","city_name":"本巣市"},{"code":"5011236","prefecture_code":21,"town":"佐原","city_name":"本巣市"},{"code":"5010418","prefecture_code":21,"town":"七五三","city_name":"本巣市"},{"code":"5010472","prefecture_code":21,"town":"下福島","city_name":"本巣市"},{"code":"5010466","prefecture_code":21,"town":"下真桑","city_name":"本巣市"},{"code":"5010464","prefecture_code":21,"town":"十四条","city_name":"本巣市"},{"code":"5010416","prefecture_code":21,"town":"随原","city_name":"本巣市"},{"code":"5011205","prefecture_code":21,"town":"曽井中島","city_name":"本巣市"},{"code":"5010462","prefecture_code":21,"town":"宗慶","city_name":"本巣市"},{"code":"5011233","prefecture_code":21,"town":"外山","city_name":"本巣市"},{"code":"5010412","prefecture_code":21,"town":"長屋","city_name":"本巣市"},{"code":"5011236","prefecture_code":21,"town":"鍋原","city_name":"本巣市"},{"code":"5010473","prefecture_code":21,"town":"温井","city_name":"本巣市"},{"code":"5011524","prefecture_code":21,"town":"根尾板所","city_name":"本巣市"},{"code":"5011521","prefecture_code":21,"town":"根尾市場","city_name":"本巣市"},{"code":"5011525","prefecture_code":21,"town":"根尾今村","city_name":"本巣市"},{"code":"5011527","prefecture_code":21,"town":"根尾宇津志","city_name":"本巣市"},{"code":"5011535","prefecture_code":21,"town":"根尾大井","city_name":"本巣市"},{"code":"5011507","prefecture_code":21,"town":"根尾大河原","city_name":"本巣市"},{"code":"5011514","prefecture_code":21,"town":"根尾奥谷","city_name":"本巣市"},{"code":"5011518","prefecture_code":21,"town":"根尾小鹿","city_name":"本巣市"},{"code":"5011532","prefecture_code":21,"town":"根尾越卒","city_name":"本巣市"},{"code":"5011501","prefecture_code":21,"town":"根尾越波","city_name":"本巣市"},{"code":"5011531","prefecture_code":21,"town":"根尾門脇","city_name":"本巣市"},{"code":"5011511","prefecture_code":21,"town":"根尾上大須","city_name":"本巣市"},{"code":"5011523","prefecture_code":21,"town":"根尾川原","city_name":"本巣市"},{"code":"5011515","prefecture_code":21,"town":"根尾口谷","city_name":"本巣市"},{"code":"5011502","prefecture_code":21,"town":"根尾黒津","city_name":"本巣市"},{"code":"5011534","prefecture_code":21,"town":"根尾神所","city_name":"本巣市"},{"code":"5011512","prefecture_code":21,"town":"根尾下大須","city_name":"本巣市"},{"code":"5011528","prefecture_code":21,"town":"根尾高尾","city_name":"本巣市"},{"code":"5011522","prefecture_code":21,"town":"根尾樽見","city_name":"本巣市"},{"code":"5011504","prefecture_code":21,"town":"根尾天神堂","city_name":"本巣市"},{"code":"5011533","prefecture_code":21,"town":"根尾中","city_name":"本巣市"},{"code":"5011505","prefecture_code":21,"town":"根尾長島","city_name":"本巣市"},{"code":"5011503","prefecture_code":21,"town":"根尾長嶺","city_name":"本巣市"},{"code":"5011517","prefecture_code":21,"town":"根尾西板屋","city_name":"本巣市"},{"code":"5011506","prefecture_code":21,"town":"根尾能郷","city_name":"本巣市"},{"code":"5011516","prefecture_code":21,"town":"根尾東板屋","city_name":"本巣市"},{"code":"5011526","prefecture_code":21,"town":"根尾平野","city_name":"本巣市"},{"code":"5011513","prefecture_code":21,"town":"根尾松田","city_name":"本巣市"},{"code":"5011529","prefecture_code":21,"town":"根尾水鳥","city_name":"本巣市"},{"code":"5011536","prefecture_code":21,"town":"根尾八谷","city_name":"本巣市"},{"code":"5010419","prefecture_code":21,"town":"早野","city_name":"本巣市"},{"code":"5010404","prefecture_code":21,"town":"春近","city_name":"本巣市"},{"code":"5011231","prefecture_code":21,"town":"日当","city_name":"本巣市"},{"code":"5010407","prefecture_code":21,"town":"仏生寺","city_name":"本巣市"},{"code":"5011203","prefecture_code":21,"town":"宝珠ハイツ","city_name":"本巣市"},{"code":"5011202","prefecture_code":21,"town":"法林寺","city_name":"本巣市"},{"code":"5010471","prefecture_code":21,"town":"政田","city_name":"本巣市"},{"code":"5010406","prefecture_code":21,"town":"三橋","city_name":"本巣市"},{"code":"5010413","prefecture_code":21,"town":"見延","city_name":"本巣市"},{"code":"5011203","prefecture_code":21,"town":"文殊","city_name":"本巣市"},{"code":"5010417","prefecture_code":21,"town":"屋井","city_name":"本巣市"},{"code":"5011201","prefecture_code":21,"town":"山口","city_name":"本巣市"},{"code":"5014200","prefecture_code":21,"town":"","city_name":"郡上市"},{"code":"5015111","prefecture_code":21,"town":"白鳥町阿多岐","city_name":"郡上市"},{"code":"5015231","prefecture_code":21,"town":"白鳥町石徹白","city_name":"郡上市"},{"code":"5015124","prefecture_code":21,"town":"白鳥町大島","city_name":"郡上市"},{"code":"5015115","prefecture_code":21,"town":"白鳥町恩地","city_name":"郡上市"},{"code":"5015125","prefecture_code":21,"town":"白鳥町越佐","city_name":"郡上市"},{"code":"5015121","prefecture_code":21,"town":"白鳥町白鳥","city_name":"郡上市"},{"code":"5015122","prefecture_code":21,"town":"白鳥町為真","city_name":"郡上市"},{"code":"5015104","prefecture_code":21,"town":"白鳥町長滝","city_name":"郡上市"},{"code":"5015123","prefecture_code":21,"town":"白鳥町中津屋","city_name":"郡上市"},{"code":"5015116","prefecture_code":21,"town":"白鳥町中西","city_name":"郡上市"},{"code":"5015114","prefecture_code":21,"town":"白鳥町那留","city_name":"郡上市"},{"code":"5015113","prefecture_code":21,"town":"白鳥町野添","city_name":"郡上市"},{"code":"5015105","prefecture_code":21,"town":"白鳥町干田野","city_name":"郡上市"},{"code":"5015103","prefecture_code":21,"town":"白鳥町二日町","city_name":"郡上市"},{"code":"5015102","prefecture_code":21,"town":"白鳥町歩岐島","city_name":"郡上市"},{"code":"5015101","prefecture_code":21,"town":"白鳥町前谷","city_name":"郡上市"},{"code":"5015126","prefecture_code":21,"town":"白鳥町向小駄良","city_name":"郡上市"},{"code":"5015112","prefecture_code":21,"town":"白鳥町六ノ里","city_name":"郡上市"},{"code":"5015304","prefecture_code":21,"town":"高鷲町鮎立","city_name":"郡上市"},{"code":"5015303","prefecture_code":21,"town":"高鷲町大鷲","city_name":"郡上市"},{"code":"5015304","prefecture_code":21,"town":"高鷲町切立","city_name":"郡上市"},{"code":"5015305","prefecture_code":21,"town":"高鷲町西洞","city_name":"郡上市"},{"code":"5015301","prefecture_code":21,"town":"高鷲町ひるがの","city_name":"郡上市"},{"code":"5015302","prefecture_code":21,"town":"高鷲町鷲見","city_name":"郡上市"},{"code":"5014236","prefecture_code":21,"town":"八幡町相生","city_name":"郡上市"},{"code":"5014205","prefecture_code":21,"town":"八幡町安久田","city_name":"郡上市"},{"code":"5014204","prefecture_code":21,"town":"八幡町旭","city_name":"郡上市"},{"code":"5014235","prefecture_code":21,"town":"八幡町有坂","city_name":"郡上市"},{"code":"5014201","prefecture_code":21,"town":"八幡町有穂","city_name":"郡上市"},{"code":"5014202","prefecture_code":21,"town":"八幡町市島","city_name":"郡上市"},{"code":"5014223","prefecture_code":21,"town":"八幡町稲成","city_name":"郡上市"},{"code":"5014451","prefecture_code":21,"town":"八幡町入間","city_name":"郡上市"},{"code":"5014219","prefecture_code":21,"town":"八幡町大手町","city_name":"郡上市"},{"code":"5014217","prefecture_code":21,"town":"八幡町尾崎町","city_name":"郡上市"},{"code":"5014455","prefecture_code":21,"town":"八幡町小那比","city_name":"郡上市"},{"code":"5014221","prefecture_code":21,"town":"八幡町小野","city_name":"郡上市"},{"code":"5014231","prefecture_code":21,"town":"八幡町河鹿","city_name":"郡上市"},{"code":"5014218","prefecture_code":21,"town":"八幡町鍛冶屋町","city_name":"郡上市"},{"code":"5014234","prefecture_code":21,"town":"八幡町五町","city_name":"郡上市"},{"code":"5014215","prefecture_code":21,"town":"八幡町肴町","city_name":"郡上市"},{"code":"5014228","prefecture_code":21,"town":"八幡町桜町","city_name":"郡上市"},{"code":"5014238","prefecture_code":21,"town":"八幡町島","city_name":"郡上市"},{"code":"5014222","prefecture_code":21,"town":"八幡町島谷","city_name":"郡上市"},{"code":"5014224","prefecture_code":21,"town":"八幡町城南町","city_name":"郡上市"},{"code":"5014212","prefecture_code":21,"town":"八幡町職人町","city_name":"郡上市"},{"code":"5014203","prefecture_code":21,"town":"八幡町初納","city_name":"郡上市"},{"code":"5014226","prefecture_code":21,"town":"八幡町新町","city_name":"郡上市"},{"code":"5014453","prefecture_code":21,"town":"八幡町洲河","city_name":"郡上市"},{"code":"5014233","prefecture_code":21,"town":"八幡町瀬取","city_name":"郡上市"},{"code":"5014225","prefecture_code":21,"town":"八幡町大正町","city_name":"郡上市"},{"code":"5014213","prefecture_code":21,"town":"八幡町殿町","city_name":"郡上市"},{"code":"5014211","prefecture_code":21,"town":"八幡町中坪","city_name":"郡上市"},{"code":"5014237","prefecture_code":21,"town":"八幡町那比","city_name":"郡上市"},{"code":"5014207","prefecture_code":21,"town":"八幡町西乙原","city_name":"郡上市"},{"code":"5014454","prefecture_code":21,"town":"八幡町野々倉","city_name":"郡上市"},{"code":"5014227","prefecture_code":21,"town":"八幡町橋本町","city_name":"郡上市"},{"code":"5014232","prefecture_code":21,"town":"八幡町初音","city_name":"郡上市"},{"code":"5014216","prefecture_code":21,"town":"八幡町本町","city_name":"郡上市"},{"code":"5014452","prefecture_code":21,"town":"八幡町美山","city_name":"郡上市"},{"code":"5014241","prefecture_code":21,"town":"八幡町向山","city_name":"郡上市"},{"code":"5014214","prefecture_code":21,"town":"八幡町柳町","city_name":"郡上市"},{"code":"5014206","prefecture_code":21,"town":"八幡町吉野","city_name":"郡上市"},{"code":"5014104","prefecture_code":21,"town":"美並町梅原","city_name":"郡上市"},{"code":"5014107","prefecture_code":21,"town":"美並町大原","city_name":"郡上市"},{"code":"5014101","prefecture_code":21,"town":"美並町上田","city_name":"郡上市"},{"code":"5014102","prefecture_code":21,"town":"美並町高砂","city_name":"郡上市"},{"code":"5014106","prefecture_code":21,"town":"美並町白山","city_name":"郡上市"},{"code":"5014105","prefecture_code":21,"town":"美並町三戸","city_name":"郡上市"},{"code":"5014103","prefecture_code":21,"town":"美並町山田","city_name":"郡上市"},{"code":"5014301","prefecture_code":21,"town":"明宝大谷","city_name":"郡上市"},{"code":"5014305","prefecture_code":21,"town":"明宝小川","city_name":"郡上市"},{"code":"5014304","prefecture_code":21,"town":"明宝奥住","city_name":"郡上市"},{"code":"5014302","prefecture_code":21,"town":"明宝寒水","city_name":"郡上市"},{"code":"5014303","prefecture_code":21,"town":"明宝気良","city_name":"郡上市"},{"code":"5014306","prefecture_code":21,"town":"明宝畑佐","city_name":"郡上市"},{"code":"5014307","prefecture_code":21,"town":"明宝二間手","city_name":"郡上市"},{"code":"5014618","prefecture_code":21,"town":"大和町内ケ谷","city_name":"郡上市"},{"code":"5014601","prefecture_code":21,"town":"大和町大間見","city_name":"郡上市"},{"code":"5014619","prefecture_code":21,"town":"大和町落部","city_name":"郡上市"},{"code":"5014606","prefecture_code":21,"town":"大和町河辺","city_name":"郡上市"},{"code":"5014605","prefecture_code":21,"town":"大和町神路","city_name":"郡上市"},{"code":"5014603","prefecture_code":21,"town":"大和町栗巣","city_name":"郡上市"},{"code":"5014602","prefecture_code":21,"town":"大和町小間見","city_name":"郡上市"},{"code":"5014610","prefecture_code":21,"town":"大和町島","city_name":"郡上市"},{"code":"5014612","prefecture_code":21,"town":"大和町剣","city_name":"郡上市"},{"code":"5014607","prefecture_code":21,"town":"大和町徳永","city_name":"郡上市"},{"code":"5014613","prefecture_code":21,"town":"大和町名皿部","city_name":"郡上市"},{"code":"5014614","prefecture_code":21,"town":"大和町野口","city_name":"郡上市"},{"code":"5014615","prefecture_code":21,"town":"大和町場皿","city_name":"郡上市"},{"code":"5014616","prefecture_code":21,"town":"大和町福田","city_name":"郡上市"},{"code":"5014604","prefecture_code":21,"town":"大和町古道","city_name":"郡上市"},{"code":"5014617","prefecture_code":21,"town":"大和町洞口","city_name":"郡上市"},{"code":"5014608","prefecture_code":21,"town":"大和町牧","city_name":"郡上市"},{"code":"5014611","prefecture_code":21,"town":"大和町万場","city_name":"郡上市"},{"code":"5014514","prefecture_code":21,"town":"和良町安郷野","city_name":"郡上市"},{"code":"5014501","prefecture_code":21,"town":"和良町鹿倉","city_name":"郡上市"},{"code":"5014508","prefecture_code":21,"town":"和良町上沢","city_name":"郡上市"},{"code":"5014512","prefecture_code":21,"town":"和良町上土京","city_name":"郡上市"},{"code":"5014517","prefecture_code":21,"town":"和良町沢","city_name":"郡上市"},{"code":"5014509","prefecture_code":21,"town":"和良町下沢","city_name":"郡上市"},{"code":"5014513","prefecture_code":21,"town":"和良町下土京","city_name":"郡上市"},{"code":"5014511","prefecture_code":21,"town":"和良町下洞","city_name":"郡上市"},{"code":"5014504","prefecture_code":21,"town":"和良町田平","city_name":"郡上市"},{"code":"5014518","prefecture_code":21,"town":"和良町土京","city_name":"郡上市"},{"code":"5014503","prefecture_code":21,"town":"和良町野尻","city_name":"郡上市"},{"code":"5014505","prefecture_code":21,"town":"和良町東野","city_name":"郡上市"},{"code":"5014515","prefecture_code":21,"town":"和良町方須","city_name":"郡上市"},{"code":"5014510","prefecture_code":21,"town":"和良町法師丸","city_name":"郡上市"},{"code":"5014516","prefecture_code":21,"town":"和良町三庫","city_name":"郡上市"},{"code":"5014507","prefecture_code":21,"town":"和良町宮地","city_name":"郡上市"},{"code":"5014502","prefecture_code":21,"town":"和良町宮代","city_name":"郡上市"},{"code":"5014506","prefecture_code":21,"town":"和良町横野","city_name":"郡上市"},{"code":"5016100","prefecture_code":21,"town":"","city_name":"羽島郡岐南町"},{"code":"5016015","prefecture_code":21,"town":"石原瀬","city_name":"羽島郡岐南町"},{"code":"5016001","prefecture_code":21,"town":"上印食","city_name":"羽島郡岐南町"},{"code":"5016018","prefecture_code":21,"town":"下印食","city_name":"羽島郡岐南町"},{"code":"5016016","prefecture_code":21,"town":"徳田","city_name":"羽島郡岐南町"},{"code":"5016017","prefecture_code":21,"town":"徳田西","city_name":"羽島郡岐南町"},{"code":"5016004","prefecture_code":21,"town":"野中","city_name":"羽島郡岐南町"},{"code":"5016006","prefecture_code":21,"town":"伏屋","city_name":"羽島郡岐南町"},{"code":"5016003","prefecture_code":21,"town":"平島","city_name":"羽島郡岐南町"},{"code":"5016013","prefecture_code":21,"town":"平成","city_name":"羽島郡岐南町"},{"code":"5016002","prefecture_code":21,"town":"三宅","city_name":"羽島郡岐南町"},{"code":"5016019","prefecture_code":21,"town":"みやまち","city_name":"羽島郡岐南町"},{"code":"5016014","prefecture_code":21,"town":"薬師寺","city_name":"羽島郡岐南町"},{"code":"5016012","prefecture_code":21,"town":"八剣","city_name":"羽島郡岐南町"},{"code":"5016011","prefecture_code":21,"town":"八剣北","city_name":"羽島郡岐南町"},{"code":"5016005","prefecture_code":21,"town":"若宮地","city_name":"羽島郡岐南町"},{"code":"5016100","prefecture_code":21,"town":"","city_name":"羽島郡笠松町"},{"code":"5016044","prefecture_code":21,"town":"相生町","city_name":"羽島郡笠松町"},{"code":"5016056","prefecture_code":21,"town":"朝日町","city_name":"羽島郡笠松町"},{"code":"5016061","prefecture_code":21,"town":"泉町","city_name":"羽島郡笠松町"},{"code":"5016032","prefecture_code":21,"town":"江川","city_name":"羽島郡笠松町"},{"code":"5016035","prefecture_code":21,"town":"円城寺","city_name":"羽島郡笠松町"},{"code":"5016087","prefecture_code":21,"town":"大池町","city_name":"羽島郡笠松町"},{"code":"5016082","prefecture_code":21,"town":"春日町","city_name":"羽島郡笠松町"},{"code":"5016065","prefecture_code":21,"town":"門間","city_name":"羽島郡笠松町"},{"code":"5016071","prefecture_code":21,"town":"上新町","city_name":"羽島郡笠松町"},{"code":"5016051","prefecture_code":21,"town":"上本町","city_name":"羽島郡笠松町"},{"code":"5016058","prefecture_code":21,"town":"上柳川町","city_name":"羽島郡笠松町"},{"code":"5016084","prefecture_code":21,"town":"如月町","city_name":"羽島郡笠松町"},{"code":"5016064","prefecture_code":21,"town":"北及","city_name":"羽島郡笠松町"},{"code":"5016086","prefecture_code":21,"town":"清住町","city_name":"羽島郡笠松町"},{"code":"5016043","prefecture_code":21,"town":"県町","city_name":"羽島郡笠松町"},{"code":"5016031","prefecture_code":21,"town":"米野","city_name":"羽島郡笠松町"},{"code":"5016098","prefecture_code":21,"town":"桜町","city_name":"羽島郡笠松町"},{"code":"5016073","prefecture_code":21,"town":"下新町","city_name":"羽島郡笠松町"},{"code":"5016052","prefecture_code":21,"town":"下本町","city_name":"羽島郡笠松町"},{"code":"5016057","prefecture_code":21,"town":"下柳川町","city_name":"羽島郡笠松町"},{"code":"5016091","prefecture_code":21,"town":"松栄町","city_name":"羽島郡笠松町"},{"code":"5016074","prefecture_code":21,"town":"新町","city_name":"羽島郡笠松町"},{"code":"5016045","prefecture_code":21,"town":"司町","city_name":"羽島郡笠松町"},{"code":"5016092","prefecture_code":21,"town":"月美町","city_name":"羽島郡笠松町"},{"code":"5016062","prefecture_code":21,"town":"田代","city_name":"羽島郡笠松町"},{"code":"5016077","prefecture_code":21,"town":"天王町","city_name":"羽島郡笠松町"},{"code":"5016081","prefecture_code":21,"town":"東陽町","city_name":"羽島郡笠松町"},{"code":"5016083","prefecture_code":21,"town":"常盤町","city_name":"羽島郡笠松町"},{"code":"5016095","prefecture_code":21,"town":"中川町","city_name":"羽島郡笠松町"},{"code":"5016072","prefecture_code":21,"town":"中新町","city_name":"羽島郡笠松町"},{"code":"5016034","prefecture_code":21,"town":"中野","city_name":"羽島郡笠松町"},{"code":"5016063","prefecture_code":21,"town":"長池","city_name":"羽島郡笠松町"},{"code":"5016041","prefecture_code":21,"town":"奈良町","city_name":"羽島郡笠松町"},{"code":"5016037","prefecture_code":21,"town":"西金池町","city_name":"羽島郡笠松町"},{"code":"5016055","prefecture_code":21,"town":"西町","city_name":"羽島郡笠松町"},{"code":"5016075","prefecture_code":21,"town":"西宮町","city_name":"羽島郡笠松町"},{"code":"5016094","prefecture_code":21,"town":"羽衣町","city_name":"羽島郡笠松町"},{"code":"5016042","prefecture_code":21,"town":"八幡町","city_name":"羽島郡笠松町"},{"code":"5016038","prefecture_code":21,"town":"東金池町","city_name":"羽島郡笠松町"},{"code":"5016059","prefecture_code":21,"town":"東宮町","city_name":"羽島郡笠松町"},{"code":"5016097","prefecture_code":21,"town":"瓢町","city_name":"羽島郡笠松町"},{"code":"5016047","prefecture_code":21,"town":"二見町","city_name":"羽島郡笠松町"},{"code":"5016088","prefecture_code":21,"town":"美笠通","city_name":"羽島郡笠松町"},{"code":"5016093","prefecture_code":21,"town":"緑町","city_name":"羽島郡笠松町"},{"code":"5016053","prefecture_code":21,"town":"港町","city_name":"羽島郡笠松町"},{"code":"5016046","prefecture_code":21,"town":"宮川町","city_name":"羽島郡笠松町"},{"code":"5016033","prefecture_code":21,"town":"無動寺","city_name":"羽島郡笠松町"},{"code":"5016076","prefecture_code":21,"town":"門前町","city_name":"羽島郡笠松町"},{"code":"5016054","prefecture_code":21,"town":"柳原町","city_name":"羽島郡笠松町"},{"code":"5016085","prefecture_code":21,"town":"弥生町","city_name":"羽島郡笠松町"},{"code":"5016096","prefecture_code":21,"town":"友楽町","city_name":"羽島郡笠松町"},{"code":"5016036","prefecture_code":21,"town":"若葉町","city_name":"羽島郡笠松町"},{"code":"5010600","prefecture_code":21,"town":"","city_name":"揖斐郡揖斐川町"},{"code":"5010627","prefecture_code":21,"town":"市場","city_name":"揖斐郡揖斐川町"},{"code":"5010634","prefecture_code":21,"town":"上野","city_name":"揖斐郡揖斐川町"},{"code":"5010624","prefecture_code":21,"town":"岡","city_name":"揖斐郡揖斐川町"},{"code":"5010701","prefecture_code":21,"town":"小津","city_name":"揖斐郡揖斐川町"},{"code":"5010703","prefecture_code":21,"town":"乙原","city_name":"揖斐郡揖斐川町"},{"code":"5010612","prefecture_code":21,"town":"小野","city_name":"揖斐郡揖斐川町"},{"code":"5010815","prefecture_code":21,"town":"開田","city_name":"揖斐郡揖斐川町"},{"code":"5010708","prefecture_code":21,"town":"樫原","city_name":"揖斐郡揖斐川町"},{"code":"5010607","prefecture_code":21,"town":"桂","city_name":"揖斐郡揖斐川町"},{"code":"5010817","prefecture_code":21,"town":"門入","city_name":"揖斐郡揖斐川町"},{"code":"5010631","prefecture_code":21,"town":"上岡島","city_name":"揖斐郡揖斐川町"},{"code":"5010618","prefecture_code":21,"town":"上ミ野","city_name":"揖斐郡揖斐川町"},{"code":"5010632","prefecture_code":21,"town":"上東野","city_name":"揖斐郡揖斐川町"},{"code":"5010603","prefecture_code":21,"town":"上南方","city_name":"揖斐郡揖斐川町"},{"code":"5010601","prefecture_code":21,"town":"北方","city_name":"揖斐郡揖斐川町"},{"code":"5010615","prefecture_code":21,"town":"清水","city_name":"揖斐郡揖斐川町"},{"code":"5010625","prefecture_code":21,"town":"黒田","city_name":"揖斐郡揖斐川町"},{"code":"5010605","prefecture_code":21,"town":"極楽寺","city_name":"揖斐郡揖斐川町"},{"code":"5010633","prefecture_code":21,"town":"小島","city_name":"揖斐郡揖斐川町"},{"code":"5010611","prefecture_code":21,"town":"小谷","city_name":"揖斐郡揖斐川町"},{"code":"5010901","prefecture_code":21,"town":"坂内川上","city_name":"揖斐郡揖斐川町"},{"code":"5010903","prefecture_code":21,"town":"坂内坂本","city_name":"揖斐郡揖斐川町"},{"code":"5010902","prefecture_code":21,"town":"坂内広瀬","city_name":"揖斐郡揖斐川町"},{"code":"5010613","prefecture_code":21,"town":"志津山","city_name":"揖斐郡揖斐川町"},{"code":"5010617","prefecture_code":21,"town":"島","city_name":"揖斐郡揖斐川町"},{"code":"5010621","prefecture_code":21,"town":"下岡島","city_name":"揖斐郡揖斐川町"},{"code":"5010635","prefecture_code":21,"town":"白樫","city_name":"揖斐郡揖斐川町"},{"code":"5010628","prefecture_code":21,"town":"新宮","city_name":"揖斐郡揖斐川町"},{"code":"5010626","prefecture_code":21,"town":"瑞岩寺","city_name":"揖斐郡揖斐川町"},{"code":"5010604","prefecture_code":21,"town":"大光寺","city_name":"揖斐郡揖斐川町"},{"code":"5011315","prefecture_code":21,"town":"谷汲有鳥","city_name":"揖斐郡揖斐川町"},{"code":"5011312","prefecture_code":21,"town":"谷汲大洞","city_name":"揖斐郡揖斐川町"},{"code":"5011317","prefecture_code":21,"town":"谷汲神原","city_name":"揖斐郡揖斐川町"},{"code":"5011316","prefecture_code":21,"town":"谷汲木曽屋","city_name":"揖斐郡揖斐川町"},{"code":"5011302","prefecture_code":21,"town":"谷汲岐礼","city_name":"揖斐郡揖斐川町"},{"code":"5011301","prefecture_code":21,"town":"谷汲高科","city_name":"揖斐郡揖斐川町"},{"code":"5011311","prefecture_code":21,"town":"谷汲徳積","city_name":"揖斐郡揖斐川町"},{"code":"5011303","prefecture_code":21,"town":"谷汲長瀬","city_name":"揖斐郡揖斐川町"},{"code":"5011314","prefecture_code":21,"town":"谷汲名礼","city_name":"揖斐郡揖斐川町"},{"code":"5011313","prefecture_code":21,"town":"谷汲深坂","city_name":"揖斐郡揖斐川町"},{"code":"5010811","prefecture_code":21,"town":"塚","city_name":"揖斐郡揖斐川町"},{"code":"5010802","prefecture_code":21,"town":"鶴見","city_name":"揖斐郡揖斐川町"},{"code":"5010814","prefecture_code":21,"town":"徳山","city_name":"揖斐郡揖斐川町"},{"code":"5010705","prefecture_code":21,"town":"外津汲","city_name":"揖斐郡揖斐川町"},{"code":"5010816","prefecture_code":21,"town":"戸入","city_name":"揖斐郡揖斐川町"},{"code":"5010614","prefecture_code":21,"town":"長良","city_name":"揖斐郡揖斐川町"},{"code":"5010706","prefecture_code":21,"town":"西津汲","city_name":"揖斐郡揖斐川町"},{"code":"5010805","prefecture_code":21,"town":"西横山","city_name":"揖斐郡揖斐川町"},{"code":"5010622","prefecture_code":21,"town":"脛永","city_name":"揖斐郡揖斐川町"},{"code":"5010812","prefecture_code":21,"town":"櫨原","city_name":"揖斐郡揖斐川町"},{"code":"5010803","prefecture_code":21,"town":"東杉原","city_name":"揖斐郡揖斐川町"},{"code":"5010702","prefecture_code":21,"town":"東津汲","city_name":"揖斐郡揖斐川町"},{"code":"5010804","prefecture_code":21,"town":"東横山","city_name":"揖斐郡揖斐川町"},{"code":"5010707","prefecture_code":21,"town":"日坂","city_name":"揖斐郡揖斐川町"},{"code":"5010616","prefecture_code":21,"town":"福島","city_name":"揖斐郡揖斐川町"},{"code":"5010606","prefecture_code":21,"town":"房島","city_name":"揖斐郡揖斐川町"},{"code":"5010704","prefecture_code":21,"town":"三倉","city_name":"揖斐郡揖斐川町"},{"code":"5010619","prefecture_code":21,"town":"三輪","city_name":"揖斐郡揖斐川町"},{"code":"5010813","prefecture_code":21,"town":"山手","city_name":"揖斐郡揖斐川町"},{"code":"5010602","prefecture_code":21,"town":"若松","city_name":"揖斐郡揖斐川町"},{"code":"5010623","prefecture_code":21,"town":"和田","city_name":"揖斐郡揖斐川町"},{"code":"5010500","prefecture_code":21,"town":"","city_name":"揖斐郡大野町"},{"code":"5010522","prefecture_code":21,"town":"相羽","city_name":"揖斐郡大野町"},{"code":"5010564","prefecture_code":21,"town":"麻生","city_name":"揖斐郡大野町"},{"code":"5010501","prefecture_code":21,"town":"稲富","city_name":"揖斐郡大野町"},{"code":"5010511","prefecture_code":21,"town":"稲畑","city_name":"揖斐郡大野町"},{"code":"5010561","prefecture_code":21,"town":"牛洞","city_name":"揖斐郡大野町"},{"code":"5010552","prefecture_code":21,"town":"大衣斐","city_name":"揖斐郡大野町"},{"code":"5010513","prefecture_code":21,"town":"大野","city_name":"揖斐郡大野町"},{"code":"5010535","prefecture_code":21,"town":"加納","city_name":"揖斐郡大野町"},{"code":"5010531","prefecture_code":21,"town":"上磯","city_name":"揖斐郡大野町"},{"code":"5010512","prefecture_code":21,"town":"上秋","city_name":"揖斐郡大野町"},{"code":"5010524","prefecture_code":21,"town":"郡家","city_name":"揖斐郡大野町"},{"code":"5010555","prefecture_code":21,"town":"公郷","city_name":"揖斐郡大野町"},{"code":"5010521","prefecture_code":21,"town":"黒野","city_name":"揖斐郡大野町"},{"code":"5010551","prefecture_code":21,"town":"小衣斐","city_name":"揖斐郡大野町"},{"code":"5010554","prefecture_code":21,"town":"五之里","city_name":"揖斐郡大野町"},{"code":"5010515","prefecture_code":21,"town":"桜大門","city_name":"揖斐郡大野町"},{"code":"5010503","prefecture_code":21,"town":"寺内","city_name":"揖斐郡大野町"},{"code":"5010532","prefecture_code":21,"town":"下磯","city_name":"揖斐郡大野町"},{"code":"5010523","prefecture_code":21,"town":"下方","city_name":"揖斐郡大野町"},{"code":"5010534","prefecture_code":21,"town":"下座倉","city_name":"揖斐郡大野町"},{"code":"5010563","prefecture_code":21,"town":"瀬古","city_name":"揖斐郡大野町"},{"code":"5010565","prefecture_code":21,"town":"中之元","city_name":"揖斐郡大野町"},{"code":"5010514","prefecture_code":21,"town":"西方","city_name":"揖斐郡大野町"},{"code":"5010504","prefecture_code":21,"town":"野","city_name":"揖斐郡大野町"},{"code":"5010502","prefecture_code":21,"town":"古川","city_name":"揖斐郡大野町"},{"code":"5010533","prefecture_code":21,"town":"本庄","city_name":"揖斐郡大野町"},{"code":"5010562","prefecture_code":21,"town":"松山","city_name":"揖斐郡大野町"},{"code":"5010553","prefecture_code":21,"town":"南方","city_name":"揖斐郡大野町"},{"code":"5010556","prefecture_code":21,"town":"領家","city_name":"揖斐郡大野町"},{"code":"5010525","prefecture_code":21,"town":"六里","city_name":"揖斐郡大野町"},{"code":"5010400","prefecture_code":21,"town":"","city_name":"本巣郡北方町"},{"code":"5010424","prefecture_code":21,"town":"朝日町","city_name":"本巣郡北方町"},{"code":"5010432","prefecture_code":21,"town":"一本松","city_name":"本巣郡北方町"},{"code":"5010425","prefecture_code":21,"town":"加茂","city_name":"本巣郡北方町"},{"code":"5010431","prefecture_code":21,"town":"北方","city_name":"本巣郡北方町"},{"code":"5010434","prefecture_code":21,"town":"小柳","city_name":"本巣郡北方町"},{"code":"5010427","prefecture_code":21,"town":"栄町","city_name":"本巣郡北方町"},{"code":"5010422","prefecture_code":21,"town":"芝原中町","city_name":"本巣郡北方町"},{"code":"5010423","prefecture_code":21,"town":"芝原東町","city_name":"本巣郡北方町"},{"code":"5010421","prefecture_code":21,"town":"芝原西町","city_name":"本巣郡北方町"},{"code":"5010437","prefecture_code":21,"town":"清水","city_name":"本巣郡北方町"},{"code":"5010441","prefecture_code":21,"town":"曲路","city_name":"本巣郡北方町"},{"code":"5010442","prefecture_code":21,"town":"曲路東","city_name":"本巣郡北方町"},{"code":"5010458","prefecture_code":21,"town":"高屋","city_name":"本巣郡北方町"},{"code":"5010452","prefecture_code":21,"town":"高屋石末","city_name":"本巣郡北方町"},{"code":"5010455","prefecture_code":21,"town":"高屋伊勢田","city_name":"本巣郡北方町"},{"code":"5010454","prefecture_code":21,"town":"高屋白木","city_name":"本巣郡北方町"},{"code":"5010456","prefecture_code":21,"town":"高屋条里","city_name":"本巣郡北方町"},{"code":"5010459","prefecture_code":21,"town":"高屋清流","city_name":"本巣郡北方町"},{"code":"5010457","prefecture_code":21,"town":"高屋太子","city_name":"本巣郡北方町"},{"code":"5010451","prefecture_code":21,"town":"高屋勅使","city_name":"本巣郡北方町"},{"code":"5010453","prefecture_code":21,"town":"高屋分木","city_name":"本巣郡北方町"},{"code":"5010433","prefecture_code":21,"town":"天狗堂","city_name":"本巣郡北方町"},{"code":"5010446","prefecture_code":21,"town":"柱本","city_name":"本巣郡北方町"},{"code":"5010443","prefecture_code":21,"town":"柱本池之頭","city_name":"本巣郡北方町"},{"code":"5010444","prefecture_code":21,"town":"柱本白坪","city_name":"本巣郡北方町"},{"code":"5010445","prefecture_code":21,"town":"柱本南","city_name":"本巣郡北方町"},{"code":"5010439","prefecture_code":21,"town":"長谷川","city_name":"本巣郡北方町"},{"code":"5010436","prefecture_code":21,"town":"長谷川西","city_name":"本巣郡北方町"},{"code":"5010435","prefecture_code":21,"town":"春来町","city_name":"本巣郡北方町"},{"code":"5010426","prefecture_code":21,"town":"東加茂","city_name":"本巣郡北方町"},{"code":"5010438","prefecture_code":21,"town":"平成","city_name":"本巣郡北方町"},{"code":"5010428","prefecture_code":21,"town":"若宮","city_name":"本巣郡北方町"},{"code":"5013300","prefecture_code":21,"town":"","city_name":"加茂郡富加町"},{"code":"5013307","prefecture_code":21,"town":"大平賀","city_name":"加茂郡富加町"},{"code":"5013306","prefecture_code":21,"town":"大山","city_name":"加茂郡富加町"},{"code":"5013301","prefecture_code":21,"town":"加治田","city_name":"加茂郡富加町"},{"code":"5013304","prefecture_code":21,"town":"高畑","city_name":"加茂郡富加町"},{"code":"5013305","prefecture_code":21,"town":"滝田","city_name":"加茂郡富加町"},{"code":"5013303","prefecture_code":21,"town":"羽生","city_name":"加茂郡富加町"},{"code":"5013302","prefecture_code":21,"town":"夕田","city_name":"加茂郡富加町"},{"code":"5015600","prefecture_code":21,"town":"","city_name":"大野郡白川村"},{"code":"5015622","prefecture_code":21,"town":"芦倉","city_name":"大野郡白川村"},{"code":"5015625","prefecture_code":21,"town":"飯島","city_name":"大野郡白川村"},{"code":"5015624","prefecture_code":21,"town":"有家ケ原","city_name":"大野郡白川村"},{"code":"5015628","prefecture_code":21,"town":"大牧","city_name":"大野郡白川村"},{"code":"5015627","prefecture_code":21,"town":"荻町","city_name":"大野郡白川村"},{"code":"5015502","prefecture_code":21,"town":"木谷","city_name":"大野郡白川村"},{"code":"5015621","prefecture_code":21,"town":"小白川","city_name":"大野郡白川村"},{"code":"5015626","prefecture_code":21,"town":"島","city_name":"大野郡白川村"},{"code":"5015623","prefecture_code":21,"town":"椿原","city_name":"大野郡白川村"},{"code":"5015503","prefecture_code":21,"town":"長瀬","city_name":"大野郡白川村"},{"code":"5015629","prefecture_code":21,"town":"鳩谷","city_name":"大野郡白川村"},{"code":"5015507","prefecture_code":21,"town":"平瀬","city_name":"大野郡白川村"},{"code":"5015504","prefecture_code":21,"town":"福島","city_name":"大野郡白川村"},{"code":"5015501","prefecture_code":21,"town":"保木脇","city_name":"大野郡白川村"},{"code":"5015620","prefecture_code":21,"town":"馬狩","city_name":"大野郡白川村"},{"code":"5015505","prefecture_code":21,"town":"牧","city_name":"大野郡白川村"},{"code":"5015506","prefecture_code":21,"town":"御母衣","city_name":"大野郡白川村"}]
