[{"code":"5020001","prefecture_code":21,"town":"粟野","city_name":"岐阜市"},{"code":"5020002","prefecture_code":21,"town":"粟野東","city_name":"岐阜市"},{"code":"5020006","prefecture_code":21,"town":"粟野西","city_name":"岐阜市"},{"code":"5020007","prefecture_code":21,"town":"粟野台","city_name":"岐阜市"},{"code":"5020906","prefecture_code":21,"town":"池ノ上町","city_name":"岐阜市"},{"code":"5020844","prefecture_code":21,"town":"岩倉町","city_name":"岐阜市"},{"code":"5020005","prefecture_code":21,"town":"岩崎","city_name":"岐阜市"},{"code":"5020837","prefecture_code":21,"town":"鵜川町","city_name":"岐阜市"},{"code":"5020802","prefecture_code":21,"town":"打越","city_name":"岐阜市"},{"code":"5020915","prefecture_code":21,"town":"江口","city_name":"岐阜市"},{"code":"5020835","prefecture_code":21,"town":"織田町","city_name":"岐阜市"},{"code":"5020016","prefecture_code":21,"town":"雄総桜町","city_name":"岐阜市"},{"code":"5020014","prefecture_code":21,"town":"雄総緑町","city_name":"岐阜市"},{"code":"5020015","prefecture_code":21,"town":"雄総柳町","city_name":"岐阜市"},{"code":"5020841","prefecture_code":21,"town":"学園町","city_name":"岐阜市"},{"code":"5020862","prefecture_code":21,"town":"上城田寺中","city_name":"岐阜市"},{"code":"5020863","prefecture_code":21,"town":"上城田寺西","city_name":"岐阜市"},{"code":"5020864","prefecture_code":21,"town":"上城田寺東","city_name":"岐阜市"},{"code":"5020861","prefecture_code":21,"town":"上城田寺南","city_name":"岐阜市"},{"code":"5020803","prefecture_code":21,"town":"上土居","city_name":"岐阜市"},{"code":"5020938","prefecture_code":21,"town":"萱場北町","city_name":"岐阜市"},{"code":"5020935","prefecture_code":21,"town":"萱場東町","city_name":"岐阜市"},{"code":"5020936","prefecture_code":21,"town":"萱場南","city_name":"岐阜市"},{"code":"5020937","prefecture_code":21,"town":"萱場町","city_name":"岐阜市"},{"code":"5020831","prefecture_code":21,"town":"菊水町","city_name":"岐阜市"},{"code":"5020911","prefecture_code":21,"town":"北島","city_name":"岐阜市"},{"code":"5020859","prefecture_code":21,"town":"城田寺","city_name":"岐阜市"},{"code":"5020828","prefecture_code":21,"town":"金華町","city_name":"岐阜市"},{"code":"5020826","prefecture_code":21,"town":"楠町","city_name":"岐阜市"},{"code":"5020823","prefecture_code":21,"town":"光栄町","city_name":"岐阜市"},{"code":"5020908","prefecture_code":21,"town":"近島","city_name":"岐阜市"},{"code":"5020021","prefecture_code":21,"town":"西後町","city_name":"岐阜市"},{"code":"5020849","prefecture_code":21,"town":"栄新町","city_name":"岐阜市"},{"code":"5020851","prefecture_code":21,"town":"鷺山","city_name":"岐阜市"},{"code":"5020872","prefecture_code":21,"town":"鷺山北町","city_name":"岐阜市"},{"code":"5020853","prefecture_code":21,"town":"鷺山清洲町","city_name":"岐阜市"},{"code":"5020871","prefecture_code":21,"town":"鷺山新町","city_name":"岐阜市"},{"code":"5020855","prefecture_code":21,"town":"鷺山緑ケ丘","city_name":"岐阜市"},{"code":"5020856","prefecture_code":21,"town":"鷺山緑ケ丘新町","city_name":"岐阜市"},{"code":"5020854","prefecture_code":21,"town":"鷺山向井町","city_name":"岐阜市"},{"code":"5020850","prefecture_code":21,"town":"鷺山東","city_name":"岐阜市"},{"code":"5020867","prefecture_code":21,"town":"鷺山南","city_name":"岐阜市"},{"code":"5020904","prefecture_code":21,"town":"島栄町","city_name":"岐阜市"},{"code":"5020907","prefecture_code":21,"town":"島新町","city_name":"岐阜市"},{"code":"5020917","prefecture_code":21,"town":"島田","city_name":"岐阜市"},{"code":"5020858","prefecture_code":21,"town":"下土居","city_name":"岐阜市"},{"code":"5020909","prefecture_code":21,"town":"白菊町","city_name":"岐阜市"},{"code":"5020023","prefecture_code":21,"town":"城前町","city_name":"岐阜市"},{"code":"5020914","prefecture_code":21,"town":"菅生","city_name":"岐阜市"},{"code":"5020842","prefecture_code":21,"town":"早田","city_name":"岐阜市"},{"code":"5020902","prefecture_code":21,"town":"早田大通","city_name":"岐阜市"},{"code":"5020847","prefecture_code":21,"town":"早田栄町","city_name":"岐阜市"},{"code":"5020843","prefecture_code":21,"town":"早田東町","city_name":"岐阜市"},{"code":"5020848","prefecture_code":21,"town":"早田本町","city_name":"岐阜市"},{"code":"5020845","prefecture_code":21,"town":"早田町","city_name":"岐阜市"},{"code":"5020934","prefecture_code":21,"town":"大福町","city_name":"岐阜市"},{"code":"5020821","prefecture_code":21,"town":"太平町","city_name":"岐阜市"},{"code":"5020926","prefecture_code":21,"town":"旦島","city_name":"岐阜市"},{"code":"5020928","prefecture_code":21,"town":"旦島中","city_name":"岐阜市"},{"code":"5020925","prefecture_code":21,"town":"旦島中町","city_name":"岐阜市"},{"code":"5020927","prefecture_code":21,"town":"旦島西町","city_name":"岐阜市"},{"code":"5020924","prefecture_code":21,"town":"旦島宮町","city_name":"岐阜市"},{"code":"5020832","prefecture_code":21,"town":"千代田町","city_name":"岐阜市"},{"code":"5020846","prefecture_code":21,"town":"津島町","city_name":"岐阜市"},{"code":"5020801","prefecture_code":21,"town":"椿洞","city_name":"岐阜市"},{"code":"5020816","prefecture_code":21,"town":"道三町","city_name":"岐阜市"},{"code":"5020013","prefecture_code":21,"town":"中川原","city_name":"岐阜市"},{"code":"5020081","prefecture_code":21,"town":"長良","city_name":"岐阜市"},{"code":"5020071","prefecture_code":21,"town":"長良","city_name":"岐阜市"},{"code":"5020047","prefecture_code":21,"town":"長良葵町","city_name":"岐阜市"},{"code":"5020034","prefecture_code":21,"town":"長良有明町","city_name":"岐阜市"},{"code":"5020054","prefecture_code":21,"town":"長良井田","city_name":"岐阜市"},{"code":"5020063","prefecture_code":21,"town":"長良一楽","city_name":"岐阜市"},{"code":"5020031","prefecture_code":21,"town":"長良大路","city_name":"岐阜市"},{"code":"5020036","prefecture_code":21,"town":"長良大前町","city_name":"岐阜市"},{"code":"5020838","prefecture_code":21,"town":"長良丘","city_name":"岐阜市"},{"code":"5020077","prefecture_code":21,"town":"長良奥郷","city_name":"岐阜市"},{"code":"5020017","prefecture_code":21,"town":"長良雄総","city_name":"岐阜市"},{"code":"5020041","prefecture_code":21,"town":"長良海用町","city_name":"岐阜市"},{"code":"5020037","prefecture_code":21,"town":"長良金碧町","city_name":"岐阜市"},{"code":"5020045","prefecture_code":21,"town":"長良校前町","city_name":"岐阜市"},{"code":"5020044","prefecture_code":21,"town":"長良校文町","city_name":"岐阜市"},{"code":"5020051","prefecture_code":21,"town":"長良幸和町","city_name":"岐阜市"},{"code":"5020075","prefecture_code":21,"town":"長良子正賀","city_name":"岐阜市"},{"code":"5020052","prefecture_code":21,"town":"長良小松町","city_name":"岐阜市"},{"code":"5020026","prefecture_code":21,"town":"長良桜井町","city_name":"岐阜市"},{"code":"5020012","prefecture_code":21,"town":"長良志段見","city_name":"岐阜市"},{"code":"5020028","prefecture_code":21,"town":"長良白妙町","city_name":"岐阜市"},{"code":"5020042","prefecture_code":21,"town":"長良城西町","city_name":"岐阜市"},{"code":"5020056","prefecture_code":21,"town":"長良真生町","city_name":"岐阜市"},{"code":"5020046","prefecture_code":21,"town":"長良杉乃町","city_name":"岐阜市"},{"code":"5020066","prefecture_code":21,"town":"長良仙田町","city_name":"岐阜市"},{"code":"5020032","prefecture_code":21,"town":"長良高嶺町","city_name":"岐阜市"},{"code":"5020073","prefecture_code":21,"town":"長良田中","city_name":"岐阜市"},{"code":"5020064","prefecture_code":21,"town":"長良田中前","city_name":"岐阜市"},{"code":"5020022","prefecture_code":21,"town":"長良東郷町","city_name":"岐阜市"},{"code":"5020076","prefecture_code":21,"town":"長良友瀬","city_name":"岐阜市"},{"code":"5020035","prefecture_code":21,"town":"長良南陽町","city_name":"岐阜市"},{"code":"5020067","prefecture_code":21,"town":"長良西野前","city_name":"岐阜市"},{"code":"5020074","prefecture_code":21,"town":"長良西山前","city_name":"岐阜市"},{"code":"5020062","prefecture_code":21,"town":"長良春田","city_name":"岐阜市"},{"code":"5020082","prefecture_code":21,"town":"長良東","city_name":"岐阜市"},{"code":"5020043","prefecture_code":21,"town":"長良東町","city_name":"岐阜市"},{"code":"5020072","prefecture_code":21,"town":"長良福泉","city_name":"岐阜市"},{"code":"5020055","prefecture_code":21,"town":"長良福江町","city_name":"岐阜市"},{"code":"5020817","prefecture_code":21,"town":"長良福光","city_name":"岐阜市"},{"code":"5020011","prefecture_code":21,"town":"長良古津","city_name":"岐阜市"},{"code":"5020038","prefecture_code":21,"town":"長良法久寺町","city_name":"岐阜市"},{"code":"5020027","prefecture_code":21,"town":"長良宮口町","city_name":"岐阜市"},{"code":"5020053","prefecture_code":21,"town":"長良宮路町","city_name":"岐阜市"},{"code":"5020065","prefecture_code":21,"town":"長良森町","city_name":"岐阜市"},{"code":"5020033","prefecture_code":21,"town":"長良有楽町","city_name":"岐阜市"},{"code":"5020061","prefecture_code":21,"town":"長良竜東町","city_name":"岐阜市"},{"code":"5020029","prefecture_code":21,"town":"長良若葉町","city_name":"岐阜市"},{"code":"5020912","prefecture_code":21,"town":"西島町","city_name":"岐阜市"},{"code":"5020916","prefecture_code":21,"town":"西中島","city_name":"岐阜市"},{"code":"5020933","prefecture_code":21,"town":"日光町","city_name":"岐阜市"},{"code":"5020931","prefecture_code":21,"town":"則武","city_name":"岐阜市"},{"code":"5020932","prefecture_code":21,"town":"則武中","city_name":"岐阜市"},{"code":"5020939","prefecture_code":21,"town":"則武西","city_name":"岐阜市"},{"code":"5020929","prefecture_code":21,"town":"則武東","city_name":"岐阜市"},{"code":"5020825","prefecture_code":21,"town":"初日町","city_name":"岐阜市"},{"code":"5020824","prefecture_code":21,"town":"花ノ木町","city_name":"岐阜市"},{"code":"5020829","prefecture_code":21,"town":"万代町","city_name":"岐阜市"},{"code":"5020901","prefecture_code":21,"town":"光町","city_name":"岐阜市"},{"code":"5020913","prefecture_code":21,"town":"東島","city_name":"岐阜市"},{"code":"5020822","prefecture_code":21,"town":"福田町","city_name":"岐阜市"},{"code":"5020813","prefecture_code":21,"town":"福光東","city_name":"岐阜市"},{"code":"5020814","prefecture_code":21,"town":"福光西","city_name":"岐阜市"},{"code":"5020815","prefecture_code":21,"town":"福光南町","city_name":"岐阜市"},{"code":"5020827","prefecture_code":21,"town":"平和通","city_name":"岐阜市"},{"code":"5020024","prefecture_code":21,"town":"堀田町","city_name":"岐阜市"},{"code":"5020857","prefecture_code":21,"town":"正木","city_name":"岐阜市"},{"code":"5020881","prefecture_code":21,"town":"正木北町","city_name":"岐阜市"},{"code":"5020865","prefecture_code":21,"town":"正木西町","city_name":"岐阜市"},{"code":"5020882","prefecture_code":21,"town":"正木中","city_name":"岐阜市"},{"code":"5020866","prefecture_code":21,"town":"正木南","city_name":"岐阜市"},{"code":"5020833","prefecture_code":21,"town":"松風町","city_name":"岐阜市"},{"code":"5020903","prefecture_code":21,"town":"美島町","city_name":"岐阜市"},{"code":"5020004","prefecture_code":21,"town":"三田洞","city_name":"岐阜市"},{"code":"5020003","prefecture_code":21,"town":"三田洞東","city_name":"岐阜市"},{"code":"5020852","prefecture_code":21,"town":"南蝉","city_name":"岐阜市"},{"code":"5020923","prefecture_code":21,"town":"宮浦町","city_name":"岐阜市"},{"code":"5020922","prefecture_code":21,"town":"明神町","city_name":"岐阜市"},{"code":"5020921","prefecture_code":21,"town":"守口町","city_name":"岐阜市"},{"code":"5020812","prefecture_code":21,"town":"八代","city_name":"岐阜市"},{"code":"5020025","prefecture_code":21,"town":"山先町","city_name":"岐阜市"},{"code":"5020905","prefecture_code":21,"town":"山吹町","city_name":"岐阜市"},{"code":"5020834","prefecture_code":21,"town":"養老町","city_name":"岐阜市"},{"code":"5020836","prefecture_code":21,"town":"若竹町","city_name":"岐阜市"},{"code":"5020811","prefecture_code":21,"town":"若福町","city_name":"岐阜市"}]
