[{"code":"5100313","prefecture_code":24,"town":"河芸町赤部","city_name":"津市"},{"code":"5100306","prefecture_code":24,"town":"河芸町一色","city_name":"津市"},{"code":"5100304","prefecture_code":24,"town":"河芸町上野","city_name":"津市"},{"code":"5100307","prefecture_code":24,"town":"河芸町影重","city_name":"津市"},{"code":"5100317","prefecture_code":24,"town":"河芸町北黒田","city_name":"津市"},{"code":"5100312","prefecture_code":24,"town":"河芸町久知野","city_name":"津市"},{"code":"5100315","prefecture_code":24,"town":"河芸町高佐","city_name":"津市"},{"code":"5100302","prefecture_code":24,"town":"河芸町千里ケ丘","city_name":"津市"},{"code":"5100308","prefecture_code":24,"town":"河芸町中瀬","city_name":"津市"},{"code":"5100305","prefecture_code":24,"town":"河芸町中別保","city_name":"津市"},{"code":"5100301","prefecture_code":24,"town":"河芸町西千里","city_name":"津市"},{"code":"5100314","prefecture_code":24,"town":"河芸町浜田","city_name":"津市"},{"code":"5100303","prefecture_code":24,"town":"河芸町東千里","city_name":"津市"},{"code":"5100316","prefecture_code":24,"town":"河芸町南黒田","city_name":"津市"},{"code":"5100311","prefecture_code":24,"town":"河芸町三行","city_name":"津市"},{"code":"5100318","prefecture_code":24,"town":"河芸町杜の街","city_name":"津市"},{"code":"5100000","prefecture_code":24,"town":"","city_name":"四日市市"},{"code":"5100044","prefecture_code":24,"town":"相生町","city_name":"四日市市"},{"code":"5100839","prefecture_code":24,"town":"青葉町","city_name":"四日市市"},{"code":"5100826","prefecture_code":24,"town":"赤堀","city_name":"四日市市"},{"code":"5100825","prefecture_code":24,"town":"赤堀新町","city_name":"四日市市"},{"code":"5100827","prefecture_code":24,"town":"赤堀南町","city_name":"四日市市"},{"code":"5100810","prefecture_code":24,"town":"阿倉川新町","city_name":"四日市市"},{"code":"5100803","prefecture_code":24,"town":"阿倉川町","city_name":"四日市市"},{"code":"5100053","prefecture_code":24,"town":"曙","city_name":"四日市市"},{"code":"5100054","prefecture_code":24,"town":"曙町","city_name":"四日市市"},{"code":"5100061","prefecture_code":24,"town":"朝日町","city_name":"四日市市"},{"code":"5108001","prefecture_code":24,"town":"天カ須賀","city_name":"四日市市"},{"code":"5108002","prefecture_code":24,"town":"天カ須賀新町","city_name":"四日市市"},{"code":"5100832","prefecture_code":24,"town":"伊倉","city_name":"四日市市"},{"code":"5100828","prefecture_code":24,"town":"石塚町","city_name":"四日市市"},{"code":"5100842","prefecture_code":24,"town":"石原町","city_name":"四日市市"},{"code":"5100863","prefecture_code":24,"town":"磯津","city_name":"四日市市"},{"code":"5100041","prefecture_code":24,"town":"稲葉町","city_name":"四日市市"},{"code":"5100872","prefecture_code":24,"town":"内堀町","city_name":"四日市市"},{"code":"5100953","prefecture_code":24,"town":"釆女が丘","city_name":"四日市市"},{"code":"5100954","prefecture_code":24,"town":"釆女町","city_name":"四日市市"},{"code":"5100074","prefecture_code":24,"town":"鵜の森","city_name":"四日市市"},{"code":"5100023","prefecture_code":24,"town":"午起","city_name":"四日市市"},{"code":"5100882","prefecture_code":24,"town":"追分","city_name":"四日市市"},{"code":"5100866","prefecture_code":24,"town":"大池町","city_name":"四日市市"},{"code":"5100835","prefecture_code":24,"town":"大井手","city_name":"四日市市"},{"code":"5100846","prefecture_code":24,"town":"大井の川町","city_name":"四日市市"},{"code":"5100863","prefecture_code":24,"town":"大里町","city_name":"四日市市"},{"code":"5100847","prefecture_code":24,"town":"大浜町","city_name":"四日市市"},{"code":"5100003","prefecture_code":24,"town":"大宮町","city_name":"四日市市"},{"code":"5100004","prefecture_code":24,"town":"大宮西町","city_name":"四日市市"},{"code":"5108039","prefecture_code":24,"town":"大矢知新町","city_name":"四日市市"},{"code":"5108034","prefecture_code":24,"town":"大矢知町","city_name":"四日市市"},{"code":"5100083","prefecture_code":24,"town":"沖の島町","city_name":"四日市市"},{"code":"5100958","prefecture_code":24,"town":"小古曽","city_name":"四日市市"},{"code":"5100952","prefecture_code":24,"town":"小古曽町","city_name":"四日市市"},{"code":"5100951","prefecture_code":24,"town":"小古曽東","city_name":"四日市市"},{"code":"5100059","prefecture_code":24,"town":"尾上町","city_name":"四日市市"},{"code":"5100875","prefecture_code":24,"town":"大治田","city_name":"四日市市"},{"code":"5100956","prefecture_code":24,"town":"貝家町","city_name":"四日市市"},{"code":"5100873","prefecture_code":24,"town":"貝塚町","city_name":"四日市市"},{"code":"5100011","prefecture_code":24,"town":"霞","city_name":"四日市市"},{"code":"5100014","prefecture_code":24,"town":"金場町","city_name":"四日市市"},{"code":"5100853","prefecture_code":24,"town":"川合町","city_name":"四日市市"},{"code":"5108032","prefecture_code":24,"town":"川北町","city_name":"四日市市"},{"code":"5100871","prefecture_code":24,"town":"川尻町","city_name":"四日市市"},{"code":"5100874","prefecture_code":24,"town":"河原田町","city_name":"四日市市"},{"code":"5100033","prefecture_code":24,"town":"川原町","city_name":"四日市市"},{"code":"5108031","prefecture_code":24,"town":"川北","city_name":"四日市市"},{"code":"5100955","prefecture_code":24,"town":"北小松町","city_name":"四日市市"},{"code":"5100098","prefecture_code":24,"town":"北条町","city_name":"四日市市"},{"code":"5100047","prefecture_code":24,"town":"北納屋町","city_name":"四日市市"},{"code":"5100062","prefecture_code":24,"town":"北浜田町","city_name":"四日市市"},{"code":"5100091","prefecture_code":24,"town":"北浜町","city_name":"四日市市"},{"code":"5100081","prefecture_code":24,"town":"北町","city_name":"四日市市"},{"code":"5100032","prefecture_code":24,"town":"京町","city_name":"四日市市"},{"code":"5100101","prefecture_code":24,"town":"楠町小倉","city_name":"四日市市"},{"code":"5100107","prefecture_code":24,"town":"楠町北一色","city_name":"四日市市"},{"code":"5100103","prefecture_code":24,"town":"楠町北五味塚","city_name":"四日市市"},{"code":"5100106","prefecture_code":24,"town":"楠町本郷","city_name":"四日市市"},{"code":"5100105","prefecture_code":24,"town":"楠町南川","city_name":"四日市市"},{"code":"5100104","prefecture_code":24,"town":"楠町南五味塚","city_name":"四日市市"},{"code":"5100102","prefecture_code":24,"town":"楠町吉崎","city_name":"四日市市"},{"code":"5100072","prefecture_code":24,"town":"九の城町","city_name":"四日市市"},{"code":"5100821","prefecture_code":24,"town":"久保田","city_name":"四日市市"},{"code":"5100045","prefecture_code":24,"town":"蔵町","city_name":"四日市市"},{"code":"5100055","prefecture_code":24,"town":"寿町","city_name":"四日市市"},{"code":"5100865","prefecture_code":24,"town":"小浜町","city_name":"四日市市"},{"code":"5100946","prefecture_code":24,"town":"小林町","city_name":"四日市市"},{"code":"5100069","prefecture_code":24,"town":"幸町","city_name":"四日市市"},{"code":"5100084","prefecture_code":24,"town":"栄町","city_name":"四日市市"},{"code":"5100944","prefecture_code":24,"town":"笹川","city_name":"四日市市"},{"code":"5100021","prefecture_code":24,"town":"三郎町","city_name":"四日市市"},{"code":"5100068","prefecture_code":24,"town":"三栄町","city_name":"四日市市"},{"code":"5100863","prefecture_code":24,"town":"塩浜","city_name":"四日市市"},{"code":"5100863","prefecture_code":24,"town":"塩浜栄町","city_name":"四日市市"},{"code":"5100851","prefecture_code":24,"town":"塩浜町","city_name":"四日市市"},{"code":"5100854","prefecture_code":24,"town":"塩浜本町","city_name":"四日市市"},{"code":"5100822","prefecture_code":24,"town":"芝田","city_name":"四日市市"},{"code":"5100814","prefecture_code":24,"town":"清水町","city_name":"四日市市"},{"code":"5108033","prefecture_code":24,"town":"下さざらい町","city_name":"四日市市"},{"code":"5108028","prefecture_code":24,"town":"下之宮町","city_name":"四日市市"},{"code":"5100057","prefecture_code":24,"town":"昌栄町","city_name":"四日市市"},{"code":"5100867","prefecture_code":24,"town":"松泉町","city_name":"四日市市"},{"code":"5100018","prefecture_code":24,"town":"白須賀","city_name":"四日市市"},{"code":"5100823","prefecture_code":24,"town":"城北町","city_name":"四日市市"},{"code":"5100829","prefecture_code":24,"town":"城西町","city_name":"四日市市"},{"code":"5100824","prefecture_code":24,"town":"城東町","city_name":"四日市市"},{"code":"5100015","prefecture_code":24,"town":"城山町","city_name":"四日市市"},{"code":"5100064","prefecture_code":24,"town":"新正","city_name":"四日市市"},{"code":"5100094","prefecture_code":24,"town":"新々町","city_name":"四日市市"},{"code":"5100092","prefecture_code":24,"town":"新町","city_name":"四日市市"},{"code":"5100024","prefecture_code":24,"town":"新浜町","city_name":"四日市市"},{"code":"5100063","prefecture_code":24,"town":"十七軒町","city_name":"四日市市"},{"code":"5108026","prefecture_code":24,"town":"十志町","city_name":"四日市市"},{"code":"5100813","prefecture_code":24,"town":"末永","city_name":"四日市市"},{"code":"5100807","prefecture_code":24,"town":"末永町","city_name":"四日市市"},{"code":"5100052","prefecture_code":24,"town":"末広町","city_name":"四日市市"},{"code":"5108003","prefecture_code":24,"town":"住吉町","city_name":"四日市市"},{"code":"5100086","prefecture_code":24,"town":"諏訪栄町","city_name":"四日市市"},{"code":"5100085","prefecture_code":24,"town":"諏訪町","city_name":"四日市市"},{"code":"5100022","prefecture_code":24,"town":"大協町","city_name":"四日市市"},{"code":"5108017","prefecture_code":24,"town":"平町","city_name":"四日市市"},{"code":"5100857","prefecture_code":24,"town":"高旭町","city_name":"四日市市"},{"code":"5100042","prefecture_code":24,"town":"高砂町","city_name":"四日市市"},{"code":"5100945","prefecture_code":24,"town":"高花平","city_name":"四日市市"},{"code":"5100027","prefecture_code":24,"town":"高浜新町","city_name":"四日市市"},{"code":"5100026","prefecture_code":24,"town":"高浜町","city_name":"四日市市"},{"code":"5100844","prefecture_code":24,"town":"宝町","city_name":"四日市市"},{"code":"5100034","prefecture_code":24,"town":"滝川町","city_name":"四日市市"},{"code":"5108038","prefecture_code":24,"town":"垂坂新町","city_name":"四日市市"},{"code":"5108037","prefecture_code":24,"town":"垂坂町","city_name":"四日市市"},{"code":"5100051","prefecture_code":24,"town":"千歳町","city_name":"四日市市"},{"code":"5100082","prefecture_code":24,"town":"中部","city_name":"四日市市"},{"code":"5100035","prefecture_code":24,"town":"陶栄町","city_name":"四日市市"},{"code":"5100025","prefecture_code":24,"town":"東新町","city_name":"四日市市"},{"code":"5100848","prefecture_code":24,"town":"東邦町","city_name":"四日市市"},{"code":"5100834","prefecture_code":24,"town":"ときわ","city_name":"四日市市"},{"code":"5100883","prefecture_code":24,"town":"泊小柳町","city_name":"四日市市"},{"code":"5100884","prefecture_code":24,"town":"泊町","city_name":"四日市市"},{"code":"5100894","prefecture_code":24,"town":"泊村","city_name":"四日市市"},{"code":"5100892","prefecture_code":24,"town":"泊山崎町","city_name":"四日市市"},{"code":"5108016","prefecture_code":24,"town":"富州原町","city_name":"四日市市"},{"code":"5108014","prefecture_code":24,"town":"富田","city_name":"四日市市"},{"code":"5108004","prefecture_code":24,"town":"富田一色町","city_name":"四日市市"},{"code":"5108025","prefecture_code":24,"town":"富田栄町","city_name":"四日市市"},{"code":"5108008","prefecture_code":24,"town":"富田浜町","city_name":"四日市市"},{"code":"5108007","prefecture_code":24,"town":"富田浜元町","city_name":"四日市市"},{"code":"5100833","prefecture_code":24,"town":"中川原","city_name":"四日市市"},{"code":"5100864","prefecture_code":24,"town":"中里町","city_name":"四日市市"},{"code":"5100048","prefecture_code":24,"town":"中納屋町","city_name":"四日市市"},{"code":"5100065","prefecture_code":24,"town":"中浜田町","city_name":"四日市市"},{"code":"5100096","prefecture_code":24,"town":"中町","city_name":"四日市市"},{"code":"5100856","prefecture_code":24,"town":"七つ屋町","city_name":"四日市市"},{"code":"5100812","prefecture_code":24,"town":"西阿倉川","city_name":"四日市市"},{"code":"5100831","prefecture_code":24,"town":"西伊倉町","city_name":"四日市市"},{"code":"5100071","prefecture_code":24,"town":"西浦","city_name":"四日市市"},{"code":"5100087","prefecture_code":24,"town":"西新地","city_name":"四日市市"},{"code":"5100058","prefecture_code":24,"town":"西末広町","city_name":"四日市市"},{"code":"5108023","prefecture_code":24,"town":"西富田","city_name":"四日市市"},{"code":"5108024","prefecture_code":24,"town":"西富田町","city_name":"四日市市"},{"code":"5100073","prefecture_code":24,"town":"西浜田町","city_name":"四日市市"},{"code":"5100943","prefecture_code":24,"town":"西日野町","city_name":"四日市市"},{"code":"5100089","prefecture_code":24,"town":"西町","city_name":"四日市市"},{"code":"5100837","prefecture_code":24,"town":"西松本町","city_name":"四日市市"},{"code":"5100815","prefecture_code":24,"town":"野田","city_name":"四日市市"},{"code":"5100962","prefecture_code":24,"town":"波木が丘町","city_name":"四日市市"},{"code":"5100961","prefecture_code":24,"town":"波木町","city_name":"四日市市"},{"code":"5100963","prefecture_code":24,"town":"波木南台","city_name":"四日市市"},{"code":"5100868","prefecture_code":24,"town":"馳出","city_name":"四日市市"},{"code":"5100855","prefecture_code":24,"town":"馳出町","city_name":"四日市市"},{"code":"5100947","prefecture_code":24,"town":"八王子町","city_name":"四日市市"},{"code":"5100097","prefecture_code":24,"town":"八幡町","city_name":"四日市市"},{"code":"5100001","prefecture_code":24,"town":"八田","city_name":"四日市市"},{"code":"5100012","prefecture_code":24,"town":"羽津","city_name":"四日市市"},{"code":"5100017","prefecture_code":24,"town":"羽津町","city_name":"四日市市"},{"code":"5100002","prefecture_code":24,"town":"羽津中","city_name":"四日市市"},{"code":"5100016","prefecture_code":24,"town":"羽津山町","city_name":"四日市市"},{"code":"5100852","prefecture_code":24,"town":"浜旭町","city_name":"四日市市"},{"code":"5100031","prefecture_code":24,"town":"浜一色町","city_name":"四日市市"},{"code":"5108009","prefecture_code":24,"town":"浜園町","city_name":"四日市市"},{"code":"5100067","prefecture_code":24,"town":"浜田町","city_name":"四日市市"},{"code":"5100046","prefecture_code":24,"town":"浜町","city_name":"四日市市"},{"code":"5100804","prefecture_code":24,"town":"万古町","city_name":"四日市市"},{"code":"5100805","prefecture_code":24,"town":"東阿倉川","city_name":"四日市市"},{"code":"5108035","prefecture_code":24,"town":"東垂坂町","city_name":"四日市市"},{"code":"5108006","prefecture_code":24,"town":"東富田町","city_name":"四日市市"},{"code":"5100941","prefecture_code":24,"town":"東日野","city_name":"四日市市"},{"code":"5100942","prefecture_code":24,"town":"東日野町","city_name":"四日市市"},{"code":"5108011","prefecture_code":24,"town":"東茂福町","city_name":"四日市市"},{"code":"5100885","prefecture_code":24,"town":"日永","city_name":"四日市市"},{"code":"5100886","prefecture_code":24,"town":"日永東","city_name":"四日市市"},{"code":"5100891","prefecture_code":24,"town":"日永西","city_name":"四日市市"},{"code":"5100013","prefecture_code":24,"town":"富士町","city_name":"四日市市"},{"code":"5108005","prefecture_code":24,"town":"富双","city_name":"四日市市"},{"code":"5100007","prefecture_code":24,"town":"別名","city_name":"四日市市"},{"code":"5100076","prefecture_code":24,"town":"堀木","city_name":"四日市市"},{"code":"5100806","prefecture_code":24,"town":"本郷町","city_name":"四日市市"},{"code":"5100093","prefecture_code":24,"town":"本町","city_name":"四日市市"},{"code":"5100893","prefecture_code":24,"town":"前田町","city_name":"四日市市"},{"code":"5108022","prefecture_code":24,"town":"蒔田","city_name":"四日市市"},{"code":"5108021","prefecture_code":24,"town":"松寺","city_name":"四日市市"},{"code":"5108015","prefecture_code":24,"town":"松原町","city_name":"四日市市"},{"code":"5100836","prefecture_code":24,"town":"松本","city_name":"四日市市"},{"code":"5100862","prefecture_code":24,"town":"御薗町","city_name":"四日市市"},{"code":"5100841","prefecture_code":24,"town":"三田町","city_name":"四日市市"},{"code":"5100802","prefecture_code":24,"town":"三ツ谷町","city_name":"四日市市"},{"code":"5100801","prefecture_code":24,"town":"三ツ谷東町","city_name":"四日市市"},{"code":"5100006","prefecture_code":24,"town":"緑丘町","city_name":"四日市市"},{"code":"5100008","prefecture_code":24,"town":"南いかるが町","city_name":"四日市市"},{"code":"5100056","prefecture_code":24,"town":"南起町","city_name":"四日市市"},{"code":"5100971","prefecture_code":24,"town":"南小松町","city_name":"四日市市"},{"code":"5108036","prefecture_code":24,"town":"南垂坂町","city_name":"四日市市"},{"code":"5108013","prefecture_code":24,"town":"南富田町","city_name":"四日市市"},{"code":"5100043","prefecture_code":24,"town":"南納屋町","city_name":"四日市市"},{"code":"5100066","prefecture_code":24,"town":"南浜田町","city_name":"四日市市"},{"code":"5100838","prefecture_code":24,"town":"南松本町","city_name":"四日市市"},{"code":"5100843","prefecture_code":24,"town":"宮東町","city_name":"四日市市"},{"code":"5100845","prefecture_code":24,"town":"海山道町","city_name":"四日市市"},{"code":"5100811","prefecture_code":24,"town":"みゆきケ丘","city_name":"四日市市"},{"code":"5100948","prefecture_code":24,"town":"室山町","city_name":"四日市市"},{"code":"5108027","prefecture_code":24,"town":"茂福","city_name":"四日市市"},{"code":"5108012","prefecture_code":24,"town":"茂福町","city_name":"四日市市"},{"code":"5100095","prefecture_code":24,"town":"元新町","city_name":"四日市市"},{"code":"5100088","prefecture_code":24,"town":"元町","city_name":"四日市市"},{"code":"5100957","prefecture_code":24,"town":"森カ山町","city_name":"四日市市"},{"code":"5100075","prefecture_code":24,"town":"安島","city_name":"四日市市"},{"code":"5100861","prefecture_code":24,"town":"柳町","city_name":"四日市市"},{"code":"5100005","prefecture_code":24,"town":"山手町","city_name":"四日市市"},{"code":"5100881","prefecture_code":24,"town":"六呂見","city_name":"四日市市"},{"code":"5100258","prefecture_code":24,"town":"秋永町","city_name":"鈴鹿市"},{"code":"5100256","prefecture_code":24,"town":"磯山","city_name":"鈴鹿市"},{"code":"5100255","prefecture_code":24,"town":"磯山町","city_name":"鈴鹿市"},{"code":"5100205","prefecture_code":24,"town":"稲生","city_name":"鈴鹿市"},{"code":"5100206","prefecture_code":24,"town":"稲生こがね園","city_name":"鈴鹿市"},{"code":"5100207","prefecture_code":24,"town":"稲生塩屋","city_name":"鈴鹿市"},{"code":"5100201","prefecture_code":24,"town":"稲生町","city_name":"鈴鹿市"},{"code":"5100204","prefecture_code":24,"town":"稲生西","city_name":"鈴鹿市"},{"code":"5100252","prefecture_code":24,"town":"五祝町","city_name":"鈴鹿市"},{"code":"5100231","prefecture_code":24,"town":"江島台","city_name":"鈴鹿市"},{"code":"5100237","prefecture_code":24,"town":"江島町","city_name":"鈴鹿市"},{"code":"5100234","prefecture_code":24,"town":"江島本町","city_name":"鈴鹿市"},{"code":"5100262","prefecture_code":24,"town":"越知町","city_name":"鈴鹿市"},{"code":"5100226","prefecture_code":24,"town":"岸岡町","city_name":"鈴鹿市"},{"code":"5100232","prefecture_code":24,"town":"北江島町","city_name":"鈴鹿市"},{"code":"5100221","prefecture_code":24,"town":"北若松町","city_name":"鈴鹿市"},{"code":"5100263","prefecture_code":24,"town":"郡山町","city_name":"鈴鹿市"},{"code":"5100254","prefecture_code":24,"town":"寺家","city_name":"鈴鹿市"},{"code":"5100253","prefecture_code":24,"town":"寺家町","city_name":"鈴鹿市"},{"code":"5100243","prefecture_code":24,"town":"白子","city_name":"鈴鹿市"},{"code":"5100241","prefecture_code":24,"town":"白子駅前","city_name":"鈴鹿市"},{"code":"5100242","prefecture_code":24,"town":"白子本町","city_name":"鈴鹿市"},{"code":"5100244","prefecture_code":24,"town":"白子町","city_name":"鈴鹿市"},{"code":"5100208","prefecture_code":24,"town":"鈴鹿ハイツ","city_name":"鈴鹿市"},{"code":"5100266","prefecture_code":24,"town":"長法寺町","city_name":"鈴鹿市"},{"code":"5100264","prefecture_code":24,"town":"徳居町","city_name":"鈴鹿市"},{"code":"5100251","prefecture_code":24,"town":"徳田町","city_name":"鈴鹿市"},{"code":"5100212","prefecture_code":24,"town":"中旭が丘","city_name":"鈴鹿市"},{"code":"5100236","prefecture_code":24,"town":"中江島町","city_name":"鈴鹿市"},{"code":"5100259","prefecture_code":24,"town":"中瀬古町","city_name":"鈴鹿市"},{"code":"5100202","prefecture_code":24,"town":"野町","city_name":"鈴鹿市"},{"code":"5100216","prefecture_code":24,"town":"野町中","city_name":"鈴鹿市"},{"code":"5100218","prefecture_code":24,"town":"野町西","city_name":"鈴鹿市"},{"code":"5100217","prefecture_code":24,"town":"野町東","city_name":"鈴鹿市"},{"code":"5100219","prefecture_code":24,"town":"野町南","city_name":"鈴鹿市"},{"code":"5100203","prefecture_code":24,"town":"野村町","city_name":"鈴鹿市"},{"code":"5100211","prefecture_code":24,"town":"東旭が丘","city_name":"鈴鹿市"},{"code":"5100257","prefecture_code":24,"town":"東磯山","city_name":"鈴鹿市"},{"code":"5100233","prefecture_code":24,"town":"東江島町","city_name":"鈴鹿市"},{"code":"5100261","prefecture_code":24,"town":"御薗町","city_name":"鈴鹿市"},{"code":"5100213","prefecture_code":24,"town":"南旭が丘","city_name":"鈴鹿市"},{"code":"5100235","prefecture_code":24,"town":"南江島町","city_name":"鈴鹿市"},{"code":"5100227","prefecture_code":24,"town":"南若松町","city_name":"鈴鹿市"},{"code":"5100265","prefecture_code":24,"town":"三宅町","city_name":"鈴鹿市"},{"code":"5100224","prefecture_code":24,"town":"若松中","city_name":"鈴鹿市"},{"code":"5100225","prefecture_code":24,"town":"若松東","city_name":"鈴鹿市"},{"code":"5100222","prefecture_code":24,"town":"若松西","city_name":"鈴鹿市"},{"code":"5100223","prefecture_code":24,"town":"若松北","city_name":"鈴鹿市"},{"code":"5101200","prefecture_code":24,"town":"","city_name":"三重郡菰野町"},{"code":"5101221","prefecture_code":24,"town":"池底","city_name":"三重郡菰野町"},{"code":"5101253","prefecture_code":24,"town":"潤田","city_name":"三重郡菰野町"},{"code":"5101222","prefecture_code":24,"town":"大強原","city_name":"三重郡菰野町"},{"code":"5101246","prefecture_code":24,"town":"大羽根園青葉町","city_name":"三重郡菰野町"},{"code":"5101243","prefecture_code":24,"town":"大羽根園呉竹町","city_name":"三重郡菰野町"},{"code":"5101242","prefecture_code":24,"town":"大羽根園柴垣町","city_name":"三重郡菰野町"},{"code":"5101241","prefecture_code":24,"town":"大羽根園新林町","city_name":"三重郡菰野町"},{"code":"5101244","prefecture_code":24,"town":"大羽根園並木通","city_name":"三重郡菰野町"},{"code":"5101245","prefecture_code":24,"town":"大羽根園松ケ枝町","city_name":"三重郡菰野町"},{"code":"5101323","prefecture_code":24,"town":"小島","city_name":"三重郡菰野町"},{"code":"5101252","prefecture_code":24,"town":"音羽","city_name":"三重郡菰野町"},{"code":"5101231","prefecture_code":24,"town":"神森","city_name":"三重郡菰野町"},{"code":"5101224","prefecture_code":24,"town":"川北","city_name":"三重郡菰野町"},{"code":"5101328","prefecture_code":24,"town":"切畑","city_name":"三重郡菰野町"},{"code":"5101233","prefecture_code":24,"town":"菰野","city_name":"三重郡菰野町"},{"code":"5101325","prefecture_code":24,"town":"榊","city_name":"三重郡菰野町"},{"code":"5101225","prefecture_code":24,"town":"下村","city_name":"三重郡菰野町"},{"code":"5101232","prefecture_code":24,"town":"宿野","city_name":"三重郡菰野町"},{"code":"5101326","prefecture_code":24,"town":"杉谷","city_name":"三重郡菰野町"},{"code":"5101223","prefecture_code":24,"town":"諏訪","city_name":"三重郡菰野町"},{"code":"5101321","prefecture_code":24,"town":"田口","city_name":"三重郡菰野町"},{"code":"5101322","prefecture_code":24,"town":"田口新田","city_name":"三重郡菰野町"},{"code":"5101312","prefecture_code":24,"town":"竹成","city_name":"三重郡菰野町"},{"code":"5101324","prefecture_code":24,"town":"田光","city_name":"三重郡菰野町"},{"code":"5101251","prefecture_code":24,"town":"千草","city_name":"三重郡菰野町"},{"code":"5101311","prefecture_code":24,"town":"永井","city_name":"三重郡菰野町"},{"code":"5101327","prefecture_code":24,"town":"根の平","city_name":"三重郡菰野町"},{"code":"5101236","prefecture_code":24,"town":"初若の郷","city_name":"三重郡菰野町"},{"code":"5101234","prefecture_code":24,"town":"福村","city_name":"三重郡菰野町"},{"code":"5101235","prefecture_code":24,"town":"宝永台","city_name":"三重郡菰野町"},{"code":"5101226","prefecture_code":24,"town":"吉沢","city_name":"三重郡菰野町"},{"code":"5100000","prefecture_code":24,"town":"","city_name":"三重郡朝日町"},{"code":"5108104","prefecture_code":24,"town":"埋縄","city_name":"三重郡朝日町"},{"code":"5108102","prefecture_code":24,"town":"小向","city_name":"三重郡朝日町"},{"code":"5108103","prefecture_code":24,"town":"柿","city_name":"三重郡朝日町"},{"code":"5108105","prefecture_code":24,"town":"向陽台","city_name":"三重郡朝日町"},{"code":"5108107","prefecture_code":24,"town":"白梅の丘西","city_name":"三重郡朝日町"},{"code":"5108106","prefecture_code":24,"town":"白梅の丘東","city_name":"三重郡朝日町"},{"code":"5108101","prefecture_code":24,"town":"縄生","city_name":"三重郡朝日町"},{"code":"5100000","prefecture_code":24,"town":"","city_name":"三重郡川越町"},{"code":"5108113","prefecture_code":24,"town":"亀尾新田","city_name":"三重郡川越町"},{"code":"5108114","prefecture_code":24,"town":"亀崎新田","city_name":"三重郡川越町"},{"code":"5108112","prefecture_code":24,"town":"亀須新田","city_name":"三重郡川越町"},{"code":"5108125","prefecture_code":24,"town":"北福崎","city_name":"三重郡川越町"},{"code":"5108121","prefecture_code":24,"town":"高松","city_name":"三重郡川越町"},{"code":"5108111","prefecture_code":24,"town":"当新田","city_name":"三重郡川越町"},{"code":"5108122","prefecture_code":24,"town":"豊田","city_name":"三重郡川越町"},{"code":"5108123","prefecture_code":24,"town":"豊田一色","city_name":"三重郡川越町"},{"code":"5108124","prefecture_code":24,"town":"南福崎","city_name":"三重郡川越町"}]
