[{"code":"5110000","prefecture_code":24,"town":"","city_name":"桑名市"},{"code":"5110016","prefecture_code":24,"town":"相生町","city_name":"桑名市"},{"code":"5110052","prefecture_code":24,"town":"相川町","city_name":"桑名市"},{"code":"5110817","prefecture_code":24,"town":"青葉町","city_name":"桑名市"},{"code":"5110033","prefecture_code":24,"town":"赤須賀","city_name":"桑名市"},{"code":"5110934","prefecture_code":24,"town":"赤尾","city_name":"桑名市"},{"code":"5110935","prefecture_code":24,"town":"赤尾台","city_name":"桑名市"},{"code":"5110084","prefecture_code":24,"town":"油町","city_name":"桑名市"},{"code":"5110036","prefecture_code":24,"town":"伊賀町","city_name":"桑名市"},{"code":"5110838","prefecture_code":24,"town":"和泉","city_name":"桑名市"},{"code":"5110046","prefecture_code":24,"town":"一色町","city_name":"桑名市"},{"code":"5110017","prefecture_code":24,"town":"今片町","city_name":"桑名市"},{"code":"5110006","prefecture_code":24,"town":"今北町","city_name":"桑名市"},{"code":"5110801","prefecture_code":24,"town":"今島","city_name":"桑名市"},{"code":"5110018","prefecture_code":24,"town":"今中町","city_name":"桑名市"},{"code":"5110086","prefecture_code":24,"town":"入江葭町","city_name":"桑名市"},{"code":"5110825","prefecture_code":24,"town":"上野","city_name":"桑名市"},{"code":"5110038","prefecture_code":24,"town":"内堀","city_name":"桑名市"},{"code":"5110822","prefecture_code":24,"town":"馬道","city_name":"桑名市"},{"code":"5110815","prefecture_code":24,"town":"梅園通","city_name":"桑名市"},{"code":"5110071","prefecture_code":24,"town":"駅元町","city_name":"桑名市"},{"code":"5110022","prefecture_code":24,"town":"江戸町","city_name":"桑名市"},{"code":"5110836","prefecture_code":24,"town":"江場","city_name":"桑名市"},{"code":"5110848","prefecture_code":24,"town":"大貝須","city_name":"桑名市"},{"code":"5110947","prefecture_code":24,"town":"大仲新田","city_name":"桑名市"},{"code":"5110903","prefecture_code":24,"town":"大山田","city_name":"桑名市"},{"code":"5110812","prefecture_code":24,"town":"尾野山","city_name":"桑名市"},{"code":"5110861","prefecture_code":24,"town":"蠣塚新田","city_name":"桑名市"},{"code":"5110829","prefecture_code":24,"town":"神楽町","city_name":"桑名市"},{"code":"5110067","prefecture_code":24,"town":"掛樋","city_name":"桑名市"},{"code":"5110047","prefecture_code":24,"town":"鍜冶町","city_name":"桑名市"},{"code":"5110012","prefecture_code":24,"town":"春日町","city_name":"桑名市"},{"code":"5110827","prefecture_code":24,"town":"霞町","city_name":"桑名市"},{"code":"5110081","prefecture_code":24,"town":"片町","city_name":"桑名市"},{"code":"5110001","prefecture_code":24,"town":"上之輪新田","city_name":"桑名市"},{"code":"5110809","prefecture_code":24,"town":"上深谷部","city_name":"桑名市"},{"code":"5110044","prefecture_code":24,"town":"萱町","city_name":"桑名市"},{"code":"5110941","prefecture_code":24,"town":"嘉例川","city_name":"桑名市"},{"code":"5110021","prefecture_code":24,"town":"川口町","city_name":"桑名市"},{"code":"5110802","prefecture_code":24,"town":"川崎町","city_name":"桑名市"},{"code":"5110024","prefecture_code":24,"town":"北魚町","city_name":"桑名市"},{"code":"5110804","prefecture_code":24,"town":"北川原台","city_name":"桑名市"},{"code":"5110073","prefecture_code":24,"town":"北寺町","city_name":"桑名市"},{"code":"5110066","prefecture_code":24,"town":"北鍋屋町","city_name":"桑名市"},{"code":"5110819","prefecture_code":24,"town":"北別所","city_name":"桑名市"},{"code":"5110851","prefecture_code":24,"town":"希望ケ丘","city_name":"桑名市"},{"code":"5110063","prefecture_code":24,"town":"京橋町","city_name":"桑名市"},{"code":"5110039","prefecture_code":24,"town":"京町","city_name":"桑名市"},{"code":"5110810","prefecture_code":24,"town":"清竹の丘","city_name":"桑名市"},{"code":"5110009","prefecture_code":24,"town":"桑名","city_name":"桑名市"},{"code":"5110923","prefecture_code":24,"town":"桑部","city_name":"桑名市"},{"code":"5110837","prefecture_code":24,"town":"小泉","city_name":"桑名市"},{"code":"5110841","prefecture_code":24,"town":"小貝須","city_name":"桑名市"},{"code":"5110946","prefecture_code":24,"town":"五反田","city_name":"桑名市"},{"code":"5110061","prefecture_code":24,"town":"寿町","city_name":"桑名市"},{"code":"5110085","prefecture_code":24,"town":"紺屋町","city_name":"桑名市"},{"code":"5110939","prefecture_code":24,"town":"坂井","city_name":"桑名市"},{"code":"5110813","prefecture_code":24,"town":"桜通","city_name":"桑名市"},{"code":"5110868","prefecture_code":24,"town":"さくらの丘","city_name":"桑名市"},{"code":"5110913","prefecture_code":24,"town":"里町","city_name":"桑名市"},{"code":"5110075","prefecture_code":24,"town":"三栄町","city_name":"桑名市"},{"code":"5110007","prefecture_code":24,"town":"参宮通","city_name":"桑名市"},{"code":"5110031","prefecture_code":24,"town":"三之丸","city_name":"桑名市"},{"code":"5110816","prefecture_code":24,"town":"汐見町","city_name":"桑名市"},{"code":"5110824","prefecture_code":24,"town":"繁松新田","city_name":"桑名市"},{"code":"5110034","prefecture_code":24,"town":"地蔵","city_name":"桑名市"},{"code":"5110937","prefecture_code":24,"town":"志知","city_name":"桑名市"},{"code":"5110936","prefecture_code":24,"town":"島田","city_name":"桑名市"},{"code":"5110019","prefecture_code":24,"town":"清水町","city_name":"桑名市"},{"code":"5110808","prefecture_code":24,"town":"下深谷部","city_name":"桑名市"},{"code":"5110846","prefecture_code":24,"town":"城南萱町","city_name":"桑名市"},{"code":"5110083","prefecture_code":24,"town":"職人町","city_name":"桑名市"},{"code":"5110924","prefecture_code":24,"town":"城山台","city_name":"桑名市"},{"code":"5110855","prefecture_code":24,"town":"新倉持","city_name":"桑名市"},{"code":"5110866","prefecture_code":24,"town":"神成町","city_name":"桑名市"},{"code":"5110832","prefecture_code":24,"town":"新地","city_name":"桑名市"},{"code":"5110064","prefecture_code":24,"town":"新築町","city_name":"桑名市"},{"code":"5110863","prefecture_code":24,"town":"新西方","city_name":"桑名市"},{"code":"5110048","prefecture_code":24,"town":"新町","city_name":"桑名市"},{"code":"5110043","prefecture_code":24,"town":"新屋敷","city_name":"桑名市"},{"code":"5110069","prefecture_code":24,"town":"新矢田","city_name":"桑名市"},{"code":"5110077","prefecture_code":24,"town":"末広町","city_name":"桑名市"},{"code":"5110004","prefecture_code":24,"town":"住吉町","city_name":"桑名市"},{"code":"5110011","prefecture_code":24,"town":"船馬町","city_name":"桑名市"},{"code":"5110078","prefecture_code":24,"town":"桑栄町","city_name":"桑名市"},{"code":"5110041","prefecture_code":24,"town":"外堀","city_name":"桑名市"},{"code":"5110065","prefecture_code":24,"town":"大央町","city_name":"桑名市"},{"code":"5110005","prefecture_code":24,"town":"太一丸","city_name":"桑名市"},{"code":"5110834","prefecture_code":24,"town":"大福","city_name":"桑名市"},{"code":"5110843","prefecture_code":24,"town":"太平町","city_name":"桑名市"},{"code":"5110818","prefecture_code":24,"town":"高塚町","city_name":"桑名市"},{"code":"5110828","prefecture_code":24,"town":"立花町","city_name":"桑名市"},{"code":"5110842","prefecture_code":24,"town":"立田町","city_name":"桑名市"},{"code":"5110124","prefecture_code":24,"town":"多度町猪飼","city_name":"桑名市"},{"code":"5110116","prefecture_code":24,"town":"多度町大鳥居","city_name":"桑名市"},{"code":"5110105","prefecture_code":24,"town":"多度町小山","city_name":"桑名市"},{"code":"5110107","prefecture_code":24,"town":"多度町小山台","city_name":"桑名市"},{"code":"5110102","prefecture_code":24,"town":"多度町香取","city_name":"桑名市"},{"code":"5110113","prefecture_code":24,"town":"多度町上之郷","city_name":"桑名市"},{"code":"5110123","prefecture_code":24,"town":"多度町北猪飼","city_name":"桑名市"},{"code":"5110122","prefecture_code":24,"town":"多度町古野","city_name":"桑名市"},{"code":"5110117","prefecture_code":24,"town":"多度町下野代","city_name":"桑名市"},{"code":"5110106","prefecture_code":24,"town":"多度町多度","city_name":"桑名市"},{"code":"5110125","prefecture_code":24,"town":"多度町力尾","city_name":"桑名市"},{"code":"5110103","prefecture_code":24,"town":"多度町戸津","city_name":"桑名市"},{"code":"5110114","prefecture_code":24,"town":"多度町中須","city_name":"桑名市"},{"code":"5110104","prefecture_code":24,"town":"多度町肱江","city_name":"桑名市"},{"code":"5110111","prefecture_code":24,"town":"多度町平古","city_name":"桑名市"},{"code":"5110121","prefecture_code":24,"town":"多度町美鹿","city_name":"桑名市"},{"code":"5110112","prefecture_code":24,"town":"多度町福永","city_name":"桑名市"},{"code":"5110118","prefecture_code":24,"town":"多度町御衣野","city_name":"桑名市"},{"code":"5110115","prefecture_code":24,"town":"多度町南之郷","city_name":"桑名市"},{"code":"5110101","prefecture_code":24,"town":"多度町柚井","city_name":"桑名市"},{"code":"5110089","prefecture_code":24,"town":"田町","city_name":"桑名市"},{"code":"5110826","prefecture_code":24,"town":"太夫","city_name":"桑名市"},{"code":"5110068","prefecture_code":24,"town":"中央町","city_name":"桑名市"},{"code":"5110058","prefecture_code":24,"town":"千代田町","city_name":"桑名市"},{"code":"5110945","prefecture_code":24,"town":"筑紫","city_name":"桑名市"},{"code":"5110901","prefecture_code":24,"town":"筒尾","city_name":"桑名市"},{"code":"5110072","prefecture_code":24,"town":"堤原","city_name":"桑名市"},{"code":"5110045","prefecture_code":24,"town":"伝馬町","city_name":"桑名市"},{"code":"5110062","prefecture_code":24,"town":"常盤町","city_name":"桑名市"},{"code":"5110015","prefecture_code":24,"town":"殿町","city_name":"桑名市"},{"code":"5110938","prefecture_code":24,"town":"友村","city_name":"桑名市"},{"code":"5111131","prefecture_code":24,"town":"長島町赤地","city_name":"桑名市"},{"code":"5111135","prefecture_code":24,"town":"長島町浦安","city_name":"桑名市"},{"code":"5111112","prefecture_code":24,"town":"長島町大倉","city_name":"桑名市"},{"code":"5111145","prefecture_code":24,"town":"長島町大島","city_name":"桑名市"},{"code":"5111113","prefecture_code":24,"town":"長島町押付","city_name":"桑名市"},{"code":"5111123","prefecture_code":24,"town":"長島町鎌ケ地","city_name":"桑名市"},{"code":"5111107","prefecture_code":24,"town":"長島町上坂手","city_name":"桑名市"},{"code":"5111148","prefecture_code":24,"town":"長島町北殿名","city_name":"桑名市"},{"code":"5111125","prefecture_code":24,"town":"長島町源部外面","city_name":"桑名市"},{"code":"5111104","prefecture_code":24,"town":"長島町高座","city_name":"桑名市"},{"code":"5111111","prefecture_code":24,"town":"長島町小島","city_name":"桑名市"},{"code":"5111144","prefecture_code":24,"town":"長島町駒江","city_name":"桑名市"},{"code":"5111106","prefecture_code":24,"town":"長島町下坂手","city_name":"桑名市"},{"code":"5111101","prefecture_code":24,"town":"長島町新所","city_name":"桑名市"},{"code":"5111108","prefecture_code":24,"town":"長島町杉江","city_name":"桑名市"},{"code":"5111105","prefecture_code":24,"town":"長島町千倉","city_name":"桑名市"},{"code":"5111142","prefecture_code":24,"town":"長島町出口","city_name":"桑名市"},{"code":"5111146","prefecture_code":24,"town":"長島町十日外面","city_name":"桑名市"},{"code":"5111127","prefecture_code":24,"town":"長島町殿名","city_name":"桑名市"},{"code":"5111103","prefecture_code":24,"town":"長島町中川","city_name":"桑名市"},{"code":"5111116","prefecture_code":24,"town":"長島町長島萱町","city_name":"桑名市"},{"code":"5111114","prefecture_code":24,"town":"長島町長島下町","city_name":"桑名市"},{"code":"5111115","prefecture_code":24,"town":"長島町長島中町","city_name":"桑名市"},{"code":"5111102","prefecture_code":24,"town":"長島町西川","city_name":"桑名市"},{"code":"5111143","prefecture_code":24,"town":"長島町西外面","city_name":"桑名市"},{"code":"5111149","prefecture_code":24,"town":"長島町西外面市街","city_name":"桑名市"},{"code":"5111136","prefecture_code":24,"town":"長島町白鶏","city_name":"桑名市"},{"code":"5111121","prefecture_code":24,"town":"長島町東殿名","city_name":"桑名市"},{"code":"5111147","prefecture_code":24,"town":"長島町平方","city_name":"桑名市"},{"code":"5111132","prefecture_code":24,"town":"長島町福豊","city_name":"桑名市"},{"code":"5111137","prefecture_code":24,"town":"長島町福吉","city_name":"桑名市"},{"code":"5111126","prefecture_code":24,"town":"長島町又木","city_name":"桑名市"},{"code":"5111128","prefecture_code":24,"town":"長島町又木市街","city_name":"桑名市"},{"code":"5111134","prefecture_code":24,"town":"長島町松蔭","city_name":"桑名市"},{"code":"5111122","prefecture_code":24,"town":"長島町松ケ島","city_name":"桑名市"},{"code":"5111109","prefecture_code":24,"town":"長島町松之木","city_name":"桑名市"},{"code":"5111141","prefecture_code":24,"town":"長島町間々","city_name":"桑名市"},{"code":"5111133","prefecture_code":24,"town":"長島町横満蔵","city_name":"桑名市"},{"code":"5111124","prefecture_code":24,"town":"長島町葭ケ須","city_name":"桑名市"},{"code":"5110914","prefecture_code":24,"town":"中山町","city_name":"桑名市"},{"code":"5110864","prefecture_code":24,"town":"西方","city_name":"桑名市"},{"code":"5110922","prefecture_code":24,"town":"西金井","city_name":"桑名市"},{"code":"5110933","prefecture_code":24,"town":"西正和台","city_name":"桑名市"},{"code":"5110054","prefecture_code":24,"town":"西鍋屋町","city_name":"桑名市"},{"code":"5110851","prefecture_code":24,"town":"西別所","city_name":"桑名市"},{"code":"5110056","prefecture_code":24,"town":"西矢田町","city_name":"桑名市"},{"code":"5110807","prefecture_code":24,"town":"西汰上","city_name":"桑名市"},{"code":"5110911","prefecture_code":24,"town":"額田","city_name":"桑名市"},{"code":"5110904","prefecture_code":24,"town":"野田","city_name":"桑名市"},{"code":"5110931","prefecture_code":24,"town":"能部","city_name":"桑名市"},{"code":"5110944","prefecture_code":24,"town":"芳ケ崎","city_name":"桑名市"},{"code":"5110008","prefecture_code":24,"town":"蓮見町","city_name":"桑名市"},{"code":"5110076","prefecture_code":24,"town":"八間通","city_name":"桑名市"},{"code":"5110049","prefecture_code":24,"town":"八幡町","city_name":"桑名市"},{"code":"5110862","prefecture_code":24,"town":"播磨","city_name":"桑名市"},{"code":"5110852","prefecture_code":24,"town":"稗田","city_name":"桑名市"},{"code":"5110811","prefecture_code":24,"town":"東方","city_name":"桑名市"},{"code":"5110921","prefecture_code":24,"town":"東金井","city_name":"桑名市"},{"code":"5110932","prefecture_code":24,"town":"東正和台","city_name":"桑名市"},{"code":"5110003","prefecture_code":24,"town":"東太一丸","city_name":"桑名市"},{"code":"5110053","prefecture_code":24,"town":"東鍋屋町","city_name":"桑名市"},{"code":"5110035","prefecture_code":24,"town":"東野","city_name":"桑名市"},{"code":"5110055","prefecture_code":24,"town":"東矢田町","city_name":"桑名市"},{"code":"5110806","prefecture_code":24,"town":"東汰上","city_name":"桑名市"},{"code":"5110867","prefecture_code":24,"town":"陽だまりの丘","city_name":"桑名市"},{"code":"5110942","prefecture_code":24,"town":"広見ケ丘","city_name":"桑名市"},{"code":"5110803","prefecture_code":24,"town":"枇杷島台","city_name":"桑名市"},{"code":"5110805","prefecture_code":24,"town":"深谷町","city_name":"桑名市"},{"code":"5110847","prefecture_code":24,"town":"福江","city_name":"桑名市"},{"code":"5110833","prefecture_code":24,"town":"福江町","city_name":"桑名市"},{"code":"5110844","prefecture_code":24,"town":"福岡町","city_name":"桑名市"},{"code":"5110002","prefecture_code":24,"town":"福島","city_name":"桑名市"},{"code":"5110027","prefecture_code":24,"town":"福島新町","city_name":"桑名市"},{"code":"5110845","prefecture_code":24,"town":"福地","city_name":"桑名市"},{"code":"5110865","prefecture_code":24,"town":"藤が丘","city_name":"桑名市"},{"code":"5110025","prefecture_code":24,"town":"風呂町","city_name":"桑名市"},{"code":"5110013","prefecture_code":24,"town":"宝殿町","city_name":"桑名市"},{"code":"5110912","prefecture_code":24,"town":"星川","city_name":"桑名市"},{"code":"5110912","prefecture_code":24,"town":"星見ケ丘","city_name":"桑名市"},{"code":"5110835","prefecture_code":24,"town":"本願寺","city_name":"桑名市"},{"code":"5110023","prefecture_code":24,"town":"本町","city_name":"桑名市"},{"code":"5110831","prefecture_code":24,"town":"益生町","city_name":"桑名市"},{"code":"5110853","prefecture_code":24,"town":"増田","city_name":"桑名市"},{"code":"5110814","prefecture_code":24,"town":"松並町","city_name":"桑名市"},{"code":"5110902","prefecture_code":24,"town":"松ノ木","city_name":"桑名市"},{"code":"5110014","prefecture_code":24,"town":"三崎通","city_name":"桑名市"},{"code":"5110057","prefecture_code":24,"town":"三ツ矢橋","city_name":"桑名市"},{"code":"5110088","prefecture_code":24,"town":"南魚町","city_name":"桑名市"},{"code":"5110074","prefecture_code":24,"town":"南寺町","city_name":"桑名市"},{"code":"5110082","prefecture_code":24,"town":"宮通","city_name":"桑名市"},{"code":"5110026","prefecture_code":24,"town":"宮町","city_name":"桑名市"},{"code":"5110823","prefecture_code":24,"town":"明正町","city_name":"桑名市"},{"code":"5110037","prefecture_code":24,"town":"元赤須賀","city_name":"桑名市"},{"code":"5110943","prefecture_code":24,"town":"森忠","city_name":"桑名市"},{"code":"5110839","prefecture_code":24,"town":"安永","city_name":"桑名市"},{"code":"5110821","prefecture_code":24,"town":"矢田","city_name":"桑名市"},{"code":"5110051","prefecture_code":24,"town":"矢田磧","city_name":"桑名市"},{"code":"5110042","prefecture_code":24,"town":"柳原","city_name":"桑名市"},{"code":"5110079","prefecture_code":24,"town":"有楽町","city_name":"桑名市"},{"code":"5110032","prefecture_code":24,"town":"吉之丸","city_name":"桑名市"},{"code":"5110087","prefecture_code":24,"town":"吉津屋町","city_name":"桑名市"},{"code":"5110854","prefecture_code":24,"town":"蓮花寺","city_name":"桑名市"},{"code":"5110200","prefecture_code":24,"town":"","city_name":"いなべ市"},{"code":"5110204","prefecture_code":24,"town":"員弁町石仏","city_name":"いなべ市"},{"code":"5110201","prefecture_code":24,"town":"員弁町市之原","city_name":"いなべ市"},{"code":"5110206","prefecture_code":24,"town":"員弁町宇野","city_name":"いなべ市"},{"code":"5110224","prefecture_code":24,"town":"員弁町大泉","city_name":"いなべ市"},{"code":"5110217","prefecture_code":24,"town":"員弁町大泉新田","city_name":"いなべ市"},{"code":"5110214","prefecture_code":24,"town":"員弁町岡丁田","city_name":"いなべ市"},{"code":"5110205","prefecture_code":24,"town":"員弁町笠田新田","city_name":"いなべ市"},{"code":"5110207","prefecture_code":24,"town":"員弁町上笠田","city_name":"いなべ市"},{"code":"5110223","prefecture_code":24,"town":"員弁町北金井","city_name":"いなべ市"},{"code":"5110213","prefecture_code":24,"town":"員弁町暮明","city_name":"いなべ市"},{"code":"5110221","prefecture_code":24,"town":"員弁町下笠田","city_name":"いなべ市"},{"code":"5110202","prefecture_code":24,"town":"員弁町楚原","city_name":"いなべ市"},{"code":"5110225","prefecture_code":24,"town":"員弁町西方","city_name":"いなべ市"},{"code":"5110203","prefecture_code":24,"town":"員弁町畑新田","city_name":"いなべ市"},{"code":"5110208","prefecture_code":24,"town":"員弁町坂東新田","city_name":"いなべ市"},{"code":"5110215","prefecture_code":24,"town":"員弁町東一色","city_name":"いなべ市"},{"code":"5110212","prefecture_code":24,"town":"員弁町平古","city_name":"いなべ市"},{"code":"5110211","prefecture_code":24,"town":"員弁町松名新田","city_name":"いなべ市"},{"code":"5110216","prefecture_code":24,"town":"員弁町松之木","city_name":"いなべ市"},{"code":"5110222","prefecture_code":24,"town":"員弁町御薗","city_name":"いなべ市"},{"code":"5110267","prefecture_code":24,"town":"大安町石榑北山","city_name":"いなべ市"},{"code":"5110276","prefecture_code":24,"town":"大安町石榑下","city_name":"いなべ市"},{"code":"5110264","prefecture_code":24,"town":"大安町石榑東","city_name":"いなべ市"},{"code":"5110266","prefecture_code":24,"town":"大安町石榑南","city_name":"いなべ市"},{"code":"5110265","prefecture_code":24,"town":"大安町石榑北","city_name":"いなべ市"},{"code":"5110286","prefecture_code":24,"town":"大安町宇賀","city_name":"いなべ市"},{"code":"5110285","prefecture_code":24,"town":"大安町宇賀新田","city_name":"いなべ市"},{"code":"5110284","prefecture_code":24,"town":"大安町梅戸","city_name":"いなべ市"},{"code":"5110282","prefecture_code":24,"town":"大安町大泉","city_name":"いなべ市"},{"code":"5110274","prefecture_code":24,"town":"大安町大井田","city_name":"いなべ市"},{"code":"5110271","prefecture_code":24,"town":"大安町片樋","city_name":"いなべ市"},{"code":"5110272","prefecture_code":24,"town":"大安町高柳","city_name":"いなべ市"},{"code":"5110287","prefecture_code":24,"town":"大安町中央ケ丘","city_name":"いなべ市"},{"code":"5110275","prefecture_code":24,"town":"大安町鍋坂","city_name":"いなべ市"},{"code":"5110261","prefecture_code":24,"town":"大安町丹生川上","city_name":"いなべ市"},{"code":"5110262","prefecture_code":24,"town":"大安町丹生川中","city_name":"いなべ市"},{"code":"5110263","prefecture_code":24,"town":"大安町丹生川久下","city_name":"いなべ市"},{"code":"5110273","prefecture_code":24,"town":"大安町平塚","city_name":"いなべ市"},{"code":"5110283","prefecture_code":24,"town":"大安町南金井","city_name":"いなべ市"},{"code":"5110281","prefecture_code":24,"town":"大安町門前","city_name":"いなべ市"},{"code":"5110514","prefecture_code":24,"town":"藤原町石川","city_name":"いなべ市"},{"code":"5110511","prefecture_code":24,"town":"藤原町市場","city_name":"いなべ市"},{"code":"5110507","prefecture_code":24,"town":"藤原町上之山田","city_name":"いなべ市"},{"code":"5110517","prefecture_code":24,"town":"藤原町大貝戸","city_name":"いなべ市"},{"code":"5110501","prefecture_code":24,"town":"藤原町鼎","city_name":"いなべ市"},{"code":"5110502","prefecture_code":24,"town":"藤原町上相場","city_name":"いなべ市"},{"code":"5110504","prefecture_code":24,"town":"藤原町川合","city_name":"いなべ市"},{"code":"5110518","prefecture_code":24,"town":"藤原町坂本","city_name":"いなべ市"},{"code":"5110522","prefecture_code":24,"town":"藤原町篠立","city_name":"いなべ市"},{"code":"5110503","prefecture_code":24,"town":"藤原町下相場","city_name":"いなべ市"},{"code":"5110513","prefecture_code":24,"town":"藤原町下野尻","city_name":"いなべ市"},{"code":"5110512","prefecture_code":24,"town":"藤原町志礼石新田","city_name":"いなべ市"},{"code":"5110515","prefecture_code":24,"town":"藤原町東禅寺","city_name":"いなべ市"},{"code":"5110506","prefecture_code":24,"town":"藤原町長尾","city_name":"いなべ市"},{"code":"5110516","prefecture_code":24,"town":"藤原町西野尻","city_name":"いなべ市"},{"code":"5110505","prefecture_code":24,"town":"藤原町日内","city_name":"いなべ市"},{"code":"5110508","prefecture_code":24,"town":"藤原町藤ケ丘","city_name":"いなべ市"},{"code":"5110521","prefecture_code":24,"town":"藤原町古田","city_name":"いなべ市"},{"code":"5110519","prefecture_code":24,"town":"藤原町別名","city_name":"いなべ市"},{"code":"5110523","prefecture_code":24,"town":"藤原町本郷","city_name":"いなべ市"},{"code":"5110524","prefecture_code":24,"town":"藤原町山口","city_name":"いなべ市"},{"code":"5110428","prefecture_code":24,"town":"北勢町阿下喜","city_name":"いなべ市"},{"code":"5110416","prefecture_code":24,"town":"北勢町飯倉","city_name":"いなべ市"},{"code":"5110427","prefecture_code":24,"town":"北勢町麻生田","city_name":"いなべ市"},{"code":"5110425","prefecture_code":24,"town":"北勢町大辻新田","city_name":"いなべ市"},{"code":"5110435","prefecture_code":24,"town":"北勢町奥村","city_name":"いなべ市"},{"code":"5110437","prefecture_code":24,"town":"北勢町垣内","city_name":"いなべ市"},{"code":"5110401","prefecture_code":24,"town":"北勢町川原","city_name":"いなべ市"},{"code":"5110422","prefecture_code":24,"town":"北勢町北中津原","city_name":"いなべ市"},{"code":"5110411","prefecture_code":24,"town":"北勢町京ケ野新田","city_name":"いなべ市"},{"code":"5110404","prefecture_code":24,"town":"北勢町小原一色","city_name":"いなべ市"},{"code":"5110406","prefecture_code":24,"town":"北勢町塩崎","city_name":"いなべ市"},{"code":"5110418","prefecture_code":24,"town":"北勢町下平","city_name":"いなべ市"},{"code":"5110436","prefecture_code":24,"town":"北勢町新町","city_name":"いなべ市"},{"code":"5110417","prefecture_code":24,"town":"北勢町瀬木","city_name":"いなべ市"},{"code":"5110402","prefecture_code":24,"town":"北勢町千司久連新田","city_name":"いなべ市"},{"code":"5110426","prefecture_code":24,"town":"北勢町其原","city_name":"いなべ市"},{"code":"5110405","prefecture_code":24,"town":"北勢町田辺","city_name":"いなべ市"},{"code":"5110421","prefecture_code":24,"town":"北勢町皷","city_name":"いなべ市"},{"code":"5110433","prefecture_code":24,"town":"北勢町中山","city_name":"いなべ市"},{"code":"5110414","prefecture_code":24,"town":"北勢町西貝野","city_name":"いなべ市"},{"code":"5110403","prefecture_code":24,"town":"北勢町二之瀬","city_name":"いなべ市"},{"code":"5110413","prefecture_code":24,"town":"北勢町畑毛","city_name":"いなべ市"},{"code":"5110438","prefecture_code":24,"town":"北勢町治田外面","city_name":"いなべ市"},{"code":"5110415","prefecture_code":24,"town":"北勢町東貝野","city_name":"いなべ市"},{"code":"5110432","prefecture_code":24,"town":"北勢町東村","city_name":"いなべ市"},{"code":"5110423","prefecture_code":24,"town":"北勢町平野新田","city_name":"いなべ市"},{"code":"5110434","prefecture_code":24,"town":"北勢町麓村","city_name":"いなべ市"},{"code":"5110431","prefecture_code":24,"town":"北勢町別名","city_name":"いなべ市"},{"code":"5110424","prefecture_code":24,"town":"北勢町南中津原","city_name":"いなべ市"},{"code":"5110412","prefecture_code":24,"town":"北勢町向平","city_name":"いなべ市"},{"code":"5110200","prefecture_code":24,"town":"","city_name":"員弁郡東員町"},{"code":"5110243","prefecture_code":24,"town":"穴太","city_name":"員弁郡東員町"},{"code":"5110244","prefecture_code":24,"town":"大木","city_name":"員弁郡東員町"},{"code":"5110257","prefecture_code":24,"town":"北大社","city_name":"員弁郡東員町"},{"code":"5110251","prefecture_code":24,"town":"北山田","city_name":"員弁郡東員町"},{"code":"5110232","prefecture_code":24,"town":"笹尾東","city_name":"員弁郡東員町"},{"code":"5110231","prefecture_code":24,"town":"笹尾西","city_name":"員弁郡東員町"},{"code":"5110233","prefecture_code":24,"town":"城山","city_name":"員弁郡東員町"},{"code":"5110252","prefecture_code":24,"town":"瀬古泉","city_name":"員弁郡東員町"},{"code":"5110253","prefecture_code":24,"town":"筑紫","city_name":"員弁郡東員町"},{"code":"5110241","prefecture_code":24,"town":"鳥取","city_name":"員弁郡東員町"},{"code":"5110254","prefecture_code":24,"town":"中上","city_name":"員弁郡東員町"},{"code":"5110255","prefecture_code":24,"town":"長深","city_name":"員弁郡東員町"},{"code":"5110245","prefecture_code":24,"town":"八幡新田","city_name":"員弁郡東員町"},{"code":"5110256","prefecture_code":24,"town":"南大社","city_name":"員弁郡東員町"},{"code":"5110251","prefecture_code":24,"town":"山田","city_name":"員弁郡東員町"},{"code":"5110242","prefecture_code":24,"town":"六把野新田","city_name":"員弁郡東員町"}]
