[{"code":"5128046","prefecture_code":24,"town":"あかつき台","city_name":"四日市市"},{"code":"5121202","prefecture_code":24,"town":"あがたが丘","city_name":"四日市市"},{"code":"5121204","prefecture_code":24,"town":"赤水町","city_name":"四日市市"},{"code":"5128055","prefecture_code":24,"town":"あさけが丘","city_name":"四日市市"},{"code":"5128054","prefecture_code":24,"town":"朝明町","city_name":"四日市市"},{"code":"5120911","prefecture_code":24,"town":"生桑町","city_name":"四日市市"},{"code":"5128066","prefecture_code":24,"town":"伊坂台","city_name":"四日市市"},{"code":"5128064","prefecture_code":24,"town":"伊坂町","city_name":"四日市市"},{"code":"5121302","prefecture_code":24,"town":"市場町","city_name":"四日市市"},{"code":"5120931","prefecture_code":24,"town":"浮橋","city_name":"四日市市"},{"code":"5121101","prefecture_code":24,"town":"内山町","city_name":"四日市市"},{"code":"5121206","prefecture_code":24,"town":"江村町","city_name":"四日市市"},{"code":"5121216","prefecture_code":24,"town":"桜花台","city_name":"四日市市"},{"code":"5128053","prefecture_code":24,"town":"大鐘町","city_name":"四日市市"},{"code":"5120901","prefecture_code":24,"town":"大谷台","city_name":"四日市市"},{"code":"5120921","prefecture_code":24,"town":"尾平町","city_name":"四日市市"},{"code":"5121102","prefecture_code":24,"town":"小山町","city_name":"四日市市"},{"code":"5121201","prefecture_code":24,"town":"上海老町","city_name":"四日市市"},{"code":"5128045","prefecture_code":24,"town":"萱生町","city_name":"四日市市"},{"code":"5120935","prefecture_code":24,"town":"川島新町","city_name":"四日市市"},{"code":"5120934","prefecture_code":24,"town":"川島町","city_name":"四日市市"},{"code":"5121208","prefecture_code":24,"town":"北野町","city_name":"四日市市"},{"code":"5128051","prefecture_code":24,"town":"北山町","city_name":"四日市市"},{"code":"5121207","prefecture_code":24,"town":"黒田町","city_name":"四日市市"},{"code":"5128062","prefecture_code":24,"town":"黄金町","city_name":"四日市市"},{"code":"5120903","prefecture_code":24,"town":"小杉新町","city_name":"四日市市"},{"code":"5120902","prefecture_code":24,"town":"小杉町","city_name":"四日市市"},{"code":"5121303","prefecture_code":24,"town":"小牧町","city_name":"四日市市"},{"code":"5120932","prefecture_code":24,"town":"小生町","city_name":"四日市市"},{"code":"5120905","prefecture_code":24,"town":"坂部が丘","city_name":"四日市市"},{"code":"5120908","prefecture_code":24,"town":"坂部台","city_name":"四日市市"},{"code":"5121215","prefecture_code":24,"town":"桜新町","city_name":"四日市市"},{"code":"5121214","prefecture_code":24,"town":"桜台","city_name":"四日市市"},{"code":"5121213","prefecture_code":24,"town":"桜台本町","city_name":"四日市市"},{"code":"5121211","prefecture_code":24,"town":"桜町","city_name":"四日市市"},{"code":"5128056","prefecture_code":24,"town":"札場町","city_name":"四日市市"},{"code":"5121113","prefecture_code":24,"town":"鹿間町","city_name":"四日市市"},{"code":"5121203","prefecture_code":24,"town":"下海老町","city_name":"四日市市"},{"code":"5121105","prefecture_code":24,"town":"水沢町","city_name":"四日市市"},{"code":"5120301","prefecture_code":24,"town":"水沢野田町","city_name":"四日市市"},{"code":"5120925","prefecture_code":24,"town":"菅原町","city_name":"四日市市"},{"code":"5120922","prefecture_code":24,"town":"曽井町","city_name":"四日市市"},{"code":"5120923","prefecture_code":24,"town":"高角町","city_name":"四日市市"},{"code":"5121301","prefecture_code":24,"town":"高見台","city_name":"四日市市"},{"code":"5121212","prefecture_code":24,"town":"智積町","city_name":"四日市市"},{"code":"5128065","prefecture_code":24,"town":"千代田町","city_name":"四日市市"},{"code":"5120924","prefecture_code":24,"town":"寺方町","city_name":"四日市市"},{"code":"5121115","prefecture_code":24,"town":"堂ケ山町","city_name":"四日市市"},{"code":"5121304","prefecture_code":24,"town":"中野町","city_name":"四日市市"},{"code":"5128044","prefecture_code":24,"town":"中村町","city_name":"四日市市"},{"code":"5128052","prefecture_code":24,"town":"西大鐘町","city_name":"四日市市"},{"code":"5120913","prefecture_code":24,"town":"西坂部町","city_name":"四日市市"},{"code":"5121305","prefecture_code":24,"town":"西村町","city_name":"四日市市"},{"code":"5121103","prefecture_code":24,"town":"西山町","city_name":"四日市市"},{"code":"5120907","prefecture_code":24,"town":"東ケ谷","city_name":"四日市市"},{"code":"5120904","prefecture_code":24,"town":"東坂部町","city_name":"四日市市"},{"code":"5121205","prefecture_code":24,"town":"平尾町","city_name":"四日市市"},{"code":"5128061","prefecture_code":24,"town":"広永町","city_name":"四日市市"},{"code":"5128043","prefecture_code":24,"town":"平津新町","city_name":"四日市市"},{"code":"5128042","prefecture_code":24,"town":"平津町","city_name":"四日市市"},{"code":"5120936","prefecture_code":24,"town":"別山","city_name":"四日市市"},{"code":"5121306","prefecture_code":24,"town":"まきの木台","city_name":"四日市市"},{"code":"5120912","prefecture_code":24,"town":"三重","city_name":"四日市市"},{"code":"5121104","prefecture_code":24,"town":"美里町","city_name":"四日市市"},{"code":"5120933","prefecture_code":24,"town":"三滝台","city_name":"四日市市"},{"code":"5120914","prefecture_code":24,"town":"南坂部町","city_name":"四日市市"},{"code":"5128047","prefecture_code":24,"town":"八千代台","city_name":"四日市市"},{"code":"5128041","prefecture_code":24,"town":"山分町","city_name":"四日市市"},{"code":"5128048","prefecture_code":24,"town":"山城町","city_name":"四日市市"},{"code":"5121111","prefecture_code":24,"town":"山田町","city_name":"四日市市"},{"code":"5120906","prefecture_code":24,"town":"山之一色町","city_name":"四日市市"},{"code":"5128063","prefecture_code":24,"town":"山村町","city_name":"四日市市"},{"code":"5121116","prefecture_code":24,"town":"六名町","city_name":"四日市市"},{"code":"5121114","prefecture_code":24,"town":"和無田町","city_name":"四日市市"}]
