[{"code":"5170081","prefecture_code":24,"town":"朝熊町","city_name":"伊勢市"},{"code":"5170000","prefecture_code":24,"town":"","city_name":"鳥羽市"},{"code":"5170033","prefecture_code":24,"town":"畔蛸町","city_name":"鳥羽市"},{"code":"5170021","prefecture_code":24,"town":"安楽島町","city_name":"鳥羽市"},{"code":"5170012","prefecture_code":24,"town":"池上町","city_name":"鳥羽市"},{"code":"5170026","prefecture_code":24,"town":"石鏡町","city_name":"鳥羽市"},{"code":"5170041","prefecture_code":24,"town":"岩倉町","city_name":"鳥羽市"},{"code":"5170025","prefecture_code":24,"town":"浦村町","city_name":"鳥羽市"},{"code":"5170022","prefecture_code":24,"town":"大明東町","city_name":"鳥羽市"},{"code":"5170023","prefecture_code":24,"town":"大明西町","city_name":"鳥羽市"},{"code":"5170032","prefecture_code":24,"town":"相差町","city_name":"鳥羽市"},{"code":"5170015","prefecture_code":24,"town":"小浜町","city_name":"鳥羽市"},{"code":"5170014","prefecture_code":24,"town":"堅神町","city_name":"鳥羽市"},{"code":"5170035","prefecture_code":24,"town":"堅子町","city_name":"鳥羽市"},{"code":"5170001","prefecture_code":24,"town":"神島町","city_name":"鳥羽市"},{"code":"5170031","prefecture_code":24,"town":"国崎町","city_name":"鳥羽市"},{"code":"5170044","prefecture_code":24,"town":"河内町","city_name":"鳥羽市"},{"code":"5170005","prefecture_code":24,"town":"坂手町","city_name":"鳥羽市"},{"code":"5170046","prefecture_code":24,"town":"幸丘","city_name":"鳥羽市"},{"code":"5170043","prefecture_code":24,"town":"白木町","city_name":"鳥羽市"},{"code":"5170004","prefecture_code":24,"town":"菅島町","city_name":"鳥羽市"},{"code":"5170034","prefecture_code":24,"town":"千賀町","city_name":"鳥羽市"},{"code":"5170024","prefecture_code":24,"town":"高丘町","city_name":"鳥羽市"},{"code":"5170002","prefecture_code":24,"town":"答志町","city_name":"鳥羽市"},{"code":"5170011","prefecture_code":24,"town":"鳥羽","city_name":"鳥羽市"},{"code":"5170045","prefecture_code":24,"town":"船津町","city_name":"鳥羽市"},{"code":"5170042","prefecture_code":24,"town":"松尾町","city_name":"鳥羽市"},{"code":"5170003","prefecture_code":24,"town":"桃取町","city_name":"鳥羽市"},{"code":"5170013","prefecture_code":24,"town":"屋内町","city_name":"鳥羽市"},{"code":"5170047","prefecture_code":24,"town":"若杉町","city_name":"鳥羽市"},{"code":"5170500","prefecture_code":24,"town":"","city_name":"志摩市"},{"code":"5170507","prefecture_code":24,"town":"阿児町安乗","city_name":"志摩市"},{"code":"5170501","prefecture_code":24,"town":"阿児町鵜方","city_name":"志摩市"},{"code":"5170506","prefecture_code":24,"town":"阿児町国府","city_name":"志摩市"},{"code":"5170505","prefecture_code":24,"town":"阿児町甲賀","city_name":"志摩市"},{"code":"5170504","prefecture_code":24,"town":"阿児町志島","city_name":"志摩市"},{"code":"5170502","prefecture_code":24,"town":"阿児町神明","city_name":"志摩市"},{"code":"5170503","prefecture_code":24,"town":"阿児町立神","city_name":"志摩市"},{"code":"5170213","prefecture_code":24,"town":"磯部町穴川","city_name":"志摩市"},{"code":"5170206","prefecture_code":24,"town":"磯部町飯浜","city_name":"志摩市"},{"code":"5170209","prefecture_code":24,"town":"磯部町恵利原","city_name":"志摩市"},{"code":"5170208","prefecture_code":24,"town":"磯部町上之郷","city_name":"志摩市"},{"code":"5170202","prefecture_code":24,"town":"磯部町沓掛","city_name":"志摩市"},{"code":"5170216","prefecture_code":24,"town":"磯部町栗木広","city_name":"志摩市"},{"code":"5170201","prefecture_code":24,"town":"磯部町五知","city_name":"志摩市"},{"code":"5170212","prefecture_code":24,"town":"磯部町坂崎","city_name":"志摩市"},{"code":"5170211","prefecture_code":24,"town":"磯部町三ケ所","city_name":"志摩市"},{"code":"5170207","prefecture_code":24,"town":"磯部町下之郷","city_name":"志摩市"},{"code":"5170218","prefecture_code":24,"town":"磯部町築地","city_name":"志摩市"},{"code":"5170214","prefecture_code":24,"town":"磯部町迫間","city_name":"志摩市"},{"code":"5170215","prefecture_code":24,"town":"磯部町檜山","city_name":"志摩市"},{"code":"5170204","prefecture_code":24,"town":"磯部町的矢","city_name":"志摩市"},{"code":"5170203","prefecture_code":24,"town":"磯部町山田","city_name":"志摩市"},{"code":"5170217","prefecture_code":24,"town":"磯部町山原","city_name":"志摩市"},{"code":"5170205","prefecture_code":24,"town":"磯部町渡鹿野","city_name":"志摩市"},{"code":"5170701","prefecture_code":24,"town":"志摩町片田","city_name":"志摩市"},{"code":"5170705","prefecture_code":24,"town":"志摩町御座","city_name":"志摩市"},{"code":"5170704","prefecture_code":24,"town":"志摩町越賀","city_name":"志摩市"},{"code":"5170702","prefecture_code":24,"town":"志摩町布施田","city_name":"志摩市"},{"code":"5170703","prefecture_code":24,"town":"志摩町和具","city_name":"志摩市"},{"code":"5170601","prefecture_code":24,"town":"大王町畔名","city_name":"志摩市"},{"code":"5170603","prefecture_code":24,"town":"大王町波切","city_name":"志摩市"},{"code":"5170602","prefecture_code":24,"town":"大王町名田","city_name":"志摩市"},{"code":"5170604","prefecture_code":24,"town":"大王町船越","city_name":"志摩市"},{"code":"5170402","prefecture_code":24,"town":"浜島町塩屋","city_name":"志摩市"},{"code":"5170405","prefecture_code":24,"town":"浜島町南張","city_name":"志摩市"},{"code":"5170403","prefecture_code":24,"town":"浜島町迫子","city_name":"志摩市"},{"code":"5170404","prefecture_code":24,"town":"浜島町浜島","city_name":"志摩市"},{"code":"5170401","prefecture_code":24,"town":"浜島町桧山路","city_name":"志摩市"}]
