[{"code":"5180400","prefecture_code":24,"town":"","city_name":"名張市"},{"code":"5180468","prefecture_code":24,"town":"赤目町一ノ井","city_name":"名張市"},{"code":"5180464","prefecture_code":24,"town":"赤目町柏原","city_name":"名張市"},{"code":"5180467","prefecture_code":24,"town":"赤目町相楽","city_name":"名張市"},{"code":"5180466","prefecture_code":24,"town":"赤目町新川","city_name":"名張市"},{"code":"5180465","prefecture_code":24,"town":"赤目町丈六","city_name":"名張市"},{"code":"5180461","prefecture_code":24,"town":"赤目町すみれが丘","city_name":"名張市"},{"code":"5180463","prefecture_code":24,"town":"赤目町檀","city_name":"名張市"},{"code":"5180469","prefecture_code":24,"town":"赤目町長坂","city_name":"名張市"},{"code":"5180462","prefecture_code":24,"town":"赤目町星川","city_name":"名張市"},{"code":"5180721","prefecture_code":24,"town":"朝日町","city_name":"名張市"},{"code":"5180737","prefecture_code":24,"town":"安部田","city_name":"名張市"},{"code":"5180607","prefecture_code":24,"town":"家野","city_name":"名張市"},{"code":"5180736","prefecture_code":24,"town":"井手","city_name":"名張市"},{"code":"5180716","prefecture_code":24,"town":"上本町","city_name":"名張市"},{"code":"5180746","prefecture_code":24,"town":"梅が丘北１番町","city_name":"名張市"},{"code":"5180747","prefecture_code":24,"town":"梅が丘北２番町","city_name":"名張市"},{"code":"5180748","prefecture_code":24,"town":"梅が丘北３番町","city_name":"名張市"},{"code":"5180749","prefecture_code":24,"town":"梅が丘北４番町","city_name":"名張市"},{"code":"5180740","prefecture_code":24,"town":"梅が丘北５番町","city_name":"名張市"},{"code":"5180741","prefecture_code":24,"town":"梅が丘南１番町","city_name":"名張市"},{"code":"5180742","prefecture_code":24,"town":"梅が丘南２番町","city_name":"名張市"},{"code":"5180743","prefecture_code":24,"town":"梅が丘南３番町","city_name":"名張市"},{"code":"5180744","prefecture_code":24,"town":"梅が丘南４番町","city_name":"名張市"},{"code":"5180745","prefecture_code":24,"town":"梅が丘南５番町","city_name":"名張市"},{"code":"5180608","prefecture_code":24,"town":"鵜山","city_name":"名張市"},{"code":"5180733","prefecture_code":24,"town":"大屋戸","city_name":"名張市"},{"code":"5180714","prefecture_code":24,"town":"鍛冶町","city_name":"名張市"},{"code":"5180453","prefecture_code":24,"town":"春日丘１番町","city_name":"名張市"},{"code":"5180454","prefecture_code":24,"town":"春日丘２番町","city_name":"名張市"},{"code":"5180455","prefecture_code":24,"town":"春日丘３番町","city_name":"名張市"},{"code":"5180456","prefecture_code":24,"town":"春日丘４番町","city_name":"名張市"},{"code":"5180457","prefecture_code":24,"town":"春日丘５番町","city_name":"名張市"},{"code":"5180458","prefecture_code":24,"town":"春日丘６番町","city_name":"名張市"},{"code":"5180459","prefecture_code":24,"town":"春日丘７番町","city_name":"名張市"},{"code":"5180613","prefecture_code":24,"town":"上小波田","city_name":"名張市"},{"code":"5180502","prefecture_code":24,"town":"上長瀬","city_name":"名張市"},{"code":"5180710","prefecture_code":24,"town":"上八町","city_name":"名張市"},{"code":"5180412","prefecture_code":24,"town":"上比奈知","city_name":"名張市"},{"code":"5180762","prefecture_code":24,"town":"上三谷","city_name":"名張市"},{"code":"5180504","prefecture_code":24,"town":"神屋","city_name":"名張市"},{"code":"5180771","prefecture_code":24,"town":"希央台１番町","city_name":"名張市"},{"code":"5180772","prefecture_code":24,"town":"希央台２番町","city_name":"名張市"},{"code":"5180773","prefecture_code":24,"town":"希央台３番町","city_name":"名張市"},{"code":"5180774","prefecture_code":24,"town":"希央台４番町","city_name":"名張市"},{"code":"5180775","prefecture_code":24,"town":"希央台５番町","city_name":"名張市"},{"code":"5180621","prefecture_code":24,"town":"桔梗が丘１番町","city_name":"名張市"},{"code":"5180622","prefecture_code":24,"town":"桔梗が丘２番町","city_name":"名張市"},{"code":"5180623","prefecture_code":24,"town":"桔梗が丘３番町","city_name":"名張市"},{"code":"5180624","prefecture_code":24,"town":"桔梗が丘４番町","city_name":"名張市"},{"code":"5180625","prefecture_code":24,"town":"桔梗が丘５番町","city_name":"名張市"},{"code":"5180626","prefecture_code":24,"town":"桔梗が丘６番町","city_name":"名張市"},{"code":"5180627","prefecture_code":24,"town":"桔梗が丘７番町","city_name":"名張市"},{"code":"5180628","prefecture_code":24,"town":"桔梗が丘８番町","city_name":"名張市"},{"code":"5180641","prefecture_code":24,"town":"桔梗が丘西１番町","city_name":"名張市"},{"code":"5180642","prefecture_code":24,"town":"桔梗が丘西２番町","city_name":"名張市"},{"code":"5180643","prefecture_code":24,"town":"桔梗が丘西３番町","city_name":"名張市"},{"code":"5180644","prefecture_code":24,"town":"桔梗が丘西４番町","city_name":"名張市"},{"code":"5180645","prefecture_code":24,"town":"桔梗が丘西５番町","city_name":"名張市"},{"code":"5180646","prefecture_code":24,"town":"桔梗が丘西６番町","city_name":"名張市"},{"code":"5180647","prefecture_code":24,"town":"桔梗が丘西７番町","city_name":"名張市"},{"code":"5180631","prefecture_code":24,"town":"桔梗が丘南１番町","city_name":"名張市"},{"code":"5180632","prefecture_code":24,"town":"桔梗が丘南２番町","city_name":"名張市"},{"code":"5180633","prefecture_code":24,"town":"桔梗が丘南３番町","city_name":"名張市"},{"code":"5180634","prefecture_code":24,"town":"桔梗が丘南４番町","city_name":"名張市"},{"code":"5180723","prefecture_code":24,"town":"木屋町","city_name":"名張市"},{"code":"5180607","prefecture_code":24,"town":"葛尾","city_name":"名張市"},{"code":"5180753","prefecture_code":24,"town":"蔵持町里","city_name":"名張市"},{"code":"5180751","prefecture_code":24,"town":"蔵持町芝出","city_name":"名張市"},{"code":"5180752","prefecture_code":24,"town":"蔵持町原出","city_name":"名張市"},{"code":"5180734","prefecture_code":24,"town":"黒田","city_name":"名張市"},{"code":"5180735","prefecture_code":24,"town":"結馬","city_name":"名張市"},{"code":"5180701","prefecture_code":24,"town":"鴻之台１番町","city_name":"名張市"},{"code":"5180702","prefecture_code":24,"town":"鴻之台２番町","city_name":"名張市"},{"code":"5180703","prefecture_code":24,"town":"鴻之台３番町","city_name":"名張市"},{"code":"5180704","prefecture_code":24,"town":"鴻之台４番町","city_name":"名張市"},{"code":"5180705","prefecture_code":24,"town":"鴻之台５番町","city_name":"名張市"},{"code":"5180606","prefecture_code":24,"town":"薦生","city_name":"名張市"},{"code":"5180719","prefecture_code":24,"town":"栄町","city_name":"名張市"},{"code":"5180724","prefecture_code":24,"town":"榊町","city_name":"名張市"},{"code":"5180712","prefecture_code":24,"town":"桜ケ丘","city_name":"名張市"},{"code":"5180604","prefecture_code":24,"town":"さつき台","city_name":"名張市"},{"code":"5180612","prefecture_code":24,"town":"下小波田","city_name":"名張市"},{"code":"5180413","prefecture_code":24,"town":"下比奈知","city_name":"名張市"},{"code":"5180739","prefecture_code":24,"town":"下三谷","city_name":"名張市"},{"code":"5180443","prefecture_code":24,"town":"青蓮寺","city_name":"名張市"},{"code":"5180611","prefecture_code":24,"town":"新田","city_name":"名張市"},{"code":"5180727","prefecture_code":24,"town":"新町","city_name":"名張市"},{"code":"5180406","prefecture_code":24,"town":"すずらん台西１番町","city_name":"名張市"},{"code":"5180407","prefecture_code":24,"town":"すずらん台西２番町","city_name":"名張市"},{"code":"5180408","prefecture_code":24,"town":"すずらん台西３番町","city_name":"名張市"},{"code":"5180409","prefecture_code":24,"town":"すずらん台西４番町","city_name":"名張市"},{"code":"5180401","prefecture_code":24,"town":"すずらん台東１番町","city_name":"名張市"},{"code":"5180402","prefecture_code":24,"town":"すずらん台東２番町","city_name":"名張市"},{"code":"5180403","prefecture_code":24,"town":"すずらん台東３番町","city_name":"名張市"},{"code":"5180404","prefecture_code":24,"town":"すずらん台東４番町","city_name":"名張市"},{"code":"5180405","prefecture_code":24,"town":"すずらん台東５番町","city_name":"名張市"},{"code":"5180445","prefecture_code":24,"town":"瀬古口","city_name":"名張市"},{"code":"5180411","prefecture_code":24,"town":"滝之原","city_name":"名張市"},{"code":"5180431","prefecture_code":24,"town":"つつじが丘北１番町","city_name":"名張市"},{"code":"5180432","prefecture_code":24,"town":"つつじが丘北２番町","city_name":"名張市"},{"code":"5180433","prefecture_code":24,"town":"つつじが丘北３番町","city_name":"名張市"},{"code":"5180434","prefecture_code":24,"town":"つつじが丘北４番町","city_name":"名張市"},{"code":"5180435","prefecture_code":24,"town":"つつじが丘北５番町","city_name":"名張市"},{"code":"5180436","prefecture_code":24,"town":"つつじが丘北６番町","city_name":"名張市"},{"code":"5180437","prefecture_code":24,"town":"つつじが丘北７番町","city_name":"名張市"},{"code":"5180438","prefecture_code":24,"town":"つつじが丘北８番町","city_name":"名張市"},{"code":"5180439","prefecture_code":24,"town":"つつじが丘北９番町","city_name":"名張市"},{"code":"5180430","prefecture_code":24,"town":"つつじが丘北１０番町","city_name":"名張市"},{"code":"5180421","prefecture_code":24,"town":"つつじが丘南１番町","city_name":"名張市"},{"code":"5180422","prefecture_code":24,"town":"つつじが丘南２番町","city_name":"名張市"},{"code":"5180423","prefecture_code":24,"town":"つつじが丘南３番町","city_name":"名張市"},{"code":"5180424","prefecture_code":24,"town":"つつじが丘南４番町","city_name":"名張市"},{"code":"5180425","prefecture_code":24,"town":"つつじが丘南５番町","city_name":"名張市"},{"code":"5180426","prefecture_code":24,"town":"つつじが丘南６番町","city_name":"名張市"},{"code":"5180427","prefecture_code":24,"town":"つつじが丘南７番町","city_name":"名張市"},{"code":"5180428","prefecture_code":24,"town":"つつじが丘南８番町","city_name":"名張市"},{"code":"5180442","prefecture_code":24,"town":"中知山","city_name":"名張市"},{"code":"5180717","prefecture_code":24,"town":"中町","city_name":"名張市"},{"code":"5180505","prefecture_code":24,"town":"奈垣","city_name":"名張市"},{"code":"5180501","prefecture_code":24,"town":"長瀬","city_name":"名張市"},{"code":"5180731","prefecture_code":24,"town":"夏秋","city_name":"名張市"},{"code":"5180441","prefecture_code":24,"town":"夏見","city_name":"名張市"},{"code":"5180609","prefecture_code":24,"town":"西田原","city_name":"名張市"},{"code":"5180603","prefecture_code":24,"town":"西原町","city_name":"名張市"},{"code":"5180602","prefecture_code":24,"town":"東田原","city_name":"名張市"},{"code":"5180711","prefecture_code":24,"town":"東町","city_name":"名張市"},{"code":"5180713","prefecture_code":24,"town":"平尾","city_name":"名張市"},{"code":"5180414","prefecture_code":24,"town":"富貴ケ丘１番町","city_name":"名張市"},{"code":"5180415","prefecture_code":24,"town":"富貴ケ丘２番町","city_name":"名張市"},{"code":"5180416","prefecture_code":24,"town":"富貴ケ丘３番町","city_name":"名張市"},{"code":"5180417","prefecture_code":24,"town":"富貴ケ丘４番町","city_name":"名張市"},{"code":"5180418","prefecture_code":24,"town":"富貴ケ丘５番町","city_name":"名張市"},{"code":"5180419","prefecture_code":24,"town":"富貴ケ丘６番町","city_name":"名張市"},{"code":"5180503","prefecture_code":24,"town":"布生","city_name":"名張市"},{"code":"5180728","prefecture_code":24,"town":"豊後町","city_name":"名張市"},{"code":"5180726","prefecture_code":24,"town":"本町","city_name":"名張市"},{"code":"5180722","prefecture_code":24,"town":"松崎町","city_name":"名張市"},{"code":"5180732","prefecture_code":24,"town":"松原町","city_name":"名張市"},{"code":"5180718","prefecture_code":24,"town":"丸之内","city_name":"名張市"},{"code":"5180738","prefecture_code":24,"town":"短野","city_name":"名張市"},{"code":"5180755","prefecture_code":24,"town":"緑が丘中","city_name":"名張市"},{"code":"5180756","prefecture_code":24,"town":"緑が丘東","city_name":"名張市"},{"code":"5180754","prefecture_code":24,"town":"緑が丘西","city_name":"名張市"},{"code":"5180601","prefecture_code":24,"town":"南古山","city_name":"名張市"},{"code":"5180729","prefecture_code":24,"town":"南町","city_name":"名張市"},{"code":"5180446","prefecture_code":24,"town":"南百合が丘","city_name":"名張市"},{"code":"5180444","prefecture_code":24,"town":"箕曲中村","city_name":"名張市"},{"code":"5180615","prefecture_code":24,"town":"美旗中村","city_name":"名張市"},{"code":"5180614","prefecture_code":24,"town":"美旗町池の台東","city_name":"名張市"},{"code":"5180614","prefecture_code":24,"town":"美旗町池の台西","city_name":"名張市"},{"code":"5180610","prefecture_code":24,"town":"美旗町藤が丘","city_name":"名張市"},{"code":"5180616","prefecture_code":24,"town":"美旗町南西原","city_name":"名張市"},{"code":"5180617","prefecture_code":24,"town":"美旗町中１番","city_name":"名張市"},{"code":"5180618","prefecture_code":24,"town":"美旗町中２番","city_name":"名張市"},{"code":"5180619","prefecture_code":24,"town":"美旗町中３番","city_name":"名張市"},{"code":"5180725","prefecture_code":24,"town":"元町","city_name":"名張市"},{"code":"5180763","prefecture_code":24,"town":"矢川","city_name":"名張市"},{"code":"5180715","prefecture_code":24,"town":"柳原町","city_name":"名張市"},{"code":"5180605","prefecture_code":24,"town":"八幡","city_name":"名張市"},{"code":"5180481","prefecture_code":24,"town":"百合が丘西１番町","city_name":"名張市"},{"code":"5180482","prefecture_code":24,"town":"百合が丘西２番町","city_name":"名張市"},{"code":"5180483","prefecture_code":24,"town":"百合が丘西３番町","city_name":"名張市"},{"code":"5180484","prefecture_code":24,"town":"百合が丘西４番町","city_name":"名張市"},{"code":"5180485","prefecture_code":24,"town":"百合が丘西５番町","city_name":"名張市"},{"code":"5180486","prefecture_code":24,"town":"百合が丘西６番町","city_name":"名張市"},{"code":"5180471","prefecture_code":24,"town":"百合が丘東１番町","city_name":"名張市"},{"code":"5180472","prefecture_code":24,"town":"百合が丘東２番町","city_name":"名張市"},{"code":"5180473","prefecture_code":24,"town":"百合が丘東３番町","city_name":"名張市"},{"code":"5180474","prefecture_code":24,"town":"百合が丘東４番町","city_name":"名張市"},{"code":"5180475","prefecture_code":24,"town":"百合が丘東５番町","city_name":"名張市"},{"code":"5180476","prefecture_code":24,"town":"百合が丘東６番町","city_name":"名張市"},{"code":"5180477","prefecture_code":24,"town":"百合が丘東７番町","city_name":"名張市"},{"code":"5180478","prefecture_code":24,"town":"百合が丘東８番町","city_name":"名張市"},{"code":"5180479","prefecture_code":24,"town":"百合が丘東９番町","city_name":"名張市"},{"code":"5180761","prefecture_code":24,"town":"竜口","city_name":"名張市"},{"code":"5180000","prefecture_code":24,"town":"","city_name":"伊賀市"},{"code":"5180226","prefecture_code":24,"town":"阿保","city_name":"伊賀市"},{"code":"5180227","prefecture_code":24,"town":"青山羽根","city_name":"伊賀市"},{"code":"5180114","prefecture_code":24,"town":"朝日ケ丘町","city_name":"伊賀市"},{"code":"5181316","prefecture_code":24,"town":"阿山ハイツ","city_name":"伊賀市"},{"code":"5180818","prefecture_code":24,"town":"荒木","city_name":"伊賀市"},{"code":"5181323","prefecture_code":24,"town":"石川","city_name":"伊賀市"},{"code":"5180008","prefecture_code":24,"town":"印代","city_name":"伊賀市"},{"code":"5181407","prefecture_code":24,"town":"出後","city_name":"伊賀市"},{"code":"5180205","prefecture_code":24,"town":"伊勢路","city_name":"伊賀市"},{"code":"5180123","prefecture_code":24,"town":"猪田","city_name":"伊賀市"},{"code":"5180003","prefecture_code":24,"town":"一之宮","city_name":"伊賀市"},{"code":"5180102","prefecture_code":24,"town":"市部","city_name":"伊賀市"},{"code":"5180101","prefecture_code":24,"town":"依那具","city_name":"伊賀市"},{"code":"5180026","prefecture_code":24,"town":"岩倉","city_name":"伊賀市"},{"code":"5180859","prefecture_code":24,"town":"上野相生町","city_name":"伊賀市"},{"code":"5180871","prefecture_code":24,"town":"上野赤坂町","city_name":"伊賀市"},{"code":"5180846","prefecture_code":24,"town":"上野愛宕町","city_name":"伊賀市"},{"code":"5180853","prefecture_code":24,"town":"上野池町","city_name":"伊賀市"},{"code":"5180852","prefecture_code":24,"town":"上野伊予町","city_name":"伊賀市"},{"code":"5180865","prefecture_code":24,"town":"上野魚町","city_name":"伊賀市"},{"code":"5180841","prefecture_code":24,"town":"上野恵美須町","city_name":"伊賀市"},{"code":"5180864","prefecture_code":24,"town":"上野鍛冶町","city_name":"伊賀市"},{"code":"5180862","prefecture_code":24,"town":"上野片原町","city_name":"伊賀市"},{"code":"5180838","prefecture_code":24,"town":"上野茅町","city_name":"伊賀市"},{"code":"5180832","prefecture_code":24,"town":"上野車坂町","city_name":"伊賀市"},{"code":"5180842","prefecture_code":24,"town":"上野桑町","city_name":"伊賀市"},{"code":"5180872","prefecture_code":24,"town":"上野玄蕃町","city_name":"伊賀市"},{"code":"5180874","prefecture_code":24,"town":"上野幸坂町","city_name":"伊賀市"},{"code":"5180866","prefecture_code":24,"town":"上野小玉町","city_name":"伊賀市"},{"code":"5180858","prefecture_code":24,"town":"上野紺屋町","city_name":"伊賀市"},{"code":"5180857","prefecture_code":24,"town":"上野三之西町","city_name":"伊賀市"},{"code":"5180854","prefecture_code":24,"town":"上野忍町","city_name":"伊賀市"},{"code":"5180877","prefecture_code":24,"town":"上野下幸坂町","city_name":"伊賀市"},{"code":"5180863","prefecture_code":24,"town":"上野新町","city_name":"伊賀市"},{"code":"5180839","prefecture_code":24,"town":"上野田端町","city_name":"伊賀市"},{"code":"5180847","prefecture_code":24,"town":"上野鉄砲町","city_name":"伊賀市"},{"code":"5180851","prefecture_code":24,"town":"上野寺町","city_name":"伊賀市"},{"code":"5180856","prefecture_code":24,"town":"上野徳居町","city_name":"伊賀市"},{"code":"5180869","prefecture_code":24,"town":"上野中町","city_name":"伊賀市"},{"code":"5180878","prefecture_code":24,"town":"上野西大手町","city_name":"伊賀市"},{"code":"5180848","prefecture_code":24,"town":"上野西日南町","city_name":"伊賀市"},{"code":"5180868","prefecture_code":24,"town":"上野西町","city_name":"伊賀市"},{"code":"5180831","prefecture_code":24,"town":"上野農人町","city_name":"伊賀市"},{"code":"5180849","prefecture_code":24,"town":"上野東日南町","city_name":"伊賀市"},{"code":"5180861","prefecture_code":24,"town":"上野東町","city_name":"伊賀市"},{"code":"5180867","prefecture_code":24,"town":"上野福居町","city_name":"伊賀市"},{"code":"5180873","prefecture_code":24,"town":"上野丸之内","city_name":"伊賀市"},{"code":"5180875","prefecture_code":24,"town":"上野向島町","city_name":"伊賀市"},{"code":"5180855","prefecture_code":24,"town":"上野万町","city_name":"伊賀市"},{"code":"5180112","prefecture_code":24,"town":"上林","city_name":"伊賀市"},{"code":"5181321","prefecture_code":24,"town":"内保","city_name":"伊賀市"},{"code":"5181314","prefecture_code":24,"town":"円徳院","city_name":"伊賀市"},{"code":"5180219","prefecture_code":24,"town":"老川","city_name":"伊賀市"},{"code":"5180034","prefecture_code":24,"town":"大内","city_name":"伊賀市"},{"code":"5181317","prefecture_code":24,"town":"大江","city_name":"伊賀市"},{"code":"5181154","prefecture_code":24,"town":"大滝","city_name":"伊賀市"},{"code":"5180017","prefecture_code":24,"town":"大谷","city_name":"伊賀市"},{"code":"5180033","prefecture_code":24,"town":"大野木","city_name":"伊賀市"},{"code":"5180223","prefecture_code":24,"town":"岡田","city_name":"伊賀市"},{"code":"5180106","prefecture_code":24,"town":"岡波","city_name":"伊賀市"},{"code":"5180103","prefecture_code":24,"town":"沖","city_name":"伊賀市"},{"code":"5180211","prefecture_code":24,"town":"奥鹿野","city_name":"伊賀市"},{"code":"5181427","prefecture_code":24,"town":"奥馬野","city_name":"伊賀市"},{"code":"5180825","prefecture_code":24,"town":"小田町","city_name":"伊賀市"},{"code":"5181324","prefecture_code":24,"town":"音羽","city_name":"伊賀市"},{"code":"5180815","prefecture_code":24,"town":"界外","city_name":"伊賀市"},{"code":"5180122","prefecture_code":24,"town":"笠部","city_name":"伊賀市"},{"code":"5180224","prefecture_code":24,"town":"柏尾","city_name":"伊賀市"},{"code":"5181403","prefecture_code":24,"town":"炊村","city_name":"伊賀市"},{"code":"5181143","prefecture_code":24,"town":"鍛冶屋","city_name":"伊賀市"},{"code":"5180203","prefecture_code":24,"town":"勝地","city_name":"伊賀市"},{"code":"5181153","prefecture_code":24,"town":"桂","city_name":"伊賀市"},{"code":"5181412","prefecture_code":24,"town":"上阿波","city_name":"伊賀市"},{"code":"5180116","prefecture_code":24,"town":"上神戸","city_name":"伊賀市"},{"code":"5180125","prefecture_code":24,"town":"上郡","city_name":"伊賀市"},{"code":"5181303","prefecture_code":24,"town":"上友田","city_name":"伊賀市"},{"code":"5180814","prefecture_code":24,"town":"上友生","city_name":"伊賀市"},{"code":"5180121","prefecture_code":24,"town":"上之庄","city_name":"伊賀市"},{"code":"5181315","prefecture_code":24,"town":"川合","city_name":"伊賀市"},{"code":"5181307","prefecture_code":24,"town":"川合","city_name":"伊賀市"},{"code":"5180218","prefecture_code":24,"town":"川上","city_name":"伊賀市"},{"code":"5181425","prefecture_code":24,"town":"川北","city_name":"伊賀市"},{"code":"5180845","prefecture_code":24,"town":"木興町","city_name":"伊賀市"},{"code":"5180204","prefecture_code":24,"town":"北山","city_name":"伊賀市"},{"code":"5180225","prefecture_code":24,"town":"桐ケ丘","city_name":"伊賀市"},{"code":"5180215","prefecture_code":24,"town":"霧生","city_name":"伊賀市"},{"code":"5180843","prefecture_code":24,"town":"久米町","city_name":"伊賀市"},{"code":"5181147","prefecture_code":24,"town":"蔵縄手","city_name":"伊賀市"},{"code":"5181404","prefecture_code":24,"town":"甲野","city_name":"伊賀市"},{"code":"5180214","prefecture_code":24,"town":"腰山","city_name":"伊賀市"},{"code":"5180809","prefecture_code":24,"town":"西明寺","city_name":"伊賀市"},{"code":"5180108","prefecture_code":24,"town":"才良","city_name":"伊賀市"},{"code":"5181429","prefecture_code":24,"town":"坂下","city_name":"伊賀市"},{"code":"5180012","prefecture_code":24,"town":"坂之下","city_name":"伊賀市"},{"code":"5180001","prefecture_code":24,"town":"佐那具町","city_name":"伊賀市"},{"code":"5180823","prefecture_code":24,"town":"四十九町","city_name":"伊賀市"},{"code":"5180035","prefecture_code":24,"town":"七本木","city_name":"伊賀市"},{"code":"5181416","prefecture_code":24,"town":"下阿波","city_name":"伊賀市"},{"code":"5180206","prefecture_code":24,"town":"下川原","city_name":"伊賀市"},{"code":"5180111","prefecture_code":24,"town":"下神戸","city_name":"伊賀市"},{"code":"5180124","prefecture_code":24,"town":"下郡","city_name":"伊賀市"},{"code":"5181305","prefecture_code":24,"town":"下友田","city_name":"伊賀市"},{"code":"5180817","prefecture_code":24,"town":"下友生","city_name":"伊賀市"},{"code":"5181141","prefecture_code":24,"town":"菖蒲池","city_name":"伊賀市"},{"code":"5181151","prefecture_code":24,"town":"白樫","city_name":"伊賀市"},{"code":"5180104","prefecture_code":24,"town":"摺見","city_name":"伊賀市"},{"code":"5180021","prefecture_code":24,"town":"諏訪","city_name":"伊賀市"},{"code":"5181319","prefecture_code":24,"town":"千貝","city_name":"伊賀市"},{"code":"5180002","prefecture_code":24,"town":"千歳","city_name":"伊賀市"},{"code":"5181401","prefecture_code":24,"town":"千戸","city_name":"伊賀市"},{"code":"5180216","prefecture_code":24,"town":"高尾","city_name":"伊賀市"},{"code":"5180005","prefecture_code":24,"town":"高畑","city_name":"伊賀市"},{"code":"5180812","prefecture_code":24,"town":"高山","city_name":"伊賀市"},{"code":"5180201","prefecture_code":24,"town":"瀧","city_name":"伊賀市"},{"code":"5180217","prefecture_code":24,"town":"種生","city_name":"伊賀市"},{"code":"5181312","prefecture_code":24,"town":"田中","city_name":"伊賀市"},{"code":"5181322","prefecture_code":24,"town":"玉滝","city_name":"伊賀市"},{"code":"5180032","prefecture_code":24,"town":"朝屋","city_name":"伊賀市"},{"code":"5180015","prefecture_code":24,"town":"土橋","city_name":"伊賀市"},{"code":"5180004","prefecture_code":24,"town":"寺田","city_name":"伊賀市"},{"code":"5180222","prefecture_code":24,"town":"寺脇","city_name":"伊賀市"},{"code":"5181424","prefecture_code":24,"town":"富岡","city_name":"伊賀市"},{"code":"5181417","prefecture_code":24,"town":"富永","city_name":"伊賀市"},{"code":"5180011","prefecture_code":24,"town":"外山","city_name":"伊賀市"},{"code":"5180822","prefecture_code":24,"town":"問屋町","city_name":"伊賀市"},{"code":"5180031","prefecture_code":24,"town":"長田","city_name":"伊賀市"},{"code":"5181304","prefecture_code":24,"town":"中友田","city_name":"伊賀市"},{"code":"5180816","prefecture_code":24,"town":"中友生","city_name":"伊賀市"},{"code":"5181428","prefecture_code":24,"town":"中馬野","city_name":"伊賀市"},{"code":"5181406","prefecture_code":24,"town":"中村","city_name":"伊賀市"},{"code":"5180014","prefecture_code":24,"town":"西条","city_name":"伊賀市"},{"code":"5180025","prefecture_code":24,"town":"西高倉","city_name":"伊賀市"},{"code":"5180027","prefecture_code":24,"town":"西山","city_name":"伊賀市"},{"code":"5181301","prefecture_code":24,"town":"西湯舟","city_name":"伊賀市"},{"code":"5180023","prefecture_code":24,"town":"野間","city_name":"伊賀市"},{"code":"5181318","prefecture_code":24,"town":"波敷野","city_name":"伊賀市"},{"code":"5180813","prefecture_code":24,"town":"蓮池","city_name":"伊賀市"},{"code":"5181311","prefecture_code":24,"town":"馬田","city_name":"伊賀市"},{"code":"5181408","prefecture_code":24,"town":"畑村","city_name":"伊賀市"},{"code":"5181155","prefecture_code":24,"town":"治田","city_name":"伊賀市"},{"code":"5180007","prefecture_code":24,"town":"服部町","city_name":"伊賀市"},{"code":"5180006","prefecture_code":24,"town":"羽根","city_name":"伊賀市"},{"code":"5181313","prefecture_code":24,"town":"馬場","city_name":"伊賀市"},{"code":"5180013","prefecture_code":24,"town":"東条","city_name":"伊賀市"},{"code":"5180024","prefecture_code":24,"town":"東高倉","city_name":"伊賀市"},{"code":"5181144","prefecture_code":24,"town":"東谷","city_name":"伊賀市"},{"code":"5181302","prefecture_code":24,"town":"東湯舟","city_name":"伊賀市"},{"code":"5180105","prefecture_code":24,"town":"比自岐","city_name":"伊賀市"},{"code":"5180107","prefecture_code":24,"town":"枅川","city_name":"伊賀市"},{"code":"5180115","prefecture_code":24,"town":"比土","city_name":"伊賀市"},{"code":"5181422","prefecture_code":24,"town":"平田","city_name":"伊賀市"},{"code":"5180807","prefecture_code":24,"town":"平野上川原","city_name":"伊賀市"},{"code":"5180826","prefecture_code":24,"town":"平野北谷","city_name":"伊賀市"},{"code":"5180808","prefecture_code":24,"town":"平野蔵垣内","city_name":"伊賀市"},{"code":"5180827","prefecture_code":24,"town":"平野清水","city_name":"伊賀市"},{"code":"5180830","prefecture_code":24,"town":"平野城北町","city_name":"伊賀市"},{"code":"5180828","prefecture_code":24,"town":"平野中川原","city_name":"伊賀市"},{"code":"5180820","prefecture_code":24,"town":"平野西町","city_name":"伊賀市"},{"code":"5180810","prefecture_code":24,"town":"平野東町","city_name":"伊賀市"},{"code":"5180802","prefecture_code":24,"town":"平野樋之口","city_name":"伊賀市"},{"code":"5180801","prefecture_code":24,"town":"平野見能","city_name":"伊賀市"},{"code":"5180829","prefecture_code":24,"town":"平野山之下","city_name":"伊賀市"},{"code":"5180804","prefecture_code":24,"town":"平野六反田","city_name":"伊賀市"},{"code":"5181426","prefecture_code":24,"town":"広瀬","city_name":"伊賀市"},{"code":"5180212","prefecture_code":24,"town":"福川","city_name":"伊賀市"},{"code":"5180113","prefecture_code":24,"town":"古郡","city_name":"伊賀市"},{"code":"5180821","prefecture_code":24,"town":"生琉里","city_name":"伊賀市"},{"code":"5181142","prefecture_code":24,"town":"古山界外","city_name":"伊賀市"},{"code":"5180221","prefecture_code":24,"town":"別府","city_name":"伊賀市"},{"code":"5181405","prefecture_code":24,"town":"鳳凰寺","city_name":"伊賀市"},{"code":"5180811","prefecture_code":24,"town":"喰代","city_name":"伊賀市"},{"code":"5180036","prefecture_code":24,"town":"法花","city_name":"伊賀市"},{"code":"5181326","prefecture_code":24,"town":"槙山","city_name":"伊賀市"},{"code":"5181414","prefecture_code":24,"town":"猿野","city_name":"伊賀市"},{"code":"5181325","prefecture_code":24,"town":"丸柱","city_name":"伊賀市"},{"code":"5180022","prefecture_code":24,"town":"三田","city_name":"伊賀市"},{"code":"5180834","prefecture_code":24,"town":"緑ケ丘中町","city_name":"伊賀市"},{"code":"5180837","prefecture_code":24,"town":"緑ケ丘西町","city_name":"伊賀市"},{"code":"5180833","prefecture_code":24,"town":"緑ケ丘東町","city_name":"伊賀市"},{"code":"5180836","prefecture_code":24,"town":"緑ケ丘本町","city_name":"伊賀市"},{"code":"5180835","prefecture_code":24,"town":"緑ケ丘南町","city_name":"伊賀市"},{"code":"5181421","prefecture_code":24,"town":"真泥","city_name":"伊賀市"},{"code":"5180202","prefecture_code":24,"town":"妙楽地","city_name":"伊賀市"},{"code":"5180824","prefecture_code":24,"town":"守田町","city_name":"伊賀市"},{"code":"5180126","prefecture_code":24,"town":"森寺","city_name":"伊賀市"},{"code":"5180213","prefecture_code":24,"town":"諸木","city_name":"伊賀市"},{"code":"5180016","prefecture_code":24,"town":"山神","city_name":"伊賀市"},{"code":"5181145","prefecture_code":24,"town":"安場","city_name":"伊賀市"},{"code":"5180844","prefecture_code":24,"town":"八幡町","city_name":"伊賀市"},{"code":"5180127","prefecture_code":24,"town":"山出","city_name":"伊賀市"},{"code":"5181306","prefecture_code":24,"town":"湯舟","city_name":"伊賀市"},{"code":"5180131","prefecture_code":24,"town":"ゆめが丘","city_name":"伊賀市"},{"code":"5181146","prefecture_code":24,"town":"湯屋谷","city_name":"伊賀市"},{"code":"5180840","prefecture_code":24,"town":"陽光台","city_name":"伊賀市"},{"code":"5181152","prefecture_code":24,"town":"予野","city_name":"伊賀市"}]
