[{"code":"5190501","prefecture_code":24,"town":"小俣町明野","city_name":"伊勢市"},{"code":"5190507","prefecture_code":24,"town":"小俣町新村","city_name":"伊勢市"},{"code":"5190502","prefecture_code":24,"town":"小俣町相合","city_name":"伊勢市"},{"code":"5190505","prefecture_code":24,"town":"小俣町本町","city_name":"伊勢市"},{"code":"5190504","prefecture_code":24,"town":"小俣町宮前","city_name":"伊勢市"},{"code":"5190503","prefecture_code":24,"town":"小俣町元町","city_name":"伊勢市"},{"code":"5190506","prefecture_code":24,"town":"小俣町湯田","city_name":"伊勢市"},{"code":"5190608","prefecture_code":24,"town":"二見町今一色","city_name":"伊勢市"},{"code":"5190602","prefecture_code":24,"town":"二見町江","city_name":"伊勢市"},{"code":"5190606","prefecture_code":24,"town":"二見町荘","city_name":"伊勢市"},{"code":"5190609","prefecture_code":24,"town":"二見町茶屋","city_name":"伊勢市"},{"code":"5190607","prefecture_code":24,"town":"二見町西","city_name":"伊勢市"},{"code":"5190611","prefecture_code":24,"town":"二見町光の街","city_name":"伊勢市"},{"code":"5190601","prefecture_code":24,"town":"二見町松下","city_name":"伊勢市"},{"code":"5190605","prefecture_code":24,"town":"二見町溝口","city_name":"伊勢市"},{"code":"5190603","prefecture_code":24,"town":"二見町三津","city_name":"伊勢市"},{"code":"5190604","prefecture_code":24,"town":"二見町山田原","city_name":"伊勢市"},{"code":"5192146","prefecture_code":24,"town":"阿波曽町","city_name":"松阪市"},{"code":"5192145","prefecture_code":24,"town":"射和町","city_name":"松阪市"},{"code":"5192141","prefecture_code":24,"town":"上蛸路町","city_name":"松阪市"},{"code":"5192142","prefecture_code":24,"town":"下蛸路町","city_name":"松阪市"},{"code":"5192147","prefecture_code":24,"town":"庄町","city_name":"松阪市"},{"code":"5192143","prefecture_code":24,"town":"中万町","city_name":"松阪市"},{"code":"5192144","prefecture_code":24,"town":"八太町","city_name":"松阪市"},{"code":"5192148","prefecture_code":24,"town":"御麻生薗町","city_name":"松阪市"},{"code":"5190323","prefecture_code":24,"town":"伊船町","city_name":"鈴鹿市"},{"code":"5190313","prefecture_code":24,"town":"追分町","city_name":"鈴鹿市"},{"code":"5190311","prefecture_code":24,"town":"大久保町","city_name":"鈴鹿市"},{"code":"5190316","prefecture_code":24,"town":"小岐須町","city_name":"鈴鹿市"},{"code":"5190324","prefecture_code":24,"town":"小社町","city_name":"鈴鹿市"},{"code":"5190312","prefecture_code":24,"town":"椿一宮町","city_name":"鈴鹿市"},{"code":"5190314","prefecture_code":24,"town":"長澤町","city_name":"鈴鹿市"},{"code":"5190271","prefecture_code":24,"town":"西庄内町","city_name":"鈴鹿市"},{"code":"5190272","prefecture_code":24,"town":"東庄内町","city_name":"鈴鹿市"},{"code":"5190321","prefecture_code":24,"town":"深溝町","city_name":"鈴鹿市"},{"code":"5190322","prefecture_code":24,"town":"三畑町","city_name":"鈴鹿市"},{"code":"5190315","prefecture_code":24,"town":"山本町","city_name":"鈴鹿市"},{"code":"5193600","prefecture_code":24,"town":"","city_name":"尾鷲市"},{"code":"5193611","prefecture_code":24,"town":"朝日町","city_name":"尾鷲市"},{"code":"5193646","prefecture_code":24,"town":"泉町","city_name":"尾鷲市"},{"code":"5193653","prefecture_code":24,"town":"上野町","city_name":"尾鷲市"},{"code":"5193623","prefecture_code":24,"town":"大曽根浦","city_name":"尾鷲市"},{"code":"5193642","prefecture_code":24,"town":"大滝町","city_name":"尾鷲市"},{"code":"5193923","prefecture_code":24,"town":"梶賀町","city_name":"尾鷲市"},{"code":"5193921","prefecture_code":24,"town":"賀田町","city_name":"尾鷲市"},{"code":"5193640","prefecture_code":24,"town":"桂ケ丘","city_name":"尾鷲市"},{"code":"5193606","prefecture_code":24,"town":"北浦町","city_name":"尾鷲市"},{"code":"5193610","prefecture_code":24,"town":"北浦西町","city_name":"尾鷲市"},{"code":"5193609","prefecture_code":24,"town":"北浦東町","city_name":"尾鷲市"},{"code":"5193701","prefecture_code":24,"town":"九鬼町","city_name":"尾鷲市"},{"code":"5193626","prefecture_code":24,"town":"国市松泉町","city_name":"尾鷲市"},{"code":"5193658","prefecture_code":24,"town":"倉ノ谷町","city_name":"尾鷲市"},{"code":"5193647","prefecture_code":24,"town":"小川西町","city_name":"尾鷲市"},{"code":"5193648","prefecture_code":24,"town":"小川東町","city_name":"尾鷲市"},{"code":"5193652","prefecture_code":24,"town":"古戸町","city_name":"尾鷲市"},{"code":"5193659","prefecture_code":24,"town":"古戸野町","city_name":"尾鷲市"},{"code":"5193813","prefecture_code":24,"town":"小脇町","city_name":"尾鷲市"},{"code":"5193618","prefecture_code":24,"town":"栄町","city_name":"尾鷲市"},{"code":"5193666","prefecture_code":24,"town":"坂場西町","city_name":"尾鷲市"},{"code":"5193664","prefecture_code":24,"town":"坂場町","city_name":"尾鷲市"},{"code":"5193620","prefecture_code":24,"town":"座ノ下町","city_name":"尾鷲市"},{"code":"5193638","prefecture_code":24,"town":"新田町","city_name":"尾鷲市"},{"code":"5193651","prefecture_code":24,"town":"末広町","city_name":"尾鷲市"},{"code":"5193421","prefecture_code":24,"town":"須賀利町","city_name":"尾鷲市"},{"code":"5193613","prefecture_code":24,"town":"瀬木山町","city_name":"尾鷲市"},{"code":"5193924","prefecture_code":24,"town":"曽根町","city_name":"尾鷲市"},{"code":"5193615","prefecture_code":24,"town":"中央町","city_name":"尾鷲市"},{"code":"5193602","prefecture_code":24,"town":"天満浦","city_name":"尾鷲市"},{"code":"5193666","prefecture_code":24,"town":"中井浦","city_name":"尾鷲市"},{"code":"5193605","prefecture_code":24,"town":"中井町","city_name":"尾鷲市"},{"code":"5193639","prefecture_code":24,"town":"中川","city_name":"尾鷲市"},{"code":"5193616","prefecture_code":24,"town":"中村町","city_name":"尾鷲市"},{"code":"5193812","prefecture_code":24,"town":"名柄町","city_name":"尾鷲市"},{"code":"5193614","prefecture_code":24,"town":"南陽町","city_name":"尾鷲市"},{"code":"5193617","prefecture_code":24,"town":"野地町","city_name":"尾鷲市"},{"code":"5193702","prefecture_code":24,"town":"早田町","city_name":"尾鷲市"},{"code":"5193612","prefecture_code":24,"town":"林町","city_name":"尾鷲市"},{"code":"5193637","prefecture_code":24,"town":"光ケ丘","city_name":"尾鷲市"},{"code":"5193922","prefecture_code":24,"town":"古江町","city_name":"尾鷲市"},{"code":"5193619","prefecture_code":24,"town":"馬越町","city_name":"尾鷲市"},{"code":"5193814","prefecture_code":24,"town":"三木浦町","city_name":"尾鷲市"},{"code":"5193811","prefecture_code":24,"town":"三木里町","city_name":"尾鷲市"},{"code":"5193604","prefecture_code":24,"town":"港町","city_name":"尾鷲市"},{"code":"5193643","prefecture_code":24,"town":"南浦","city_name":"尾鷲市"},{"code":"5193667","prefecture_code":24,"town":"南浦","city_name":"尾鷲市"},{"code":"5193656","prefecture_code":24,"town":"南浦","city_name":"尾鷲市"},{"code":"5193601","prefecture_code":24,"town":"南浦","city_name":"尾鷲市"},{"code":"5193613","prefecture_code":24,"town":"南浦","city_name":"尾鷲市"},{"code":"5193634","prefecture_code":24,"town":"南浦","city_name":"尾鷲市"},{"code":"5193663","prefecture_code":24,"town":"宮ノ上町","city_name":"尾鷲市"},{"code":"5193625","prefecture_code":24,"town":"向井","city_name":"尾鷲市"},{"code":"5193671","prefecture_code":24,"town":"矢浜","city_name":"尾鷲市"},{"code":"5193673","prefecture_code":24,"town":"矢浜大道","city_name":"尾鷲市"},{"code":"5193672","prefecture_code":24,"town":"矢浜岡崎町","city_name":"尾鷲市"},{"code":"5193674","prefecture_code":24,"town":"矢浜真砂","city_name":"尾鷲市"},{"code":"5193621","prefecture_code":24,"town":"行野浦","city_name":"尾鷲市"},{"code":"5190100","prefecture_code":24,"town":"","city_name":"亀山市"},{"code":"5190171","prefecture_code":24,"town":"アイリス町","city_name":"亀山市"},{"code":"5190223","prefecture_code":24,"town":"安坂山町","city_name":"亀山市"},{"code":"5190143","prefecture_code":24,"town":"安知本町","city_name":"亀山市"},{"code":"5190137","prefecture_code":24,"town":"阿野田町","city_name":"亀山市"},{"code":"5190131","prefecture_code":24,"town":"井尻町","city_name":"亀山市"},{"code":"5190101","prefecture_code":24,"town":"井田川町","city_name":"亀山市"},{"code":"5190158","prefecture_code":24,"town":"市ケ坂町","city_name":"亀山市"},{"code":"5190112","prefecture_code":24,"town":"上野町","city_name":"亀山市"},{"code":"5190121","prefecture_code":24,"town":"江ケ室","city_name":"亀山市"},{"code":"5190161","prefecture_code":24,"town":"小川町","city_name":"亀山市"},{"code":"5190167","prefecture_code":24,"town":"小野町","city_name":"亀山市"},{"code":"5190141","prefecture_code":24,"town":"海本町","city_name":"亀山市"},{"code":"5191129","prefecture_code":24,"town":"加太板屋","city_name":"亀山市"},{"code":"5191122","prefecture_code":24,"town":"加太市場","city_name":"亀山市"},{"code":"5191121","prefecture_code":24,"town":"加太梶ケ坂","city_name":"亀山市"},{"code":"5191128","prefecture_code":24,"town":"加太北在家","city_name":"亀山市"},{"code":"5191126","prefecture_code":24,"town":"加太神武","city_name":"亀山市"},{"code":"5191127","prefecture_code":24,"town":"加太中在家","city_name":"亀山市"},{"code":"5191125","prefecture_code":24,"town":"加太向井","city_name":"亀山市"},{"code":"5190163","prefecture_code":24,"town":"亀田町","city_name":"亀山市"},{"code":"5190103","prefecture_code":24,"town":"川合町","city_name":"亀山市"},{"code":"5190211","prefecture_code":24,"town":"川崎町","city_name":"亀山市"},{"code":"5190115","prefecture_code":24,"town":"北鹿島町","city_name":"亀山市"},{"code":"5190157","prefecture_code":24,"town":"北野町","city_name":"亀山市"},{"code":"5190118","prefecture_code":24,"town":"北町","city_name":"亀山市"},{"code":"5190117","prefecture_code":24,"town":"北山町","city_name":"亀山市"},{"code":"5190144","prefecture_code":24,"town":"楠平尾町","city_name":"亀山市"},{"code":"5190148","prefecture_code":24,"town":"木下町","city_name":"亀山市"},{"code":"5190113","prefecture_code":24,"town":"小下町","city_name":"亀山市"},{"code":"5190111","prefecture_code":24,"town":"栄町","city_name":"亀山市"},{"code":"5190123","prefecture_code":24,"town":"渋倉町","city_name":"亀山市"},{"code":"5190133","prefecture_code":24,"town":"下庄町","city_name":"亀山市"},{"code":"5190169","prefecture_code":24,"town":"白木町","city_name":"亀山市"},{"code":"5190132","prefecture_code":24,"town":"菅内町","city_name":"亀山市"},{"code":"5190162","prefecture_code":24,"town":"住山町","city_name":"亀山市"},{"code":"5191119","prefecture_code":24,"town":"関ケ丘","city_name":"亀山市"},{"code":"5191117","prefecture_code":24,"town":"関町泉ケ丘","city_name":"亀山市"},{"code":"5191103","prefecture_code":24,"town":"関町市瀬","city_name":"亀山市"},{"code":"5191106","prefecture_code":24,"town":"関町会下","city_name":"亀山市"},{"code":"5191124","prefecture_code":24,"town":"関町越川","city_name":"亀山市"},{"code":"5191108","prefecture_code":24,"town":"関町小野","city_name":"亀山市"},{"code":"5191123","prefecture_code":24,"town":"関町金場","city_name":"亀山市"},{"code":"5191116","prefecture_code":24,"town":"関町久我","city_name":"亀山市"},{"code":"5191102","prefecture_code":24,"town":"関町沓掛","city_name":"亀山市"},{"code":"5191107","prefecture_code":24,"town":"関町木崎","city_name":"亀山市"},{"code":"5191101","prefecture_code":24,"town":"関町坂下","city_name":"亀山市"},{"code":"5191104","prefecture_code":24,"town":"関町白木一色","city_name":"亀山市"},{"code":"5191111","prefecture_code":24,"town":"関町新所","city_name":"亀山市"},{"code":"5191112","prefecture_code":24,"town":"関町中町","city_name":"亀山市"},{"code":"5191114","prefecture_code":24,"town":"関町萩原","city_name":"亀山市"},{"code":"5191115","prefecture_code":24,"town":"関町福徳","city_name":"亀山市"},{"code":"5191118","prefecture_code":24,"town":"関町富士ハイツ","city_name":"亀山市"},{"code":"5191113","prefecture_code":24,"town":"関町古厩","city_name":"亀山市"},{"code":"5191105","prefecture_code":24,"town":"関町鷲山","city_name":"亀山市"},{"code":"5190168","prefecture_code":24,"town":"太岡寺町","city_name":"亀山市"},{"code":"5190119","prefecture_code":24,"town":"高塚町","city_name":"亀山市"},{"code":"5190213","prefecture_code":24,"town":"田村町","city_name":"亀山市"},{"code":"5190136","prefecture_code":24,"town":"田茂町","city_name":"亀山市"},{"code":"5190214","prefecture_code":24,"town":"長明寺町","city_name":"亀山市"},{"code":"5190104","prefecture_code":24,"town":"椿世町","city_name":"亀山市"},{"code":"5190142","prefecture_code":24,"town":"天神","city_name":"亀山市"},{"code":"5190134","prefecture_code":24,"town":"中庄町","city_name":"亀山市"},{"code":"5190127","prefecture_code":24,"town":"中屋敷町","city_name":"亀山市"},{"code":"5190153","prefecture_code":24,"town":"西町","city_name":"亀山市"},{"code":"5190159","prefecture_code":24,"town":"西丸町","city_name":"亀山市"},{"code":"5190212","prefecture_code":24,"town":"能褒野町","city_name":"亀山市"},{"code":"5190165","prefecture_code":24,"town":"野村","city_name":"亀山市"},{"code":"5190146","prefecture_code":24,"town":"野村町","city_name":"亀山市"},{"code":"5190164","prefecture_code":24,"town":"羽若町","city_name":"亀山市"},{"code":"5190122","prefecture_code":24,"town":"東台町","city_name":"亀山市"},{"code":"5190125","prefecture_code":24,"town":"東町","city_name":"亀山市"},{"code":"5190126","prefecture_code":24,"town":"東丸町","city_name":"亀山市"},{"code":"5190124","prefecture_code":24,"town":"東御幸町","city_name":"亀山市"},{"code":"5190166","prefecture_code":24,"town":"布気町","city_name":"亀山市"},{"code":"5190222","prefecture_code":24,"town":"両尾町","city_name":"亀山市"},{"code":"5190215","prefecture_code":24,"town":"太森町","city_name":"亀山市"},{"code":"5190221","prefecture_code":24,"town":"辺法寺町","city_name":"亀山市"},{"code":"5190116","prefecture_code":24,"town":"本町","city_name":"亀山市"},{"code":"5190152","prefecture_code":24,"town":"本丸町","city_name":"亀山市"},{"code":"5190181","prefecture_code":24,"town":"みずきが丘","city_name":"亀山市"},{"code":"5190105","prefecture_code":24,"town":"みずほ台","city_name":"亀山市"},{"code":"5190135","prefecture_code":24,"town":"三寺町","city_name":"亀山市"},{"code":"5190106","prefecture_code":24,"town":"みどり町","city_name":"亀山市"},{"code":"5190114","prefecture_code":24,"town":"南鹿島町","city_name":"亀山市"},{"code":"5190154","prefecture_code":24,"town":"南崎町","city_name":"亀山市"},{"code":"5190156","prefecture_code":24,"town":"南野町","city_name":"亀山市"},{"code":"5190155","prefecture_code":24,"town":"御幸町","city_name":"亀山市"},{"code":"5190147","prefecture_code":24,"town":"山下町","city_name":"亀山市"},{"code":"5190151","prefecture_code":24,"town":"若山町","city_name":"亀山市"},{"code":"5190145","prefecture_code":24,"town":"和賀町","city_name":"亀山市"},{"code":"5190102","prefecture_code":24,"town":"和田町","city_name":"亀山市"},{"code":"5194300","prefecture_code":24,"town":"","city_name":"熊野市"},{"code":"5194561","prefecture_code":24,"town":"飛鳥町大又","city_name":"熊野市"},{"code":"5194566","prefecture_code":24,"town":"飛鳥町神山","city_name":"熊野市"},{"code":"5194563","prefecture_code":24,"town":"飛鳥町小阪","city_name":"熊野市"},{"code":"5194562","prefecture_code":24,"town":"飛鳥町小又","city_name":"熊野市"},{"code":"5194564","prefecture_code":24,"town":"飛鳥町佐渡","city_name":"熊野市"},{"code":"5194565","prefecture_code":24,"town":"飛鳥町野口","city_name":"熊野市"},{"code":"5194206","prefecture_code":24,"town":"新鹿町","city_name":"熊野市"},{"code":"5194325","prefecture_code":24,"town":"有馬町","city_name":"熊野市"},{"code":"5194446","prefecture_code":24,"town":"育生町赤倉","city_name":"熊野市"},{"code":"5194448","prefecture_code":24,"town":"育生町大井","city_name":"熊野市"},{"code":"5194447","prefecture_code":24,"town":"育生町尾川","city_name":"熊野市"},{"code":"5194445","prefecture_code":24,"town":"育生町粉所","city_name":"熊野市"},{"code":"5194449","prefecture_code":24,"town":"育生町長井","city_name":"熊野市"},{"code":"5194675","prefecture_code":24,"town":"五郷町大井谷","city_name":"熊野市"},{"code":"5194673","prefecture_code":24,"town":"五郷町寺谷","city_name":"熊野市"},{"code":"5194671","prefecture_code":24,"town":"五郷町桃崎","city_name":"熊野市"},{"code":"5194672","prefecture_code":24,"town":"五郷町湯谷","city_name":"熊野市"},{"code":"5194674","prefecture_code":24,"town":"五郷町和田","city_name":"熊野市"},{"code":"5194321","prefecture_code":24,"town":"磯崎町","city_name":"熊野市"},{"code":"5194324","prefecture_code":24,"town":"井戸町","city_name":"熊野市"},{"code":"5194322","prefecture_code":24,"town":"大泊町","city_name":"熊野市"},{"code":"5194327","prefecture_code":24,"town":"金山町","city_name":"熊野市"},{"code":"5194442","prefecture_code":24,"town":"神川町神上","city_name":"熊野市"},{"code":"5194444","prefecture_code":24,"town":"神川町長原","city_name":"熊野市"},{"code":"5194441","prefecture_code":24,"town":"神川町花知","city_name":"熊野市"},{"code":"5194443","prefecture_code":24,"town":"神川町柳谷","city_name":"熊野市"},{"code":"5194323","prefecture_code":24,"town":"木本町","city_name":"熊野市"},{"code":"5195404","prefecture_code":24,"town":"紀和町赤木","city_name":"熊野市"},{"code":"5195413","prefecture_code":24,"town":"紀和町板屋","city_name":"熊野市"},{"code":"5195412","prefecture_code":24,"town":"紀和町大栗須","city_name":"熊野市"},{"code":"5195415","prefecture_code":24,"town":"紀和町大河内","city_name":"熊野市"},{"code":"5195411","prefecture_code":24,"town":"紀和町木津呂","city_name":"熊野市"},{"code":"5195417","prefecture_code":24,"town":"紀和町小川口","city_name":"熊野市"},{"code":"5195414","prefecture_code":24,"town":"紀和町小栗須","city_name":"熊野市"},{"code":"5195401","prefecture_code":24,"town":"紀和町小森","city_name":"熊野市"},{"code":"5195403","prefecture_code":24,"town":"紀和町長尾","city_name":"熊野市"},{"code":"5195402","prefecture_code":24,"town":"紀和町平谷","city_name":"熊野市"},{"code":"5195405","prefecture_code":24,"town":"紀和町丸山","city_name":"熊野市"},{"code":"5195406","prefecture_code":24,"town":"紀和町矢ノ川","city_name":"熊野市"},{"code":"5195416","prefecture_code":24,"town":"紀和町湯ノ口","city_name":"熊野市"},{"code":"5194326","prefecture_code":24,"town":"久生屋町","city_name":"熊野市"},{"code":"5194201","prefecture_code":24,"town":"須野町","city_name":"熊野市"},{"code":"5194203","prefecture_code":24,"town":"二木島里町","city_name":"熊野市"},{"code":"5194204","prefecture_code":24,"town":"二木島町","city_name":"熊野市"},{"code":"5194207","prefecture_code":24,"town":"波田須町","city_name":"熊野市"},{"code":"5194202","prefecture_code":24,"town":"甫母町","city_name":"熊野市"},{"code":"5194205","prefecture_code":24,"town":"遊木町","city_name":"熊野市"},{"code":"5191413","prefecture_code":24,"town":"愛田","city_name":"伊賀市"},{"code":"5191403","prefecture_code":24,"town":"上村","city_name":"伊賀市"},{"code":"5191415","prefecture_code":24,"town":"柏野","city_name":"伊賀市"},{"code":"5191425","prefecture_code":24,"town":"川西","city_name":"伊賀市"},{"code":"5191424","prefecture_code":24,"town":"川東","city_name":"伊賀市"},{"code":"5191423","prefecture_code":24,"town":"希望ケ丘西","city_name":"伊賀市"},{"code":"5191422","prefecture_code":24,"town":"希望ケ丘東","city_name":"伊賀市"},{"code":"5191406","prefecture_code":24,"town":"小杉","city_name":"伊賀市"},{"code":"5191711","prefecture_code":24,"town":"島ケ原","city_name":"伊賀市"},{"code":"5191707","prefecture_code":24,"town":"島ケ原","city_name":"伊賀市"},{"code":"5191706","prefecture_code":24,"town":"島ケ原","city_name":"伊賀市"},{"code":"5191701","prefecture_code":24,"town":"島ケ原","city_name":"伊賀市"},{"code":"5191705","prefecture_code":24,"town":"島ケ原","city_name":"伊賀市"},{"code":"5191708","prefecture_code":24,"town":"島ケ原","city_name":"伊賀市"},{"code":"5191702","prefecture_code":24,"town":"島ケ原","city_name":"伊賀市"},{"code":"5191704","prefecture_code":24,"town":"島ケ原","city_name":"伊賀市"},{"code":"5191703","prefecture_code":24,"town":"島ケ原","city_name":"伊賀市"},{"code":"5191412","prefecture_code":24,"town":"下柘植","city_name":"伊賀市"},{"code":"5191416","prefecture_code":24,"town":"新堂","city_name":"伊賀市"},{"code":"5191411","prefecture_code":24,"town":"楯岡","city_name":"伊賀市"},{"code":"5191402","prefecture_code":24,"town":"柘植町","city_name":"伊賀市"},{"code":"5191404","prefecture_code":24,"town":"中柘植","city_name":"伊賀市"},{"code":"5191426","prefecture_code":24,"town":"西之澤","city_name":"伊賀市"},{"code":"5191405","prefecture_code":24,"town":"野村","city_name":"伊賀市"},{"code":"5191401","prefecture_code":24,"town":"一ツ家","city_name":"伊賀市"},{"code":"5191414","prefecture_code":24,"town":"御代","city_name":"伊賀市"},{"code":"5191421","prefecture_code":24,"town":"山畑","city_name":"伊賀市"},{"code":"5192100","prefecture_code":24,"town":"","city_name":"多気郡多気町"},{"code":"5192151","prefecture_code":24,"town":"朝長","city_name":"多気郡多気町"},{"code":"5192215","prefecture_code":24,"town":"朝柄","city_name":"多気郡多気町"},{"code":"5192158","prefecture_code":24,"town":"荒蒔","city_name":"多気郡多気町"},{"code":"5192186","prefecture_code":24,"town":"井内林","city_name":"多気郡多気町"},{"code":"5192159","prefecture_code":24,"town":"兄国","city_name":"多気郡多気町"},{"code":"5192181","prefecture_code":24,"town":"相可","city_name":"多気郡多気町"},{"code":"5192167","prefecture_code":24,"town":"相鹿瀬","city_name":"多気郡多気町"},{"code":"5192182","prefecture_code":24,"town":"相可台","city_name":"多気郡多気町"},{"code":"5192152","prefecture_code":24,"town":"弟国","city_name":"多気郡多気町"},{"code":"5192162","prefecture_code":24,"town":"笠木","city_name":"多気郡多気町"},{"code":"5192203","prefecture_code":24,"town":"片野","city_name":"多気郡多気町"},{"code":"5192201","prefecture_code":24,"town":"上出江","city_name":"多気郡多気町"},{"code":"5192214","prefecture_code":24,"town":"車川","city_name":"多気郡多気町"},{"code":"5192187","prefecture_code":24,"town":"鍬形","city_name":"多気郡多気町"},{"code":"5192177","prefecture_code":24,"town":"神坂","city_name":"多気郡多気町"},{"code":"5192153","prefecture_code":24,"town":"河田","city_name":"多気郡多気町"},{"code":"5192174","prefecture_code":24,"town":"五桂","city_name":"多気郡多気町"},{"code":"5192157","prefecture_code":24,"town":"五佐奈","city_name":"多気郡多気町"},{"code":"5192185","prefecture_code":24,"town":"佐伯中","city_name":"多気郡多気町"},{"code":"5192184","prefecture_code":24,"town":"三疋田","city_name":"多気郡多気町"},{"code":"5192212","prefecture_code":24,"town":"色太","city_name":"多気郡多気町"},{"code":"5192172","prefecture_code":24,"town":"四神田","city_name":"多気郡多気町"},{"code":"5192183","prefecture_code":24,"town":"四疋田","city_name":"多気郡多気町"},{"code":"5192202","prefecture_code":24,"town":"下出江","city_name":"多気郡多気町"},{"code":"5192154","prefecture_code":24,"town":"多気","city_name":"多気郡多気町"},{"code":"5192165","prefecture_code":24,"town":"田中","city_name":"多気郡多気町"},{"code":"5192213","prefecture_code":24,"town":"土屋","city_name":"多気郡多気町"},{"code":"5192189","prefecture_code":24,"town":"津留","city_name":"多気郡多気町"},{"code":"5192161","prefecture_code":24,"town":"土羽","city_name":"多気郡多気町"},{"code":"5192211","prefecture_code":24,"town":"丹生","city_name":"多気郡多気町"},{"code":"5192156","prefecture_code":24,"town":"西池上","city_name":"多気郡多気町"},{"code":"5192171","prefecture_code":24,"town":"西山","city_name":"多気郡多気町"},{"code":"5192179","prefecture_code":24,"town":"仁田","city_name":"多気郡多気町"},{"code":"5192166","prefecture_code":24,"town":"野中","city_name":"多気郡多気町"},{"code":"5192176","prefecture_code":24,"town":"長谷","city_name":"多気郡多気町"},{"code":"5192204","prefecture_code":24,"town":"波多瀬","city_name":"多気郡多気町"},{"code":"5192155","prefecture_code":24,"town":"東池上","city_name":"多気郡多気町"},{"code":"5192170","prefecture_code":24,"town":"ヴィソン","city_name":"多気郡多気町"},{"code":"5192178","prefecture_code":24,"town":"平谷","city_name":"多気郡多気町"},{"code":"5192216","prefecture_code":24,"town":"古江","city_name":"多気郡多気町"},{"code":"5192175","prefecture_code":24,"town":"前村","city_name":"多気郡多気町"},{"code":"5192188","prefecture_code":24,"town":"牧","city_name":"多気郡多気町"},{"code":"5192164","prefecture_code":24,"town":"森荘","city_name":"多気郡多気町"},{"code":"5192163","prefecture_code":24,"town":"矢田","city_name":"多気郡多気町"},{"code":"5192173","prefecture_code":24,"town":"油夫","city_name":"多気郡多気町"},{"code":"5192400","prefecture_code":24,"town":"","city_name":"多気郡大台町"},{"code":"5192428","prefecture_code":24,"town":"粟生","city_name":"多気郡大台町"},{"code":"5192506","prefecture_code":24,"town":"天ケ瀬","city_name":"多気郡大台町"},{"code":"5192631","prefecture_code":24,"town":"岩井","city_name":"多気郡大台町"},{"code":"5192505","prefecture_code":24,"town":"江馬","city_name":"多気郡大台町"},{"code":"5192518","prefecture_code":24,"town":"大井","city_name":"多気郡大台町"},{"code":"5192413","prefecture_code":24,"town":"大ケ所","city_name":"多気郡大台町"},{"code":"5192634","prefecture_code":24,"town":"大杉","city_name":"多気郡大台町"},{"code":"5192522","prefecture_code":24,"town":"御棟","city_name":"多気郡大台町"},{"code":"5192427","prefecture_code":24,"town":"上楠","city_name":"多気郡大台町"},{"code":"5192411","prefecture_code":24,"town":"上菅","city_name":"多気郡大台町"},{"code":"5192425","prefecture_code":24,"town":"神瀬","city_name":"多気郡大台町"},{"code":"5192502","prefecture_code":24,"town":"上真手","city_name":"多気郡大台町"},{"code":"5192403","prefecture_code":24,"town":"上三瀬","city_name":"多気郡大台町"},{"code":"5192516","prefecture_code":24,"town":"唐櫃","city_name":"多気郡大台町"},{"code":"5192412","prefecture_code":24,"town":"川合","city_name":"多気郡大台町"},{"code":"5192632","prefecture_code":24,"town":"桧原","city_name":"多気郡大台町"},{"code":"5192512","prefecture_code":24,"town":"清滝","city_name":"多気郡大台町"},{"code":"5192633","prefecture_code":24,"town":"久豆","city_name":"多気郡大台町"},{"code":"5192515","prefecture_code":24,"town":"熊内","city_name":"多気郡大台町"},{"code":"5192507","prefecture_code":24,"town":"栗谷","city_name":"多気郡大台町"},{"code":"5192524","prefecture_code":24,"town":"神滝","city_name":"多気郡大台町"},{"code":"5192504","prefecture_code":24,"town":"小切畑","city_name":"多気郡大台町"},{"code":"5192523","prefecture_code":24,"town":"小滝","city_name":"多気郡大台町"},{"code":"5192404","prefecture_code":24,"town":"佐原","city_name":"多気郡大台町"},{"code":"5192426","prefecture_code":24,"town":"下楠","city_name":"多気郡大台町"},{"code":"5192412","prefecture_code":24,"town":"下菅","city_name":"多気郡大台町"},{"code":"5192501","prefecture_code":24,"town":"下真手","city_name":"多気郡大台町"},{"code":"5192402","prefecture_code":24,"town":"下三瀬","city_name":"多気郡大台町"},{"code":"5192423","prefecture_code":24,"town":"新田","city_name":"多気郡大台町"},{"code":"5192412","prefecture_code":24,"town":"菅合","city_name":"多気郡大台町"},{"code":"5192511","prefecture_code":24,"town":"菅木屋","city_name":"多気郡大台町"},{"code":"5192421","prefecture_code":24,"town":"千代","city_name":"多気郡大台町"},{"code":"5192513","prefecture_code":24,"town":"薗","city_name":"多気郡大台町"},{"code":"5192429","prefecture_code":24,"town":"高奈","city_name":"多気郡大台町"},{"code":"5192412","prefecture_code":24,"town":"滝広","city_name":"多気郡大台町"},{"code":"5192525","prefecture_code":24,"town":"滝谷","city_name":"多気郡大台町"},{"code":"5192424","prefecture_code":24,"town":"栃原","city_name":"多気郡大台町"},{"code":"5192401","prefecture_code":24,"town":"長ケ","city_name":"多気郡大台町"},{"code":"5192503","prefecture_code":24,"town":"本田木屋","city_name":"多気郡大台町"},{"code":"5192517","prefecture_code":24,"town":"南","city_name":"多気郡大台町"},{"code":"5192521","prefecture_code":24,"town":"明豆","city_name":"多気郡大台町"},{"code":"5192514","prefecture_code":24,"town":"茂原","city_name":"多気郡大台町"},{"code":"5192405","prefecture_code":24,"town":"弥起井","city_name":"多気郡大台町"},{"code":"5192422","prefecture_code":24,"town":"柳原","city_name":"多気郡大台町"},{"code":"5190400","prefecture_code":24,"town":"","city_name":"度会郡玉城町"},{"code":"5190403","prefecture_code":24,"town":"井倉","city_name":"度会郡玉城町"},{"code":"5190425","prefecture_code":24,"town":"岩出","city_name":"度会郡玉城町"},{"code":"5190428","prefecture_code":24,"town":"岡出","city_name":"度会郡玉城町"},{"code":"5190406","prefecture_code":24,"town":"岡村","city_name":"度会郡玉城町"},{"code":"5190422","prefecture_code":24,"town":"小社曽根","city_name":"度会郡玉城町"},{"code":"5190433","prefecture_code":24,"town":"勝田","city_name":"度会郡玉城町"},{"code":"5190431","prefecture_code":24,"town":"蚊野","city_name":"度会郡玉城町"},{"code":"5190417","prefecture_code":24,"town":"上田辺","city_name":"度会郡玉城町"},{"code":"5190411","prefecture_code":24,"town":"久保","city_name":"度会郡玉城町"},{"code":"5190408","prefecture_code":24,"town":"坂本","city_name":"度会郡玉城町"},{"code":"5190414","prefecture_code":24,"town":"佐田","city_name":"度会郡玉城町"},{"code":"5190416","prefecture_code":24,"town":"下田辺","city_name":"度会郡玉城町"},{"code":"5190401","prefecture_code":24,"town":"世古","city_name":"度会郡玉城町"},{"code":"5190407","prefecture_code":24,"town":"玉川","city_name":"度会郡玉城町"},{"code":"5190415","prefecture_code":24,"town":"田丸","city_name":"度会郡玉城町"},{"code":"5190434","prefecture_code":24,"town":"田宮寺","city_name":"度会郡玉城町"},{"code":"5190412","prefecture_code":24,"town":"中楽","city_name":"度会郡玉城町"},{"code":"5190437","prefecture_code":24,"town":"積良","city_name":"度会郡玉城町"},{"code":"5190421","prefecture_code":24,"town":"冨岡","city_name":"度会郡玉城町"},{"code":"5190426","prefecture_code":24,"town":"中角","city_name":"度会郡玉城町"},{"code":"5190404","prefecture_code":24,"town":"長更","city_name":"度会郡玉城町"},{"code":"5190432","prefecture_code":24,"town":"野篠","city_name":"度会郡玉城町"},{"code":"5190438","prefecture_code":24,"town":"原","city_name":"度会郡玉城町"},{"code":"5190405","prefecture_code":24,"town":"日向","city_name":"度会郡玉城町"},{"code":"5190423","prefecture_code":24,"town":"昼田","city_name":"度会郡玉城町"},{"code":"5190427","prefecture_code":24,"town":"宮古","city_name":"度会郡玉城町"},{"code":"5190413","prefecture_code":24,"town":"妙法寺","city_name":"度会郡玉城町"},{"code":"5190402","prefecture_code":24,"town":"門前","city_name":"度会郡玉城町"},{"code":"5190435","prefecture_code":24,"town":"矢野","city_name":"度会郡玉城町"},{"code":"5190424","prefecture_code":24,"town":"山岡","city_name":"度会郡玉城町"},{"code":"5190436","prefecture_code":24,"town":"山神","city_name":"度会郡玉城町"},{"code":"5192700","prefecture_code":24,"town":"","city_name":"度会郡大紀町"},{"code":"5192704","prefecture_code":24,"town":"阿曽","city_name":"度会郡大紀町"},{"code":"5192736","prefecture_code":24,"town":"打見","city_name":"度会郡大紀町"},{"code":"5192734","prefecture_code":24,"town":"永会","city_name":"度会郡大紀町"},{"code":"5193111","prefecture_code":24,"town":"大内山","city_name":"度会郡大紀町"},{"code":"5192801","prefecture_code":24,"town":"柏野","city_name":"度会郡大紀町"},{"code":"5192733","prefecture_code":24,"town":"金輪","city_name":"度会郡大紀町"},{"code":"5192735","prefecture_code":24,"town":"神原","city_name":"度会郡大紀町"},{"code":"5192802","prefecture_code":24,"town":"崎","city_name":"度会郡大紀町"},{"code":"5192703","prefecture_code":24,"town":"滝原","city_name":"度会郡大紀町"},{"code":"5192911","prefecture_code":24,"town":"錦","city_name":"度会郡大紀町"},{"code":"5192732","prefecture_code":24,"town":"野添","city_name":"度会郡大紀町"},{"code":"5192731","prefecture_code":24,"town":"野原","city_name":"度会郡大紀町"},{"code":"5192701","prefecture_code":24,"town":"船木","city_name":"度会郡大紀町"},{"code":"5192702","prefecture_code":24,"town":"三瀬川","city_name":"度会郡大紀町"},{"code":"5193400","prefecture_code":24,"town":"","city_name":"北牟婁郡紀北町"},{"code":"5193406","prefecture_code":24,"town":"相賀","city_name":"北牟婁郡紀北町"},{"code":"5193401","prefecture_code":24,"town":"馬瀬","city_name":"北牟婁郡紀北町"},{"code":"5193414","prefecture_code":24,"town":"小浦","city_name":"北牟婁郡紀北町"},{"code":"5193202","prefecture_code":24,"town":"大原","city_name":"北牟婁郡紀北町"},{"code":"5193407","prefecture_code":24,"town":"小山浦","city_name":"北牟婁郡紀北町"},{"code":"5193206","prefecture_code":24,"town":"海野","city_name":"北牟婁郡紀北町"},{"code":"5193403","prefecture_code":24,"town":"上里","city_name":"北牟婁郡紀北町"},{"code":"5193402","prefecture_code":24,"town":"河内","city_name":"北牟婁郡紀北町"},{"code":"5193412","prefecture_code":24,"town":"島勝浦","city_name":"北牟婁郡紀北町"},{"code":"5193203","prefecture_code":24,"town":"島原","city_name":"北牟婁郡紀北町"},{"code":"5193201","prefecture_code":24,"town":"十須","city_name":"北牟婁郡紀北町"},{"code":"5193411","prefecture_code":24,"town":"白浦","city_name":"北牟婁郡紀北町"},{"code":"5193207","prefecture_code":24,"town":"道瀬","city_name":"北牟婁郡紀北町"},{"code":"5193404","prefecture_code":24,"town":"中里","city_name":"北牟婁郡紀北町"},{"code":"5193205","prefecture_code":24,"town":"長島","city_name":"北牟婁郡紀北町"},{"code":"5193204","prefecture_code":24,"town":"東長島","city_name":"北牟婁郡紀北町"},{"code":"5193413","prefecture_code":24,"town":"引本浦","city_name":"北牟婁郡紀北町"},{"code":"5193408","prefecture_code":24,"town":"便ノ山","city_name":"北牟婁郡紀北町"},{"code":"5193405","prefecture_code":24,"town":"船津","city_name":"北牟婁郡紀北町"},{"code":"5193209","prefecture_code":24,"town":"古里","city_name":"北牟婁郡紀北町"},{"code":"5193208","prefecture_code":24,"town":"三浦","city_name":"北牟婁郡紀北町"},{"code":"5193415","prefecture_code":24,"town":"矢口浦","city_name":"北牟婁郡紀北町"},{"code":"5195200","prefecture_code":24,"town":"","city_name":"南牟婁郡御浜町"},{"code":"5195204","prefecture_code":24,"town":"阿田和","city_name":"南牟婁郡御浜町"},{"code":"5195322","prefecture_code":24,"town":"上野","city_name":"南牟婁郡御浜町"},{"code":"5195206","prefecture_code":24,"town":"柿原","city_name":"南牟婁郡御浜町"},{"code":"5195325","prefecture_code":24,"town":"片川","city_name":"南牟婁郡御浜町"},{"code":"5195211","prefecture_code":24,"town":"上市木","city_name":"南牟婁郡御浜町"},{"code":"5195327","prefecture_code":24,"town":"川瀬","city_name":"南牟婁郡御浜町"},{"code":"5195326","prefecture_code":24,"town":"栗須","city_name":"南牟婁郡御浜町"},{"code":"5195201","prefecture_code":24,"town":"神木","city_name":"南牟婁郡御浜町"},{"code":"5195321","prefecture_code":24,"town":"阪本","city_name":"南牟婁郡御浜町"},{"code":"5195203","prefecture_code":24,"town":"下市木","city_name":"南牟婁郡御浜町"},{"code":"5195202","prefecture_code":24,"town":"志原","city_name":"南牟婁郡御浜町"},{"code":"5195324","prefecture_code":24,"town":"中立","city_name":"南牟婁郡御浜町"},{"code":"5195323","prefecture_code":24,"town":"西原","city_name":"南牟婁郡御浜町"},{"code":"5195203","prefecture_code":24,"town":"萩内","city_name":"南牟婁郡御浜町"},{"code":"5195205","prefecture_code":24,"town":"引作","city_name":"南牟婁郡御浜町"},{"code":"5195204","prefecture_code":24,"town":"山地","city_name":"南牟婁郡御浜町"},{"code":"5195700","prefecture_code":24,"town":"","city_name":"南牟婁郡紀宝町"},{"code":"5195718","prefecture_code":24,"town":"浅里","city_name":"南牟婁郡紀宝町"},{"code":"5195711","prefecture_code":24,"town":"井田","city_name":"南牟婁郡紀宝町"},{"code":"5195834","prefecture_code":24,"town":"井内","city_name":"南牟婁郡紀宝町"},{"code":"5195701","prefecture_code":24,"town":"鵜殿","city_name":"南牟婁郡紀宝町"},{"code":"5195835","prefecture_code":24,"town":"大里","city_name":"南牟婁郡紀宝町"},{"code":"5195716","prefecture_code":24,"town":"北桧杖","city_name":"南牟婁郡紀宝町"},{"code":"5195831","prefecture_code":24,"town":"桐原","city_name":"南牟婁郡紀宝町"},{"code":"5195712","prefecture_code":24,"town":"神内","city_name":"南牟婁郡紀宝町"},{"code":"5195832","prefecture_code":24,"town":"阪松原","city_name":"南牟婁郡紀宝町"},{"code":"5195717","prefecture_code":24,"town":"瀬原","city_name":"南牟婁郡紀宝町"},{"code":"5195715","prefecture_code":24,"town":"高岡","city_name":"南牟婁郡紀宝町"},{"code":"5195713","prefecture_code":24,"town":"成川","city_name":"南牟婁郡紀宝町"},{"code":"5195833","prefecture_code":24,"town":"平尾井","city_name":"南牟婁郡紀宝町"},{"code":"5195714","prefecture_code":24,"town":"鮒田","city_name":"南牟婁郡紀宝町"}]
