[{"code":"5291152","prefecture_code":25,"town":"安食中町","city_name":"彦根市"},{"code":"5291155","prefecture_code":25,"town":"賀田山町","city_name":"彦根市"},{"code":"5291156","prefecture_code":25,"town":"清崎町","city_name":"彦根市"},{"code":"5291153","prefecture_code":25,"town":"太堂町","city_name":"彦根市"},{"code":"5291154","prefecture_code":25,"town":"千尋町","city_name":"彦根市"},{"code":"5291151","prefecture_code":25,"town":"楡町","city_name":"彦根市"},{"code":"5290113","prefecture_code":25,"town":"大井町","city_name":"長浜市"},{"code":"5290301","prefecture_code":25,"town":"小谷上山田町","city_name":"長浜市"},{"code":"5290312","prefecture_code":25,"town":"小谷郡上町","city_name":"長浜市"},{"code":"5290311","prefecture_code":25,"town":"小谷美濃山町","city_name":"長浜市"},{"code":"5290304","prefecture_code":25,"town":"小谷丁野町","city_name":"長浜市"},{"code":"5290131","prefecture_code":25,"town":"柿ノ木","city_name":"長浜市"},{"code":"5290101","prefecture_code":25,"town":"唐国町","city_name":"長浜市"},{"code":"5290435","prefecture_code":25,"town":"木之本町赤尾","city_name":"長浜市"},{"code":"5290421","prefecture_code":25,"town":"木之本町アットリ","city_name":"長浜市"},{"code":"5290412","prefecture_code":25,"town":"木之本町石道","city_name":"長浜市"},{"code":"5290431","prefecture_code":25,"town":"木之本町大音","city_name":"長浜市"},{"code":"5290415","prefecture_code":25,"town":"木之本町大見","city_name":"長浜市"},{"code":"5290403","prefecture_code":25,"town":"木之本町音羽","city_name":"長浜市"},{"code":"5290401","prefecture_code":25,"town":"木之本町金居原","city_name":"長浜市"},{"code":"5290414","prefecture_code":25,"town":"木之本町川合","city_name":"長浜市"},{"code":"5290434","prefecture_code":25,"town":"木之本町北布施","city_name":"長浜市"},{"code":"5290425","prefecture_code":25,"town":"木之本町木之本","city_name":"長浜市"},{"code":"5290426","prefecture_code":25,"town":"木之本町黒田","city_name":"長浜市"},{"code":"5290413","prefecture_code":25,"town":"木之本町小山","city_name":"長浜市"},{"code":"5290402","prefecture_code":25,"town":"木之本町杉野","city_name":"長浜市"},{"code":"5290404","prefecture_code":25,"town":"木之本町杉本","city_name":"長浜市"},{"code":"5290423","prefecture_code":25,"town":"木之本町千田","city_name":"長浜市"},{"code":"5290432","prefecture_code":25,"town":"木之本町田居","city_name":"長浜市"},{"code":"5290422","prefecture_code":25,"town":"木之本町田部","city_name":"長浜市"},{"code":"5290433","prefecture_code":25,"town":"木之本町西山","city_name":"長浜市"},{"code":"5290541","prefecture_code":25,"town":"木之本町飯浦","city_name":"長浜市"},{"code":"5290437","prefecture_code":25,"town":"木之本町飯浦","city_name":"長浜市"},{"code":"5290424","prefecture_code":25,"town":"木之本町廣瀬","city_name":"長浜市"},{"code":"5290411","prefecture_code":25,"town":"木之本町古橋","city_name":"長浜市"},{"code":"5290436","prefecture_code":25,"town":"木之本町山梨子","city_name":"長浜市"},{"code":"5290333","prefecture_code":25,"town":"湖北今町","city_name":"長浜市"},{"code":"5290342","prefecture_code":25,"town":"湖北高田町","city_name":"長浜市"},{"code":"5290332","prefecture_code":25,"town":"湖北町青名","city_name":"長浜市"},{"code":"5290361","prefecture_code":25,"town":"湖北町石川","city_name":"長浜市"},{"code":"5290313","prefecture_code":25,"town":"湖北町伊部","city_name":"長浜市"},{"code":"5290365","prefecture_code":25,"town":"湖北町今西","city_name":"長浜市"},{"code":"5290367","prefecture_code":25,"town":"湖北町海老江","city_name":"長浜市"},{"code":"5290366","prefecture_code":25,"town":"湖北町延勝寺","city_name":"長浜市"},{"code":"5290343","prefecture_code":25,"town":"湖北町小倉","city_name":"長浜市"},{"code":"5290364","prefecture_code":25,"town":"湖北町尾上","city_name":"長浜市"},{"code":"5290321","prefecture_code":25,"town":"湖北町賀","city_name":"長浜市"},{"code":"5290316","prefecture_code":25,"town":"湖北町河毛","city_name":"長浜市"},{"code":"5290322","prefecture_code":25,"town":"湖北町小今","city_name":"長浜市"},{"code":"5290352","prefecture_code":25,"town":"湖北町五坪","city_name":"長浜市"},{"code":"5290334","prefecture_code":25,"town":"湖北町沢","city_name":"長浜市"},{"code":"5290345","prefecture_code":25,"town":"湖北町大安寺","city_name":"長浜市"},{"code":"5290353","prefecture_code":25,"town":"湖北町田中","city_name":"長浜市"},{"code":"5290362","prefecture_code":25,"town":"湖北町津里","city_name":"長浜市"},{"code":"5290314","prefecture_code":25,"town":"湖北町留目","city_name":"長浜市"},{"code":"5290335","prefecture_code":25,"town":"湖北町猫口","city_name":"長浜市"},{"code":"5290341","prefecture_code":25,"town":"湖北町速水","city_name":"長浜市"},{"code":"5290303","prefecture_code":25,"town":"湖北町二俣","city_name":"長浜市"},{"code":"5290315","prefecture_code":25,"town":"湖北町別所","city_name":"長浜市"},{"code":"5290346","prefecture_code":25,"town":"湖北町南速水","city_name":"長浜市"},{"code":"5290344","prefecture_code":25,"town":"湖北町馬渡","city_name":"長浜市"},{"code":"5290354","prefecture_code":25,"town":"湖北町山本","city_name":"長浜市"},{"code":"5290317","prefecture_code":25,"town":"湖北町山脇","city_name":"長浜市"},{"code":"5290331","prefecture_code":25,"town":"湖北町八日市","city_name":"長浜市"},{"code":"5290363","prefecture_code":25,"town":"湖北東尾上町","city_name":"長浜市"},{"code":"5290141","prefecture_code":25,"town":"五村","city_name":"長浜市"},{"code":"5290121","prefecture_code":25,"town":"桜町","city_name":"長浜市"},{"code":"5290302","prefecture_code":25,"town":"下山田","city_name":"長浜市"},{"code":"5290133","prefecture_code":25,"town":"新旭町","city_name":"長浜市"},{"code":"5290122","prefecture_code":25,"town":"酢","city_name":"長浜市"},{"code":"5290351","prefecture_code":25,"town":"大光寺町","city_name":"長浜市"},{"code":"5290144","prefecture_code":25,"town":"大寺町","city_name":"長浜市"},{"code":"5290222","prefecture_code":25,"town":"高月町雨森","city_name":"長浜市"},{"code":"5290203","prefecture_code":25,"town":"高月町磯野","city_name":"長浜市"},{"code":"5290212","prefecture_code":25,"town":"高月町井口","city_name":"長浜市"},{"code":"5290251","prefecture_code":25,"town":"高月町宇根","city_name":"長浜市"},{"code":"5290232","prefecture_code":25,"town":"高月町落川","city_name":"長浜市"},{"code":"5290215","prefecture_code":25,"town":"高月町尾山","city_name":"長浜市"},{"code":"5290234","prefecture_code":25,"town":"高月町柏原","city_name":"長浜市"},{"code":"5290272","prefecture_code":25,"town":"高月町片山","city_name":"長浜市"},{"code":"5290205","prefecture_code":25,"town":"高月町唐川","city_name":"長浜市"},{"code":"5290271","prefecture_code":25,"town":"高月町熊野","city_name":"長浜市"},{"code":"5290275","prefecture_code":25,"town":"高月町重則","city_name":"長浜市"},{"code":"5290241","prefecture_code":25,"town":"高月町高月","city_name":"長浜市"},{"code":"5290221","prefecture_code":25,"town":"高月町高野","city_name":"長浜市"},{"code":"5290233","prefecture_code":25,"town":"高月町渡岸寺","city_name":"長浜市"},{"code":"5290253","prefecture_code":25,"town":"高月町西阿閉","city_name":"長浜市"},{"code":"5290273","prefecture_code":25,"town":"高月町西野","city_name":"長浜市"},{"code":"5290262","prefecture_code":25,"town":"高月町西物部","city_name":"長浜市"},{"code":"5290265","prefecture_code":25,"town":"高月町西柳野","city_name":"長浜市"},{"code":"5290252","prefecture_code":25,"town":"高月町東阿閉","city_name":"長浜市"},{"code":"5290202","prefecture_code":25,"town":"高月町東高田","city_name":"長浜市"},{"code":"5290261","prefecture_code":25,"town":"高月町東物部","city_name":"長浜市"},{"code":"5290263","prefecture_code":25,"town":"高月町東柳野","city_name":"長浜市"},{"code":"5290204","prefecture_code":25,"town":"高月町布施","city_name":"長浜市"},{"code":"5290211","prefecture_code":25,"town":"高月町保延寺","city_name":"長浜市"},{"code":"5290214","prefecture_code":25,"town":"高月町洞戸","city_name":"長浜市"},{"code":"5290223","prefecture_code":25,"town":"高月町馬上","city_name":"長浜市"},{"code":"5290274","prefecture_code":25,"town":"高月町松尾","city_name":"長浜市"},{"code":"5290213","prefecture_code":25,"town":"高月町持寺","city_name":"長浜市"},{"code":"5290231","prefecture_code":25,"town":"高月町森本","city_name":"長浜市"},{"code":"5290264","prefecture_code":25,"town":"高月町柳野中","city_name":"長浜市"},{"code":"5290201","prefecture_code":25,"town":"高月町横山","city_name":"長浜市"},{"code":"5290142","prefecture_code":25,"town":"田町","city_name":"長浜市"},{"code":"5290102","prefecture_code":25,"town":"月ヶ瀬町","city_name":"長浜市"},{"code":"5290132","prefecture_code":25,"town":"長田町","city_name":"長浜市"},{"code":"5290103","prefecture_code":25,"town":"中野町","city_name":"長浜市"},{"code":"5290721","prefecture_code":25,"town":"西浅井町大浦","city_name":"長浜市"},{"code":"5290714","prefecture_code":25,"town":"西浅井町小山","city_name":"長浜市"},{"code":"5290708","prefecture_code":25,"town":"西浅井町沓掛","city_name":"長浜市"},{"code":"5290725","prefecture_code":25,"town":"西浅井町黒山","city_name":"長浜市"},{"code":"5290704","prefecture_code":25,"town":"西浅井町塩津中","city_name":"長浜市"},{"code":"5290701","prefecture_code":25,"town":"西浅井町塩津浜","city_name":"長浜市"},{"code":"5290707","prefecture_code":25,"town":"西浅井町集福寺","city_name":"長浜市"},{"code":"5290722","prefecture_code":25,"town":"西浅井町庄","city_name":"長浜市"},{"code":"5290726","prefecture_code":25,"town":"西浅井町菅浦","city_name":"長浜市"},{"code":"5290712","prefecture_code":25,"town":"西浅井町月出","city_name":"長浜市"},{"code":"5290723","prefecture_code":25,"town":"西浅井町中","city_name":"長浜市"},{"code":"5290703","prefecture_code":25,"town":"西浅井町野坂","city_name":"長浜市"},{"code":"5290713","prefecture_code":25,"town":"西浅井町八田部","city_name":"長浜市"},{"code":"5290702","prefecture_code":25,"town":"西浅井町祝山","city_name":"長浜市"},{"code":"5290711","prefecture_code":25,"town":"西浅井町岩熊","city_name":"長浜市"},{"code":"5290724","prefecture_code":25,"town":"西浅井町山門","city_name":"長浜市"},{"code":"5290715","prefecture_code":25,"town":"西浅井町山田","city_name":"長浜市"},{"code":"5290706","prefecture_code":25,"town":"西浅井町余","city_name":"長浜市"},{"code":"5290705","prefecture_code":25,"town":"西浅井町横波","city_name":"長浜市"},{"code":"5290123","prefecture_code":25,"town":"西大井町","city_name":"長浜市"},{"code":"5290143","prefecture_code":25,"town":"本町","city_name":"長浜市"},{"code":"5290111","prefecture_code":25,"town":"三川町","city_name":"長浜市"},{"code":"5290112","prefecture_code":25,"town":"宮部町","city_name":"長浜市"},{"code":"5290536","prefecture_code":25,"town":"余呉町池原","city_name":"長浜市"},{"code":"5290535","prefecture_code":25,"town":"余呉町今市","city_name":"長浜市"},{"code":"5290534","prefecture_code":25,"town":"余呉町小谷","city_name":"長浜市"},{"code":"5290503","prefecture_code":25,"town":"余呉町奥川並","city_name":"長浜市"},{"code":"5290502","prefecture_code":25,"town":"余呉町尾羽梨","city_name":"長浜市"},{"code":"5290505","prefecture_code":25,"town":"余呉町小原","city_name":"長浜市"},{"code":"5290512","prefecture_code":25,"town":"余呉町上丹生","city_name":"長浜市"},{"code":"5290523","prefecture_code":25,"town":"余呉町川並","city_name":"長浜市"},{"code":"5290526","prefecture_code":25,"town":"余呉町国安","city_name":"長浜市"},{"code":"5290522","prefecture_code":25,"town":"余呉町坂口","city_name":"長浜市"},{"code":"5290514","prefecture_code":25,"town":"余呉町下丹生","city_name":"長浜市"},{"code":"5290521","prefecture_code":25,"town":"余呉町下余呉","city_name":"長浜市"},{"code":"5290537","prefecture_code":25,"town":"余呉町新堂","city_name":"長浜市"},{"code":"5290511","prefecture_code":25,"town":"余呉町菅並","city_name":"長浜市"},{"code":"5290513","prefecture_code":25,"town":"余呉町摺墨","city_name":"長浜市"},{"code":"5290504","prefecture_code":25,"town":"余呉町田戸","city_name":"長浜市"},{"code":"5290532","prefecture_code":25,"town":"余呉町椿坂","city_name":"長浜市"},{"code":"5290531","prefecture_code":25,"town":"余呉町中河内","city_name":"長浜市"},{"code":"5290515","prefecture_code":25,"town":"余呉町中之郷","city_name":"長浜市"},{"code":"5290501","prefecture_code":25,"town":"余呉町針川","city_name":"長浜市"},{"code":"5290527","prefecture_code":25,"town":"余呉町東野","city_name":"長浜市"},{"code":"5290525","prefecture_code":25,"town":"余呉町文室","city_name":"長浜市"},{"code":"5290524","prefecture_code":25,"town":"余呉町八戸","city_name":"長浜市"},{"code":"5290533","prefecture_code":25,"town":"余呉町柳ケ瀬","city_name":"長浜市"},{"code":"5290506","prefecture_code":25,"town":"余呉町鷲見","city_name":"長浜市"},{"code":"5291811","prefecture_code":25,"town":"信楽町江田","city_name":"甲賀市"},{"code":"5291833","prefecture_code":25,"town":"信楽町小川","city_name":"甲賀市"},{"code":"5291832","prefecture_code":25,"town":"信楽町小川出","city_name":"甲賀市"},{"code":"5291841","prefecture_code":25,"town":"信楽町上朝宮","city_name":"甲賀市"},{"code":"5291802","prefecture_code":25,"town":"信楽町黄瀬","city_name":"甲賀市"},{"code":"5291812","prefecture_code":25,"town":"信楽町神山","city_name":"甲賀市"},{"code":"5291842","prefecture_code":25,"town":"信楽町下朝宮","city_name":"甲賀市"},{"code":"5291834","prefecture_code":25,"town":"信楽町杉山","city_name":"甲賀市"},{"code":"5291814","prefecture_code":25,"town":"信楽町田代","city_name":"甲賀市"},{"code":"5291821","prefecture_code":25,"town":"信楽町多羅尾","city_name":"甲賀市"},{"code":"5291804","prefecture_code":25,"town":"信楽町勅旨","city_name":"甲賀市"},{"code":"5291835","prefecture_code":25,"town":"信楽町中野","city_name":"甲賀市"},{"code":"5291851","prefecture_code":25,"town":"信楽町長野","city_name":"甲賀市"},{"code":"5291831","prefecture_code":25,"town":"信楽町西","city_name":"甲賀市"},{"code":"5291813","prefecture_code":25,"town":"信楽町畑","city_name":"甲賀市"},{"code":"5291836","prefecture_code":25,"town":"信楽町柞原","city_name":"甲賀市"},{"code":"5291803","prefecture_code":25,"town":"信楽町牧","city_name":"甲賀市"},{"code":"5291843","prefecture_code":25,"town":"信楽町宮尻","city_name":"甲賀市"},{"code":"5291801","prefecture_code":25,"town":"信楽町宮町","city_name":"甲賀市"},{"code":"5291501","prefecture_code":25,"town":"石塔町","city_name":"東近江市"},{"code":"5291533","prefecture_code":25,"town":"市子沖町","city_name":"東近江市"},{"code":"5291531","prefecture_code":25,"town":"市子川原町","city_name":"東近江市"},{"code":"5291537","prefecture_code":25,"town":"市子殿町","city_name":"東近江市"},{"code":"5291532","prefecture_code":25,"town":"市子松井町","city_name":"東近江市"},{"code":"5291561","prefecture_code":25,"town":"稲垂町","city_name":"東近江市"},{"code":"5291522","prefecture_code":25,"town":"鋳物師町","city_name":"東近江市"},{"code":"5291512","prefecture_code":25,"town":"大塚町","city_name":"東近江市"},{"code":"5291566","prefecture_code":25,"town":"葛巻町","city_name":"東近江市"},{"code":"5291503","prefecture_code":25,"town":"綺田町","city_name":"東近江市"},{"code":"5291523","prefecture_code":25,"town":"上麻生町","city_name":"東近江市"},{"code":"5291535","prefecture_code":25,"town":"上南町","city_name":"東近江市"},{"code":"5291514","prefecture_code":25,"town":"蒲生大森町","city_name":"東近江市"},{"code":"5291521","prefecture_code":25,"town":"蒲生岡本町","city_name":"東近江市"},{"code":"5291504","prefecture_code":25,"town":"蒲生寺町","city_name":"東近江市"},{"code":"5291541","prefecture_code":25,"town":"蒲生堂町","city_name":"東近江市"},{"code":"5291571","prefecture_code":25,"town":"川合町","city_name":"東近江市"},{"code":"5291562","prefecture_code":25,"town":"木村町","city_name":"東近江市"},{"code":"5291536","prefecture_code":25,"town":"合戸町","city_name":"東近江市"},{"code":"5291425","prefecture_code":25,"town":"五個荘石川町","city_name":"東近江市"},{"code":"5291444","prefecture_code":25,"town":"五個荘石塚町","city_name":"東近江市"},{"code":"5291401","prefecture_code":25,"town":"五個荘石馬寺町","city_name":"東近江市"},{"code":"5291435","prefecture_code":25,"town":"五個荘伊野部町","city_name":"東近江市"},{"code":"5291423","prefecture_code":25,"town":"五個荘奥町","city_name":"東近江市"},{"code":"5291422","prefecture_code":25,"town":"五個荘小幡町","city_name":"東近江市"},{"code":"5291411","prefecture_code":25,"town":"五個荘河曲町","city_name":"東近江市"},{"code":"5291441","prefecture_code":25,"town":"五個荘川並町","city_name":"東近江市"},{"code":"5291443","prefecture_code":25,"town":"五個荘北町屋町","city_name":"東近江市"},{"code":"5291433","prefecture_code":25,"town":"五個荘木流町","city_name":"東近江市"},{"code":"5291415","prefecture_code":25,"town":"五個荘五位田町","city_name":"東近江市"},{"code":"5291405","prefecture_code":25,"town":"五個荘金堂町","city_name":"東近江市"},{"code":"5291402","prefecture_code":25,"town":"五個荘七里町","city_name":"東近江市"},{"code":"5291445","prefecture_code":25,"town":"五個荘清水鼻町","city_name":"東近江市"},{"code":"5291432","prefecture_code":25,"town":"五個荘新堂町","city_name":"東近江市"},{"code":"5291421","prefecture_code":25,"town":"五個荘竜田町","city_name":"東近江市"},{"code":"5291442","prefecture_code":25,"town":"五個荘塚本町","city_name":"東近江市"},{"code":"5291414","prefecture_code":25,"town":"五個荘中町","city_name":"東近江市"},{"code":"5291403","prefecture_code":25,"town":"五個荘日吉町","city_name":"東近江市"},{"code":"5291434","prefecture_code":25,"town":"五個荘平阪町","city_name":"東近江市"},{"code":"5291424","prefecture_code":25,"town":"五個荘三俣町","city_name":"東近江市"},{"code":"5291413","prefecture_code":25,"town":"五個荘簗瀬町","city_name":"東近江市"},{"code":"5291431","prefecture_code":25,"town":"五個荘山本町","city_name":"東近江市"},{"code":"5291412","prefecture_code":25,"town":"五個荘和田町","city_name":"東近江市"},{"code":"5291572","prefecture_code":25,"town":"桜川西町","city_name":"東近江市"},{"code":"5291511","prefecture_code":25,"town":"桜川東町","city_name":"東近江市"},{"code":"5291524","prefecture_code":25,"town":"下麻生町","city_name":"東近江市"},{"code":"5291534","prefecture_code":25,"town":"鈴町","city_name":"東近江市"},{"code":"5291513","prefecture_code":25,"town":"田井町","city_name":"東近江市"},{"code":"5291565","prefecture_code":25,"town":"外原町","city_name":"東近江市"},{"code":"5291502","prefecture_code":25,"town":"平林町","city_name":"東近江市"},{"code":"5291564","prefecture_code":25,"town":"宮井町","city_name":"東近江市"},{"code":"5291551","prefecture_code":25,"town":"宮川町","city_name":"東近江市"},{"code":"5291404","prefecture_code":25,"town":"宮荘町","city_name":"東近江市"},{"code":"5291563","prefecture_code":25,"town":"横山町","city_name":"東近江市"},{"code":"5291600","prefecture_code":25,"town":"","city_name":"蒲生郡日野町"},{"code":"5291661","prefecture_code":25,"town":"安部居","city_name":"蒲生郡日野町"},{"code":"5291655","prefecture_code":25,"town":"石原","city_name":"蒲生郡日野町"},{"code":"5291648","prefecture_code":25,"town":"いせの","city_name":"蒲生郡日野町"},{"code":"5291644","prefecture_code":25,"town":"内池","city_name":"蒲生郡日野町"},{"code":"5291605","prefecture_code":25,"town":"小井口","city_name":"蒲生郡日野町"},{"code":"5291603","prefecture_code":25,"town":"大窪","city_name":"蒲生郡日野町"},{"code":"5291608","prefecture_code":25,"town":"大谷","city_name":"蒲生郡日野町"},{"code":"5291616","prefecture_code":25,"town":"奥師","city_name":"蒲生郡日野町"},{"code":"5291610","prefecture_code":25,"town":"奥之池","city_name":"蒲生郡日野町"},{"code":"5291626","prefecture_code":25,"town":"音羽","city_name":"蒲生郡日野町"},{"code":"5291631","prefecture_code":25,"town":"鎌掛","city_name":"蒲生郡日野町"},{"code":"5291632","prefecture_code":25,"town":"上駒月","city_name":"蒲生郡日野町"},{"code":"5291613","prefecture_code":25,"town":"川原","city_name":"蒲生郡日野町"},{"code":"5291602","prefecture_code":25,"town":"河原","city_name":"蒲生郡日野町"},{"code":"5291622","prefecture_code":25,"town":"北畑","city_name":"蒲生郡日野町"},{"code":"5291663","prefecture_code":25,"town":"北脇","city_name":"蒲生郡日野町"},{"code":"5291607","prefecture_code":25,"town":"木津","city_name":"蒲生郡日野町"},{"code":"5291636","prefecture_code":25,"town":"清田","city_name":"蒲生郡日野町"},{"code":"5291623","prefecture_code":25,"town":"熊野","city_name":"蒲生郡日野町"},{"code":"5291642","prefecture_code":25,"town":"上野田","city_name":"蒲生郡日野町"},{"code":"5291654","prefecture_code":25,"town":"小谷","city_name":"蒲生郡日野町"},{"code":"5291615","prefecture_code":25,"town":"小野","city_name":"蒲生郡日野町"},{"code":"5291652","prefecture_code":25,"town":"小御門","city_name":"蒲生郡日野町"},{"code":"5291621","prefecture_code":25,"town":"西明寺","city_name":"蒲生郡日野町"},{"code":"5291625","prefecture_code":25,"town":"蔵王","city_name":"蒲生郡日野町"},{"code":"5291619","prefecture_code":25,"town":"佐久良","city_name":"蒲生郡日野町"},{"code":"5291643","prefecture_code":25,"town":"里口","city_name":"蒲生郡日野町"},{"code":"5291633","prefecture_code":25,"town":"下駒月","city_name":"蒲生郡日野町"},{"code":"5291645","prefecture_code":25,"town":"十禅師","city_name":"蒲生郡日野町"},{"code":"5291612","prefecture_code":25,"town":"杉","city_name":"蒲生郡日野町"},{"code":"5291611","prefecture_code":25,"town":"杣","city_name":"蒲生郡日野町"},{"code":"5291606","prefecture_code":25,"town":"寺尻","city_name":"蒲生郡日野町"},{"code":"5291657","prefecture_code":25,"town":"豊田","city_name":"蒲生郡日野町"},{"code":"5291618","prefecture_code":25,"town":"鳥居平","city_name":"蒲生郡日野町"},{"code":"5291662","prefecture_code":25,"town":"中在寺","city_name":"蒲生郡日野町"},{"code":"5291617","prefecture_code":25,"town":"中之郷","city_name":"蒲生郡日野町"},{"code":"5291609","prefecture_code":25,"town":"中道","city_name":"蒲生郡日野町"},{"code":"5291658","prefecture_code":25,"town":"中山","city_name":"蒲生郡日野町"},{"code":"5291628","prefecture_code":25,"town":"西大路","city_name":"蒲生郡日野町"},{"code":"5291627","prefecture_code":25,"town":"仁本木","city_name":"蒲生郡日野町"},{"code":"5291646","prefecture_code":25,"town":"猫田","city_name":"蒲生郡日野町"},{"code":"5291665","prefecture_code":25,"town":"野出","city_name":"蒲生郡日野町"},{"code":"5291635","prefecture_code":25,"town":"迫","city_name":"蒲生郡日野町"},{"code":"5291614","prefecture_code":25,"town":"原","city_name":"蒲生郡日野町"},{"code":"5291641","prefecture_code":25,"town":"日田","city_name":"蒲生郡日野町"},{"code":"5291624","prefecture_code":25,"town":"平子","city_name":"蒲生郡日野町"},{"code":"5291647","prefecture_code":25,"town":"別所","city_name":"蒲生郡日野町"},{"code":"5291656","prefecture_code":25,"town":"増田","city_name":"蒲生郡日野町"},{"code":"5291601","prefecture_code":25,"town":"松尾","city_name":"蒲生郡日野町"},{"code":"5291653","prefecture_code":25,"town":"三十坪","city_name":"蒲生郡日野町"},{"code":"5291634","prefecture_code":25,"town":"深山口","city_name":"蒲生郡日野町"},{"code":"5291604","prefecture_code":25,"town":"村井","city_name":"蒲生郡日野町"},{"code":"5291651","prefecture_code":25,"town":"山本","city_name":"蒲生郡日野町"},{"code":"5291664","prefecture_code":25,"town":"蓮花寺","city_name":"蒲生郡日野町"},{"code":"5291300","prefecture_code":25,"town":"","city_name":"愛知郡愛荘町"},{"code":"5291234","prefecture_code":25,"town":"安孫子","city_name":"愛知郡愛荘町"},{"code":"5291311","prefecture_code":25,"town":"石橋","city_name":"愛知郡愛荘町"},{"code":"5291313","prefecture_code":25,"town":"市","city_name":"愛知郡愛荘町"},{"code":"5291207","prefecture_code":25,"town":"岩倉","city_name":"愛知郡愛荘町"},{"code":"5291331","prefecture_code":25,"town":"愛知川","city_name":"愛知郡愛荘町"},{"code":"5291231","prefecture_code":25,"town":"円城寺","city_name":"愛知郡愛荘町"},{"code":"5291213","prefecture_code":25,"town":"沖","city_name":"愛知郡愛荘町"},{"code":"5291206","prefecture_code":25,"town":"蚊野","city_name":"愛知郡愛荘町"},{"code":"5291204","prefecture_code":25,"town":"蚊野外","city_name":"愛知郡愛荘町"},{"code":"5291203","prefecture_code":25,"town":"上蚊野","city_name":"愛知郡愛荘町"},{"code":"5291324","prefecture_code":25,"town":"苅間","city_name":"愛知郡愛荘町"},{"code":"5291205","prefecture_code":25,"town":"軽野","city_name":"愛知郡愛荘町"},{"code":"5291312","prefecture_code":25,"town":"川久保","city_name":"愛知郡愛荘町"},{"code":"5291302","prefecture_code":25,"town":"川原","city_name":"愛知郡愛荘町"},{"code":"5291222","prefecture_code":25,"town":"北八木","city_name":"愛知郡愛荘町"},{"code":"5291315","prefecture_code":25,"town":"沓掛","city_name":"愛知郡愛荘町"},{"code":"5291225","prefecture_code":25,"town":"栗田","city_name":"愛知郡愛荘町"},{"code":"5291211","prefecture_code":25,"town":"香之庄","city_name":"愛知郡愛荘町"},{"code":"5291223","prefecture_code":25,"town":"島川","city_name":"愛知郡愛荘町"},{"code":"5291221","prefecture_code":25,"town":"下八木","city_name":"愛知郡愛荘町"},{"code":"5291232","prefecture_code":25,"town":"常安寺","city_name":"愛知郡愛荘町"},{"code":"5291208","prefecture_code":25,"town":"竹原","city_name":"愛知郡愛荘町"},{"code":"5291325","prefecture_code":25,"town":"東円堂","city_name":"愛知郡愛荘町"},{"code":"5291321","prefecture_code":25,"town":"豊満","city_name":"愛知郡愛荘町"},{"code":"5291314","prefecture_code":25,"town":"中宿","city_name":"愛知郡愛荘町"},{"code":"5291224","prefecture_code":25,"town":"長塚","city_name":"愛知郡愛荘町"},{"code":"5291303","prefecture_code":25,"town":"長野","city_name":"愛知郡愛荘町"},{"code":"5291237","prefecture_code":25,"town":"西出","city_name":"愛知郡愛荘町"},{"code":"5291227","prefecture_code":25,"town":"野々目","city_name":"愛知郡愛荘町"},{"code":"5291323","prefecture_code":25,"town":"畑田","city_name":"愛知郡愛荘町"},{"code":"5291233","prefecture_code":25,"town":"東出","city_name":"愛知郡愛荘町"},{"code":"5291322","prefecture_code":25,"town":"平居","city_name":"愛知郡愛荘町"},{"code":"5291236","prefecture_code":25,"town":"深草","city_name":"愛知郡愛荘町"},{"code":"5291202","prefecture_code":25,"town":"松尾寺","city_name":"愛知郡愛荘町"},{"code":"5291226","prefecture_code":25,"town":"南野々目","city_name":"愛知郡愛荘町"},{"code":"5291214","prefecture_code":25,"town":"宮後","city_name":"愛知郡愛荘町"},{"code":"5291235","prefecture_code":25,"town":"目加田","city_name":"愛知郡愛荘町"},{"code":"5291212","prefecture_code":25,"town":"元持","city_name":"愛知郡愛荘町"},{"code":"5291301","prefecture_code":25,"town":"山川原","city_name":"愛知郡愛荘町"},{"code":"5291228","prefecture_code":25,"town":"矢守","city_name":"愛知郡愛荘町"},{"code":"5291201","prefecture_code":25,"town":"斧磨","city_name":"愛知郡愛荘町"},{"code":"5291100","prefecture_code":25,"town":"","city_name":"犬上郡豊郷町"},{"code":"5291163","prefecture_code":25,"town":"雨降野","city_name":"犬上郡豊郷町"},{"code":"5291171","prefecture_code":25,"town":"安食西","city_name":"犬上郡豊郷町"},{"code":"5291172","prefecture_code":25,"town":"安食南","city_name":"犬上郡豊郷町"},{"code":"5291169","prefecture_code":25,"town":"石畑","city_name":"犬上郡豊郷町"},{"code":"5291176","prefecture_code":25,"town":"大町","city_name":"犬上郡豊郷町"},{"code":"5291166","prefecture_code":25,"town":"上枝","city_name":"犬上郡豊郷町"},{"code":"5291175","prefecture_code":25,"town":"沢","city_name":"犬上郡豊郷町"},{"code":"5291161","prefecture_code":25,"town":"四十九院","city_name":"犬上郡豊郷町"},{"code":"5291174","prefecture_code":25,"town":"下枝","city_name":"犬上郡豊郷町"},{"code":"5291167","prefecture_code":25,"town":"杉","city_name":"犬上郡豊郷町"},{"code":"5291173","prefecture_code":25,"town":"高野瀬","city_name":"犬上郡豊郷町"},{"code":"5291168","prefecture_code":25,"town":"八目","city_name":"犬上郡豊郷町"},{"code":"5291162","prefecture_code":25,"town":"八町","city_name":"犬上郡豊郷町"},{"code":"5291164","prefecture_code":25,"town":"日栄","city_name":"犬上郡豊郷町"},{"code":"5291177","prefecture_code":25,"town":"三ツ池","city_name":"犬上郡豊郷町"},{"code":"5291165","prefecture_code":25,"town":"吉田","city_name":"犬上郡豊郷町"}]
