[{"code":"5830000","prefecture_code":27,"town":"","city_name":"羽曳野市"},{"code":"5830842","prefecture_code":27,"town":"飛鳥","city_name":"羽曳野市"},{"code":"5830876","prefecture_code":27,"town":"伊賀","city_name":"羽曳野市"},{"code":"5830851","prefecture_code":27,"town":"碓井","city_name":"羽曳野市"},{"code":"5830886","prefecture_code":27,"town":"恵我之荘","city_name":"羽曳野市"},{"code":"5830847","prefecture_code":27,"town":"大黒","city_name":"羽曳野市"},{"code":"5830868","prefecture_code":27,"town":"学園前","city_name":"羽曳野市"},{"code":"5830875","prefecture_code":27,"town":"樫山","city_name":"羽曳野市"},{"code":"5830854","prefecture_code":27,"town":"軽里","city_name":"羽曳野市"},{"code":"5830867","prefecture_code":27,"town":"河原城","city_name":"羽曳野市"},{"code":"5830848","prefecture_code":27,"town":"川向","city_name":"羽曳野市"},{"code":"5830863","prefecture_code":27,"town":"蔵之内","city_name":"羽曳野市"},{"code":"5830874","prefecture_code":27,"town":"郡戸","city_name":"羽曳野市"},{"code":"5830841","prefecture_code":27,"town":"駒ケ谷","city_name":"羽曳野市"},{"code":"5830857","prefecture_code":27,"town":"誉田","city_name":"羽曳野市"},{"code":"5830853","prefecture_code":27,"town":"栄町","city_name":"羽曳野市"},{"code":"5830881","prefecture_code":27,"town":"島泉","city_name":"羽曳野市"},{"code":"5830862","prefecture_code":27,"town":"尺度","city_name":"羽曳野市"},{"code":"5830855","prefecture_code":27,"town":"翠鳥園","city_name":"羽曳野市"},{"code":"5830882","prefecture_code":27,"town":"高鷲","city_name":"羽曳野市"},{"code":"5830843","prefecture_code":27,"town":"通法寺","city_name":"羽曳野市"},{"code":"5830844","prefecture_code":27,"town":"壺井","city_name":"羽曳野市"},{"code":"5830861","prefecture_code":27,"town":"西浦","city_name":"羽曳野市"},{"code":"5830884","prefecture_code":27,"town":"野","city_name":"羽曳野市"},{"code":"5830871","prefecture_code":27,"town":"野々上","city_name":"羽曳野市"},{"code":"5830856","prefecture_code":27,"town":"白鳥","city_name":"羽曳野市"},{"code":"5830866","prefecture_code":27,"town":"埴生野","city_name":"羽曳野市"},{"code":"5830864","prefecture_code":27,"town":"羽曳が丘","city_name":"羽曳野市"},{"code":"5830865","prefecture_code":27,"town":"羽曳が丘西","city_name":"羽曳野市"},{"code":"5830872","prefecture_code":27,"town":"はびきの","city_name":"羽曳野市"},{"code":"5830846","prefecture_code":27,"town":"東阪田","city_name":"羽曳野市"},{"code":"5830845","prefecture_code":27,"town":"広瀬","city_name":"羽曳野市"},{"code":"5830852","prefecture_code":27,"town":"古市","city_name":"羽曳野市"},{"code":"5830885","prefecture_code":27,"town":"南恵我之荘","city_name":"羽曳野市"},{"code":"5830858","prefecture_code":27,"town":"南古市","city_name":"羽曳野市"},{"code":"5830883","prefecture_code":27,"town":"向野","city_name":"羽曳野市"},{"code":"5830873","prefecture_code":27,"town":"桃山台","city_name":"羽曳野市"},{"code":"5830000","prefecture_code":27,"town":"","city_name":"藤井寺市"},{"code":"5830015","prefecture_code":27,"town":"青山","city_name":"藤井寺市"},{"code":"5830004","prefecture_code":27,"town":"梅が園町","city_name":"藤井寺市"},{"code":"5830036","prefecture_code":27,"town":"恵美坂","city_name":"藤井寺市"},{"code":"5830008","prefecture_code":27,"town":"大井","city_name":"藤井寺市"},{"code":"5830027","prefecture_code":27,"town":"岡","city_name":"藤井寺市"},{"code":"5830026","prefecture_code":27,"town":"春日丘","city_name":"藤井寺市"},{"code":"5830025","prefecture_code":27,"town":"春日丘新町","city_name":"藤井寺市"},{"code":"5830001","prefecture_code":27,"town":"川北","city_name":"藤井寺市"},{"code":"5830035","prefecture_code":27,"town":"北岡","city_name":"藤井寺市"},{"code":"5830006","prefecture_code":27,"town":"国府","city_name":"藤井寺市"},{"code":"5830013","prefecture_code":27,"town":"古室","city_name":"藤井寺市"},{"code":"5830033","prefecture_code":27,"town":"小山","city_name":"藤井寺市"},{"code":"5830031","prefecture_code":27,"town":"小山新町","city_name":"藤井寺市"},{"code":"5830034","prefecture_code":27,"town":"小山藤の里町","city_name":"藤井寺市"},{"code":"5830032","prefecture_code":27,"town":"小山藤美町","city_name":"藤井寺市"},{"code":"5830023","prefecture_code":27,"town":"さくら町","city_name":"藤井寺市"},{"code":"5830011","prefecture_code":27,"town":"沢田","city_name":"藤井寺市"},{"code":"5830005","prefecture_code":27,"town":"惣社","city_name":"藤井寺市"},{"code":"5830037","prefecture_code":27,"town":"津堂","city_name":"藤井寺市"},{"code":"5830012","prefecture_code":27,"town":"道明寺","city_name":"藤井寺市"},{"code":"5830009","prefecture_code":27,"town":"西大井","city_name":"藤井寺市"},{"code":"5830018","prefecture_code":27,"town":"西古室","city_name":"藤井寺市"},{"code":"5830014","prefecture_code":27,"town":"野中","city_name":"藤井寺市"},{"code":"5830007","prefecture_code":27,"town":"林","city_name":"藤井寺市"},{"code":"5830022","prefecture_code":27,"town":"東藤井寺町","city_name":"藤井寺市"},{"code":"5830024","prefecture_code":27,"town":"藤井寺","city_name":"藤井寺市"},{"code":"5830017","prefecture_code":27,"town":"藤ケ丘","city_name":"藤井寺市"},{"code":"5830003","prefecture_code":27,"town":"船橋町","city_name":"藤井寺市"},{"code":"5830002","prefecture_code":27,"town":"北條町","city_name":"藤井寺市"},{"code":"5830021","prefecture_code":27,"town":"御舟町","city_name":"藤井寺市"},{"code":"5830016","prefecture_code":27,"town":"陵南町","city_name":"藤井寺市"},{"code":"5830000","prefecture_code":27,"town":"","city_name":"南河内郡太子町"},{"code":"5830991","prefecture_code":27,"town":"春日","city_name":"南河内郡太子町"},{"code":"5830996","prefecture_code":27,"town":"聖和台","city_name":"南河内郡太子町"},{"code":"5830995","prefecture_code":27,"town":"太子","city_name":"南河内郡太子町"},{"code":"5830993","prefecture_code":27,"town":"畑","city_name":"南河内郡太子町"},{"code":"5830994","prefecture_code":27,"town":"葉室","city_name":"南河内郡太子町"},{"code":"5830992","prefecture_code":27,"town":"山田","city_name":"南河内郡太子町"}]
