[{"code":"6960000","prefecture_code":32,"town":"","city_name":"邑智郡川本町"},{"code":"6960003","prefecture_code":32,"town":"因原","city_name":"邑智郡川本町"},{"code":"6960011","prefecture_code":32,"town":"川内","city_name":"邑智郡川本町"},{"code":"6960004","prefecture_code":32,"town":"川下","city_name":"邑智郡川本町"},{"code":"6960001","prefecture_code":32,"town":"川本","city_name":"邑智郡川本町"},{"code":"6961221","prefecture_code":32,"town":"北佐木","city_name":"邑智郡川本町"},{"code":"6960006","prefecture_code":32,"town":"久座仁","city_name":"邑智郡川本町"},{"code":"6960012","prefecture_code":32,"town":"小谷","city_name":"邑智郡川本町"},{"code":"6961226","prefecture_code":32,"town":"田窪","city_name":"邑智郡川本町"},{"code":"6960007","prefecture_code":32,"town":"多田","city_name":"邑智郡川本町"},{"code":"6960005","prefecture_code":32,"town":"谷戸","city_name":"邑智郡川本町"},{"code":"6960002","prefecture_code":32,"town":"都賀行","city_name":"邑智郡川本町"},{"code":"6960013","prefecture_code":32,"town":"馬野原","city_name":"邑智郡川本町"},{"code":"6961225","prefecture_code":32,"town":"南佐木","city_name":"邑智郡川本町"},{"code":"6961224","prefecture_code":32,"town":"三原","city_name":"邑智郡川本町"},{"code":"6961223","prefecture_code":32,"town":"三俣","city_name":"邑智郡川本町"},{"code":"6961222","prefecture_code":32,"town":"湯谷","city_name":"邑智郡川本町"},{"code":"6960701","prefecture_code":32,"town":"潮村","city_name":"邑智郡美郷町"},{"code":"6961136","prefecture_code":32,"town":"内田","city_name":"邑智郡美郷町"},{"code":"6961137","prefecture_code":32,"town":"櫨谷","city_name":"邑智郡美郷町"},{"code":"6960702","prefecture_code":32,"town":"上野","city_name":"邑智郡美郷町"},{"code":"6961141","prefecture_code":32,"town":"京覧原","city_name":"邑智郡美郷町"},{"code":"6961142","prefecture_code":32,"town":"久喜原","city_name":"邑智郡美郷町"},{"code":"6961144","prefecture_code":32,"town":"小谷","city_name":"邑智郡美郷町"},{"code":"6961133","prefecture_code":32,"town":"小林","city_name":"邑智郡美郷町"},{"code":"6961135","prefecture_code":32,"town":"小松地","city_name":"邑智郡美郷町"},{"code":"6961132","prefecture_code":32,"town":"志君","city_name":"邑智郡美郷町"},{"code":"6961143","prefecture_code":32,"town":"地頭所","city_name":"邑智郡美郷町"},{"code":"6961134","prefecture_code":32,"town":"惣森","city_name":"邑智郡美郷町"},{"code":"6960703","prefecture_code":32,"town":"都賀西","city_name":"邑智郡美郷町"},{"code":"6960704","prefecture_code":32,"town":"都賀本郷","city_name":"邑智郡美郷町"},{"code":"6960705","prefecture_code":32,"town":"都賀行","city_name":"邑智郡美郷町"},{"code":"6960706","prefecture_code":32,"town":"長藤","city_name":"邑智郡美郷町"},{"code":"6960712","prefecture_code":32,"town":"比敷","city_name":"邑智郡美郷町"},{"code":"6961131","prefecture_code":32,"town":"別府","city_name":"邑智郡美郷町"},{"code":"6961145","prefecture_code":32,"town":"港","city_name":"邑智郡美郷町"},{"code":"6960711","prefecture_code":32,"town":"宮内","city_name":"邑智郡美郷町"},{"code":"6960713","prefecture_code":32,"town":"村之郷","city_name":"邑智郡美郷町"},{"code":"6960100","prefecture_code":32,"town":"","city_name":"邑智郡邑南町"},{"code":"6960501","prefecture_code":32,"town":"阿須那","city_name":"邑智郡邑南町"},{"code":"6960312","prefecture_code":32,"town":"出羽","city_name":"邑智郡邑南町"},{"code":"6960101","prefecture_code":32,"town":"井原","city_name":"邑智郡邑南町"},{"code":"6960504","prefecture_code":32,"town":"今井","city_name":"邑智郡邑南町"},{"code":"6960314","prefecture_code":32,"town":"岩屋","city_name":"邑智郡邑南町"},{"code":"6960601","prefecture_code":32,"town":"上田","city_name":"邑智郡邑南町"},{"code":"6960503","prefecture_code":32,"town":"宇都井","city_name":"邑智郡邑南町"},{"code":"6960315","prefecture_code":32,"town":"大林","city_name":"邑智郡邑南町"},{"code":"6960224","prefecture_code":32,"town":"上亀谷","city_name":"邑智郡邑南町"},{"code":"6960602","prefecture_code":32,"town":"上口羽","city_name":"邑智郡邑南町"},{"code":"6960225","prefecture_code":32,"town":"上田所","city_name":"邑智郡邑南町"},{"code":"6960405","prefecture_code":32,"town":"上原","city_name":"邑智郡邑南町"},{"code":"6960502","prefecture_code":32,"town":"木須田","city_name":"邑智郡邑南町"},{"code":"6960316","prefecture_code":32,"town":"久喜","city_name":"邑智郡邑南町"},{"code":"6960131","prefecture_code":32,"town":"高水","city_name":"邑智郡邑南町"},{"code":"6960223","prefecture_code":32,"town":"下亀谷","city_name":"邑智郡邑南町"},{"code":"6960603","prefecture_code":32,"town":"下口羽","city_name":"邑智郡邑南町"},{"code":"6960222","prefecture_code":32,"town":"下田所","city_name":"邑智郡邑南町"},{"code":"6960406","prefecture_code":32,"town":"高見","city_name":"邑智郡邑南町"},{"code":"6960505","prefecture_code":32,"town":"戸河内","city_name":"邑智郡邑南町"},{"code":"6960102","prefecture_code":32,"town":"中野","city_name":"邑智郡邑南町"},{"code":"6960404","prefecture_code":32,"town":"原村","city_name":"邑智郡邑南町"},{"code":"6960104","prefecture_code":32,"town":"日和","city_name":"邑智郡邑南町"},{"code":"6960402","prefecture_code":32,"town":"伏谷","city_name":"邑智郡邑南町"},{"code":"6960401","prefecture_code":32,"town":"布施","city_name":"邑智郡邑南町"},{"code":"6960221","prefecture_code":32,"town":"鱒渕","city_name":"邑智郡邑南町"},{"code":"6960311","prefecture_code":32,"town":"三日市","city_name":"邑智郡邑南町"},{"code":"6960407","prefecture_code":32,"town":"八色石","city_name":"邑智郡邑南町"},{"code":"6960103","prefecture_code":32,"town":"矢上","city_name":"邑智郡邑南町"},{"code":"6960313","prefecture_code":32,"town":"山田","city_name":"邑智郡邑南町"},{"code":"6960506","prefecture_code":32,"town":"雪田","city_name":"邑智郡邑南町"},{"code":"6960317","prefecture_code":32,"town":"淀原","city_name":"邑智郡邑南町"},{"code":"6960403","prefecture_code":32,"town":"和田","city_name":"邑智郡邑南町"}]
