[{"code":"7230000","prefecture_code":34,"town":"","city_name":"三原市"},{"code":"7230047","prefecture_code":34,"town":"青葉台","city_name":"三原市"},{"code":"7230012","prefecture_code":34,"town":"旭町","city_name":"三原市"},{"code":"7230015","prefecture_code":34,"town":"円一町","city_name":"三原市"},{"code":"7230066","prefecture_code":34,"town":"大畑町","city_name":"三原市"},{"code":"7230033","prefecture_code":34,"town":"沖浦町","city_name":"三原市"},{"code":"7230131","prefecture_code":34,"town":"小坂町","city_name":"三原市"},{"code":"7230043","prefecture_code":34,"town":"貝野町","city_name":"三原市"},{"code":"7230053","prefecture_code":34,"town":"学園町","city_name":"三原市"},{"code":"7230013","prefecture_code":34,"town":"古浜","city_name":"三原市"},{"code":"7230006","prefecture_code":34,"town":"駒ケ原町","city_name":"三原市"},{"code":"7230021","prefecture_code":34,"town":"鷺浦町須波","city_name":"三原市"},{"code":"7230022","prefecture_code":34,"town":"鷺浦町向田野浦","city_name":"三原市"},{"code":"7230005","prefecture_code":34,"town":"桜山町","city_name":"三原市"},{"code":"7230014","prefecture_code":34,"town":"城町","city_name":"三原市"},{"code":"7230134","prefecture_code":34,"town":"新倉","city_name":"三原市"},{"code":"7230134","prefecture_code":34,"town":"新倉町","city_name":"三原市"},{"code":"7230031","prefecture_code":34,"town":"須波","city_name":"三原市"},{"code":"7230031","prefecture_code":34,"town":"須波町","city_name":"三原市"},{"code":"7230032","prefecture_code":34,"town":"須波西","city_name":"三原市"},{"code":"7230032","prefecture_code":34,"town":"須波西町","city_name":"三原市"},{"code":"7230035","prefecture_code":34,"town":"須波ハイツ","city_name":"三原市"},{"code":"7230044","prefecture_code":34,"town":"宗郷","city_name":"三原市"},{"code":"7230045","prefecture_code":34,"town":"田野浦","city_name":"三原市"},{"code":"7230003","prefecture_code":34,"town":"中之町","city_name":"三原市"},{"code":"7230002","prefecture_code":34,"town":"中之町南","city_name":"三原市"},{"code":"7230007","prefecture_code":34,"town":"中之町北","city_name":"三原市"},{"code":"7230132","prefecture_code":34,"town":"長谷","city_name":"三原市"},{"code":"7230132","prefecture_code":34,"town":"長谷町","city_name":"三原市"},{"code":"7230065","prefecture_code":34,"town":"西野","city_name":"三原市"},{"code":"7230063","prefecture_code":34,"town":"西町","city_name":"三原市"},{"code":"7230064","prefecture_code":34,"town":"西宮","city_name":"三原市"},{"code":"7230133","prefecture_code":34,"town":"沼田","city_name":"三原市"},{"code":"7230133","prefecture_code":34,"town":"沼田町","city_name":"三原市"},{"code":"7230145","prefecture_code":34,"town":"沼田東町片島","city_name":"三原市"},{"code":"7230143","prefecture_code":34,"town":"沼田東町釜山","city_name":"三原市"},{"code":"7230148","prefecture_code":34,"town":"沼田東町七宝","city_name":"三原市"},{"code":"7230144","prefecture_code":34,"town":"沼田東町末広","city_name":"三原市"},{"code":"7230142","prefecture_code":34,"town":"沼田東町末光","city_name":"三原市"},{"code":"7230146","prefecture_code":34,"town":"沼田東町納所","city_name":"三原市"},{"code":"7230147","prefecture_code":34,"town":"沼田東町本市","city_name":"三原市"},{"code":"7230141","prefecture_code":34,"town":"沼田東町両名","city_name":"三原市"},{"code":"7230034","prefecture_code":34,"town":"登町","city_name":"三原市"},{"code":"7230011","prefecture_code":34,"town":"東町","city_name":"三原市"},{"code":"7230001","prefecture_code":34,"town":"深町","city_name":"三原市"},{"code":"7230062","prefecture_code":34,"town":"本町","city_name":"三原市"},{"code":"7230017","prefecture_code":34,"town":"港町","city_name":"三原市"},{"code":"7230052","prefecture_code":34,"town":"皆実","city_name":"三原市"},{"code":"7230051","prefecture_code":34,"town":"宮浦","city_name":"三原市"},{"code":"7230016","prefecture_code":34,"town":"宮沖","city_name":"三原市"},{"code":"7230046","prefecture_code":34,"town":"明神","city_name":"三原市"},{"code":"7230004","prefecture_code":34,"town":"館町","city_name":"三原市"},{"code":"7230061","prefecture_code":34,"town":"八坂町","city_name":"三原市"},{"code":"7230054","prefecture_code":34,"town":"頼兼","city_name":"三原市"},{"code":"7230042","prefecture_code":34,"town":"和田沖町","city_name":"三原市"},{"code":"7230041","prefecture_code":34,"town":"和田","city_name":"三原市"}]
