[{"code":"7292313","prefecture_code":34,"town":"高崎町","city_name":"竹原市"},{"code":"7292311","prefecture_code":34,"town":"忠海町","city_name":"竹原市"},{"code":"7292314","prefecture_code":34,"town":"忠海床浦","city_name":"竹原市"},{"code":"7292315","prefecture_code":34,"town":"忠海長浜","city_name":"竹原市"},{"code":"7292316","prefecture_code":34,"town":"忠海中町","city_name":"竹原市"},{"code":"7292317","prefecture_code":34,"town":"忠海東町","city_name":"竹原市"},{"code":"7292312","prefecture_code":34,"town":"福田町","city_name":"竹原市"},{"code":"7290324","prefecture_code":34,"town":"糸崎","city_name":"三原市"},{"code":"7290329","prefecture_code":34,"town":"糸崎南","city_name":"三原市"},{"code":"7290322","prefecture_code":34,"town":"奥野山町","city_name":"三原市"},{"code":"7290321","prefecture_code":34,"town":"木原","city_name":"三原市"},{"code":"7290321","prefecture_code":34,"town":"木原町","city_name":"三原市"},{"code":"7292361","prefecture_code":34,"town":"小泉町","city_name":"三原市"},{"code":"7292251","prefecture_code":34,"town":"幸崎久和喜","city_name":"三原市"},{"code":"7292252","prefecture_code":34,"town":"幸崎能地","city_name":"三原市"},{"code":"7292253","prefecture_code":34,"town":"幸崎渡瀬","city_name":"三原市"},{"code":"7292251","prefecture_code":34,"town":"幸崎町久和喜","city_name":"三原市"},{"code":"7292252","prefecture_code":34,"town":"幸崎町能地","city_name":"三原市"},{"code":"7292253","prefecture_code":34,"town":"幸崎町渡瀬","city_name":"三原市"},{"code":"7290414","prefecture_code":34,"town":"下北方","city_name":"三原市"},{"code":"7291212","prefecture_code":34,"town":"大和町姥ケ原","city_name":"三原市"},{"code":"7291323","prefecture_code":34,"town":"大和町大具","city_name":"三原市"},{"code":"7291211","prefecture_code":34,"town":"大和町大草","city_name":"三原市"},{"code":"7291332","prefecture_code":34,"town":"大和町上草井","city_name":"三原市"},{"code":"7291405","prefecture_code":34,"town":"大和町上徳良","city_name":"三原市"},{"code":"7291401","prefecture_code":34,"town":"大和町蔵宗","city_name":"三原市"},{"code":"7291402","prefecture_code":34,"town":"大和町篠","city_name":"三原市"},{"code":"7291333","prefecture_code":34,"town":"大和町下草井","city_name":"三原市"},{"code":"7291406","prefecture_code":34,"town":"大和町下徳良","city_name":"三原市"},{"code":"7291403","prefecture_code":34,"town":"大和町萩原","city_name":"三原市"},{"code":"7291322","prefecture_code":34,"town":"大和町箱川","city_name":"三原市"},{"code":"7291213","prefecture_code":34,"town":"大和町平坂","city_name":"三原市"},{"code":"7291404","prefecture_code":34,"town":"大和町福田","city_name":"三原市"},{"code":"7291331","prefecture_code":34,"town":"大和町椋梨","city_name":"三原市"},{"code":"7291321","prefecture_code":34,"town":"大和町和木","city_name":"三原市"},{"code":"7290472","prefecture_code":34,"town":"高坂町真良","city_name":"三原市"},{"code":"7290471","prefecture_code":34,"town":"高坂町許山","city_name":"三原市"},{"code":"7290473","prefecture_code":34,"town":"沼田西町小原","city_name":"三原市"},{"code":"7290474","prefecture_code":34,"town":"沼田西町惣定","city_name":"三原市"},{"code":"7290475","prefecture_code":34,"town":"沼田西町松江","city_name":"三原市"},{"code":"7290323","prefecture_code":34,"town":"鉢ケ峰町","city_name":"三原市"},{"code":"7290418","prefecture_code":34,"town":"本郷北","city_name":"三原市"},{"code":"7290417","prefecture_code":34,"town":"本郷南","city_name":"三原市"},{"code":"7290415","prefecture_code":34,"town":"本郷町上北方","city_name":"三原市"},{"code":"7290414","prefecture_code":34,"town":"本郷町下北方","city_name":"三原市"},{"code":"7290416","prefecture_code":34,"town":"本郷町善入寺","city_name":"三原市"},{"code":"7290411","prefecture_code":34,"town":"本郷町船木","city_name":"三原市"},{"code":"7290412","prefecture_code":34,"town":"本郷町本郷","city_name":"三原市"},{"code":"7290413","prefecture_code":34,"town":"本郷町南方","city_name":"三原市"},{"code":"7290419","prefecture_code":34,"town":"南方","city_name":"三原市"},{"code":"7290141","prefecture_code":34,"town":"高須町","city_name":"尾道市"},{"code":"7290142","prefecture_code":34,"town":"西藤町","city_name":"尾道市"},{"code":"7290111","prefecture_code":34,"town":"今津町","city_name":"福山市"},{"code":"7290112","prefecture_code":34,"town":"神村町","city_name":"福山市"},{"code":"7293111","prefecture_code":34,"town":"新市町金丸","city_name":"福山市"},{"code":"7293106","prefecture_code":34,"town":"新市町上安井","city_name":"福山市"},{"code":"7293102","prefecture_code":34,"town":"新市町相方","city_name":"福山市"},{"code":"7293105","prefecture_code":34,"town":"新市町下安井","city_name":"福山市"},{"code":"7293103","prefecture_code":34,"town":"新市町新市","city_name":"福山市"},{"code":"7293107","prefecture_code":34,"town":"新市町常","city_name":"福山市"},{"code":"7293101","prefecture_code":34,"town":"新市町戸手","city_name":"福山市"},{"code":"7293112","prefecture_code":34,"town":"新市町藤尾","city_name":"福山市"},{"code":"7293104","prefecture_code":34,"town":"新市町宮内","city_name":"福山市"},{"code":"7290106","prefecture_code":34,"town":"高西町","city_name":"福山市"},{"code":"7290101","prefecture_code":34,"town":"高西町川尻","city_name":"福山市"},{"code":"7290102","prefecture_code":34,"town":"高西町真田","city_name":"福山市"},{"code":"7290103","prefecture_code":34,"town":"高西町南","city_name":"福山市"},{"code":"7290251","prefecture_code":34,"town":"東村町","city_name":"福山市"},{"code":"7290252","prefecture_code":34,"town":"本郷町","city_name":"福山市"},{"code":"7290104","prefecture_code":34,"town":"松永町","city_name":"福山市"},{"code":"7290115","prefecture_code":34,"town":"南今津町","city_name":"福山市"},{"code":"7290105","prefecture_code":34,"town":"南松永町","city_name":"福山市"},{"code":"7290113","prefecture_code":34,"town":"宮前町","city_name":"福山市"},{"code":"7290114","prefecture_code":34,"town":"柳津町","city_name":"福山市"},{"code":"7293212","prefecture_code":34,"town":"阿字町","city_name":"府中市"},{"code":"7293221","prefecture_code":34,"town":"河佐町","city_name":"府中市"},{"code":"7293211","prefecture_code":34,"town":"木野山町","city_name":"府中市"},{"code":"7293222","prefecture_code":34,"town":"久佐町","city_name":"府中市"},{"code":"7293405","prefecture_code":34,"town":"上下町有福","city_name":"府中市"},{"code":"7293411","prefecture_code":34,"town":"上下町井永","city_name":"府中市"},{"code":"7293412","prefecture_code":34,"town":"上下町岡屋","city_name":"府中市"},{"code":"7293401","prefecture_code":34,"town":"上下町小塚","city_name":"府中市"},{"code":"7293422","prefecture_code":34,"town":"上下町国留","city_name":"府中市"},{"code":"7293402","prefecture_code":34,"town":"上下町小堀","city_name":"府中市"},{"code":"7293414","prefecture_code":34,"town":"上下町佐倉","city_name":"府中市"},{"code":"7293403","prefecture_code":34,"town":"上下町階見","city_name":"府中市"},{"code":"7293431","prefecture_code":34,"town":"上下町上下","city_name":"府中市"},{"code":"7293421","prefecture_code":34,"town":"上下町深江","city_name":"府中市"},{"code":"7293404","prefecture_code":34,"town":"上下町二森","city_name":"府中市"},{"code":"7293424","prefecture_code":34,"town":"上下町松崎","city_name":"府中市"},{"code":"7293413","prefecture_code":34,"town":"上下町水永","city_name":"府中市"},{"code":"7293415","prefecture_code":34,"town":"上下町矢多田","city_name":"府中市"},{"code":"7293423","prefecture_code":34,"town":"上下町矢野","city_name":"府中市"},{"code":"7293201","prefecture_code":34,"town":"斗升町","city_name":"府中市"},{"code":"7293202","prefecture_code":34,"town":"行縢町","city_name":"府中市"},{"code":"7296335","prefecture_code":34,"town":"秋町","city_name":"三次市"},{"code":"7296212","prefecture_code":34,"town":"糸井町","city_name":"三次市"},{"code":"7296215","prefecture_code":34,"town":"江田川之内町","city_name":"三次市"},{"code":"7296211","prefecture_code":34,"town":"大田幸町","city_name":"三次市"},{"code":"7296334","prefecture_code":34,"town":"上川立町","city_name":"三次市"},{"code":"7296332","prefecture_code":34,"town":"上志和地町","city_name":"三次市"},{"code":"7294223","prefecture_code":34,"town":"吉舎町雲通","city_name":"三次市"},{"code":"7294205","prefecture_code":34,"town":"吉舎町海田原","city_name":"三次市"},{"code":"7294202","prefecture_code":34,"town":"吉舎町上安田","city_name":"三次市"},{"code":"7294211","prefecture_code":34,"town":"吉舎町吉舎","city_name":"三次市"},{"code":"7294226","prefecture_code":34,"town":"吉舎町吉舎川之内","city_name":"三次市"},{"code":"7294221","prefecture_code":34,"town":"吉舎町清綱","city_name":"三次市"},{"code":"7294207","prefecture_code":34,"town":"吉舎町敷地","city_name":"三次市"},{"code":"7294201","prefecture_code":34,"town":"吉舎町知和","city_name":"三次市"},{"code":"7294224","prefecture_code":34,"town":"吉舎町辻","city_name":"三次市"},{"code":"7294225","prefecture_code":34,"town":"吉舎町徳市","city_name":"三次市"},{"code":"7294227","prefecture_code":34,"town":"吉舎町檜","city_name":"三次市"},{"code":"7294222","prefecture_code":34,"town":"吉舎町丸田","city_name":"三次市"},{"code":"7294204","prefecture_code":34,"town":"吉舎町三玉","city_name":"三次市"},{"code":"7294206","prefecture_code":34,"town":"吉舎町矢井","city_name":"三次市"},{"code":"7294203","prefecture_code":34,"town":"吉舎町安田","city_name":"三次市"},{"code":"7294208","prefecture_code":34,"town":"吉舎町矢野地","city_name":"三次市"},{"code":"7296204","prefecture_code":34,"town":"木乗町","city_name":"三次市"},{"code":"7294106","prefecture_code":34,"town":"甲奴町有田","city_name":"三次市"},{"code":"7294104","prefecture_code":34,"town":"甲奴町宇賀","city_name":"三次市"},{"code":"7294105","prefecture_code":34,"town":"甲奴町梶田","city_name":"三次市"},{"code":"7294113","prefecture_code":34,"town":"甲奴町太郎丸","city_name":"三次市"},{"code":"7294102","prefecture_code":34,"town":"甲奴町西野","city_name":"三次市"},{"code":"7294112","prefecture_code":34,"town":"甲奴町抜湯","city_name":"三次市"},{"code":"7294103","prefecture_code":34,"town":"甲奴町小童","city_name":"三次市"},{"code":"7294111","prefecture_code":34,"town":"甲奴町福田","city_name":"三次市"},{"code":"7294101","prefecture_code":34,"town":"甲奴町本郷","city_name":"三次市"},{"code":"7296216","prefecture_code":34,"town":"小田幸町","city_name":"三次市"},{"code":"7296205","prefecture_code":34,"town":"塩町","city_name":"三次市"},{"code":"7296203","prefecture_code":34,"town":"志幸町","city_name":"三次市"},{"code":"7296333","prefecture_code":34,"town":"下川立町","city_name":"三次市"},{"code":"7296331","prefecture_code":34,"town":"下志和地町","city_name":"三次市"},{"code":"7296214","prefecture_code":34,"town":"高杉町","city_name":"三次市"},{"code":"7294306","prefecture_code":34,"town":"三良坂町岡田","city_name":"三次市"},{"code":"7294307","prefecture_code":34,"town":"三良坂町皆瀬","city_name":"三次市"},{"code":"7294308","prefecture_code":34,"town":"三良坂町田利","city_name":"三次市"},{"code":"7294305","prefecture_code":34,"town":"三良坂町長田","city_name":"三次市"},{"code":"7294302","prefecture_code":34,"town":"三良坂町仁賀","city_name":"三次市"},{"code":"7294303","prefecture_code":34,"town":"三良坂町灰塚","city_name":"三次市"},{"code":"7294301","prefecture_code":34,"town":"三良坂町光清","city_name":"三次市"},{"code":"7294304","prefecture_code":34,"town":"三良坂町三良坂","city_name":"三次市"},{"code":"7296613","prefecture_code":34,"town":"三和町有原","city_name":"三次市"},{"code":"7296701","prefecture_code":34,"town":"三和町飯田","city_name":"三次市"},{"code":"7296615","prefecture_code":34,"town":"三和町上板木","city_name":"三次市"},{"code":"7296701","prefecture_code":34,"town":"三和町上壱","city_name":"三次市"},{"code":"7296612","prefecture_code":34,"town":"三和町敷名","city_name":"三次市"},{"code":"7296702","prefecture_code":34,"town":"三和町敷名","city_name":"三次市"},{"code":"7296612","prefecture_code":34,"town":"三和町下板木","city_name":"三次市"},{"code":"7296616","prefecture_code":34,"town":"三和町大力谷","city_name":"三次市"},{"code":"7296614","prefecture_code":34,"town":"三和町羽出庭","city_name":"三次市"},{"code":"7296611","prefecture_code":34,"town":"三和町福田","city_name":"三次市"},{"code":"7296202","prefecture_code":34,"town":"向江田町","city_name":"三次市"},{"code":"7296213","prefecture_code":34,"town":"廻神町","city_name":"三次市"},{"code":"7296201","prefecture_code":34,"town":"和知町","city_name":"三次市"},{"code":"7296143","prefecture_code":34,"town":"尾引町","city_name":"庄原市"},{"code":"7295812","prefecture_code":34,"town":"小用町","city_name":"庄原市"},{"code":"7295813","prefecture_code":34,"town":"川西町","city_name":"庄原市"},{"code":"7296134","prefecture_code":34,"town":"木戸町","city_name":"庄原市"},{"code":"7296142","prefecture_code":34,"town":"高茂町","city_name":"庄原市"},{"code":"7295733","prefecture_code":34,"town":"西城町入江","city_name":"庄原市"},{"code":"7295722","prefecture_code":34,"town":"西城町大佐","city_name":"庄原市"},{"code":"7295744","prefecture_code":34,"town":"西城町大屋","city_name":"庄原市"},{"code":"7295603","prefecture_code":34,"town":"西城町熊野","city_name":"庄原市"},{"code":"7295741","prefecture_code":34,"town":"西城町熊野","city_name":"庄原市"},{"code":"7295732","prefecture_code":34,"town":"西城町栗","city_name":"庄原市"},{"code":"7295612","prefecture_code":34,"town":"西城町高尾","city_name":"庄原市"},{"code":"7295731","prefecture_code":34,"town":"西城町西城","city_name":"庄原市"},{"code":"7295743","prefecture_code":34,"town":"西城町中迫","city_name":"庄原市"},{"code":"7295742","prefecture_code":34,"town":"西城町中野","city_name":"庄原市"},{"code":"7295613","prefecture_code":34,"town":"西城町八鳥","city_name":"庄原市"},{"code":"7295721","prefecture_code":34,"town":"西城町八鳥","city_name":"庄原市"},{"code":"7295601","prefecture_code":34,"town":"西城町小鳥原","city_name":"庄原市"},{"code":"7295723","prefecture_code":34,"town":"西城町平子","city_name":"庄原市"},{"code":"7295745","prefecture_code":34,"town":"西城町福山","city_name":"庄原市"},{"code":"7295611","prefecture_code":34,"town":"西城町三坂","city_name":"庄原市"},{"code":"7295602","prefecture_code":34,"town":"西城町油木","city_name":"庄原市"},{"code":"7293721","prefecture_code":34,"town":"総領町稲草","city_name":"庄原市"},{"code":"7293712","prefecture_code":34,"town":"総領町上領家","city_name":"庄原市"},{"code":"7293702","prefecture_code":34,"town":"総領町亀谷","city_name":"庄原市"},{"code":"7293722","prefecture_code":34,"town":"総領町木屋","city_name":"庄原市"},{"code":"7293701","prefecture_code":34,"town":"総領町黒目","city_name":"庄原市"},{"code":"7293711","prefecture_code":34,"town":"総領町五箇","city_name":"庄原市"},{"code":"7293703","prefecture_code":34,"town":"総領町下領家","city_name":"庄原市"},{"code":"7293713","prefecture_code":34,"town":"総領町中領家","city_name":"庄原市"},{"code":"7295811","prefecture_code":34,"town":"高町","city_name":"庄原市"},{"code":"7295127","prefecture_code":34,"town":"東城町粟田","city_name":"庄原市"},{"code":"7295128","prefecture_code":34,"town":"東城町受原","city_name":"庄原市"},{"code":"7295453","prefecture_code":34,"town":"東城町受原","city_name":"庄原市"},{"code":"7295502","prefecture_code":34,"town":"東城町内堀","city_name":"庄原市"},{"code":"7295504","prefecture_code":34,"town":"東城町小串","city_name":"庄原市"},{"code":"7295501","prefecture_code":34,"town":"東城町小奴可","city_name":"庄原市"},{"code":"7295506","prefecture_code":34,"town":"東城町加谷","city_name":"庄原市"},{"code":"7295454","prefecture_code":34,"town":"東城町川鳥","city_name":"庄原市"},{"code":"7295125","prefecture_code":34,"town":"東城町川西","city_name":"庄原市"},{"code":"7295121","prefecture_code":34,"town":"東城町川東","city_name":"庄原市"},{"code":"7295122","prefecture_code":34,"town":"東城町久代","city_name":"庄原市"},{"code":"7295505","prefecture_code":34,"town":"東城町塩原","city_name":"庄原市"},{"code":"7295112","prefecture_code":34,"town":"東城町新福代","city_name":"庄原市"},{"code":"7295131","prefecture_code":34,"town":"東城町新免","city_name":"庄原市"},{"code":"7295452","prefecture_code":34,"town":"東城町菅","city_name":"庄原市"},{"code":"7295241","prefecture_code":34,"town":"東城町帝釈宇山","city_name":"庄原市"},{"code":"7295243","prefecture_code":34,"town":"東城町帝釈始終","city_name":"庄原市"},{"code":"7295244","prefecture_code":34,"town":"東城町帝釈未渡","city_name":"庄原市"},{"code":"7295242","prefecture_code":34,"town":"東城町帝釈山中","city_name":"庄原市"},{"code":"7295451","prefecture_code":34,"town":"東城町田黒","city_name":"庄原市"},{"code":"7295126","prefecture_code":34,"town":"東城町竹森","city_name":"庄原市"},{"code":"7295503","prefecture_code":34,"town":"東城町千鳥","city_name":"庄原市"},{"code":"7295123","prefecture_code":34,"town":"東城町戸宇","city_name":"庄原市"},{"code":"7295124","prefecture_code":34,"town":"東城町東城","city_name":"庄原市"},{"code":"7295111","prefecture_code":34,"town":"東城町福代","city_name":"庄原市"},{"code":"7295132","prefecture_code":34,"town":"東城町三坂","city_name":"庄原市"},{"code":"7295456","prefecture_code":34,"town":"東城町森","city_name":"庄原市"},{"code":"7295455","prefecture_code":34,"town":"東城町保田","city_name":"庄原市"},{"code":"7296133","prefecture_code":34,"town":"殿垣内町","city_name":"庄原市"},{"code":"7296144","prefecture_code":34,"town":"平和町","city_name":"庄原市"},{"code":"7296132","prefecture_code":34,"town":"本郷町","city_name":"庄原市"},{"code":"7296141","prefecture_code":34,"town":"水越町","city_name":"庄原市"},{"code":"7296131","prefecture_code":34,"town":"山内町","city_name":"庄原市"},{"code":"7293306","prefecture_code":34,"town":"青近","city_name":"世羅郡世羅町"},{"code":"7293304","prefecture_code":34,"town":"赤屋","city_name":"世羅郡世羅町"},{"code":"7293307","prefecture_code":34,"town":"伊尾","city_name":"世羅郡世羅町"},{"code":"7293301","prefecture_code":34,"town":"小谷","city_name":"世羅郡世羅町"},{"code":"7296714","prefecture_code":34,"town":"上津田","city_name":"世羅郡世羅町"},{"code":"7293302","prefecture_code":34,"town":"川尻","city_name":"世羅郡世羅町"},{"code":"7296711","prefecture_code":34,"town":"黒川","city_name":"世羅郡世羅町"},{"code":"7296715","prefecture_code":34,"town":"下津田","city_name":"世羅郡世羅町"},{"code":"7296713","prefecture_code":34,"town":"中","city_name":"世羅郡世羅町"},{"code":"7296716","prefecture_code":34,"town":"長田","city_name":"世羅郡世羅町"},{"code":"7293303","prefecture_code":34,"town":"東上原","city_name":"世羅郡世羅町"},{"code":"7293305","prefecture_code":34,"town":"別迫","city_name":"世羅郡世羅町"},{"code":"7296712","prefecture_code":34,"town":"吉原","city_name":"世羅郡世羅町"},{"code":"7293601","prefecture_code":34,"town":"相渡","city_name":"神石郡神石高原町"},{"code":"7293512","prefecture_code":34,"town":"草木","city_name":"神石郡神石高原町"},{"code":"7293511","prefecture_code":34,"town":"高光","city_name":"神石郡神石高原町"},{"code":"7293514","prefecture_code":34,"town":"田頭","city_name":"神石郡神石高原町"},{"code":"7293602","prefecture_code":34,"town":"永野","city_name":"神石郡神石高原町"},{"code":"7293515","prefecture_code":34,"town":"福永","city_name":"神石郡神石高原町"},{"code":"7293516","prefecture_code":34,"town":"古川","city_name":"神石郡神石高原町"},{"code":"7293513","prefecture_code":34,"town":"牧","city_name":"神石郡神石高原町"}]
