[{"code":"7500000","prefecture_code":35,"town":"","city_name":"下関市"},{"code":"7500007","prefecture_code":35,"town":"赤間町","city_name":"下関市"},{"code":"7500003","prefecture_code":35,"town":"阿弥陀寺町","city_name":"下関市"},{"code":"7500036","prefecture_code":35,"town":"あるかぽーと","city_name":"下関市"},{"code":"7500065","prefecture_code":35,"town":"伊崎町","city_name":"下関市"},{"code":"7500064","prefecture_code":35,"town":"今浦町","city_name":"下関市"},{"code":"7500013","prefecture_code":35,"town":"入江町","city_name":"下関市"},{"code":"7500027","prefecture_code":35,"town":"上条町","city_name":"下関市"},{"code":"7500251","prefecture_code":35,"town":"植田","city_name":"下関市"},{"code":"7500252","prefecture_code":35,"town":"内日上","city_name":"下関市"},{"code":"7500253","prefecture_code":35,"town":"内日下","city_name":"下関市"},{"code":"7501111","prefecture_code":35,"town":"宇津井","city_name":"下関市"},{"code":"7501115","prefecture_code":35,"town":"王喜宇津井","city_name":"下関市"},{"code":"7501114","prefecture_code":35,"town":"王喜本町","city_name":"下関市"},{"code":"7501171","prefecture_code":35,"town":"阿内","city_name":"下関市"},{"code":"7500051","prefecture_code":35,"town":"大坪本町","city_name":"下関市"},{"code":"7501147","prefecture_code":35,"town":"小月市原町","city_name":"下関市"},{"code":"7501143","prefecture_code":35,"town":"小月駅前","city_name":"下関市"},{"code":"7501134","prefecture_code":35,"town":"小月京泊","city_name":"下関市"},{"code":"7501146","prefecture_code":35,"town":"小月公園町","city_name":"下関市"},{"code":"7501136","prefecture_code":35,"town":"小月小島","city_name":"下関市"},{"code":"7501141","prefecture_code":35,"town":"小月幸町","city_name":"下関市"},{"code":"7501145","prefecture_code":35,"town":"小月杉迫","city_name":"下関市"},{"code":"7501133","prefecture_code":35,"town":"小月高雄町","city_name":"下関市"},{"code":"7501144","prefecture_code":35,"town":"小月茶屋","city_name":"下関市"},{"code":"7501131","prefecture_code":35,"town":"小月町","city_name":"下関市"},{"code":"7501135","prefecture_code":35,"town":"小月西の台","city_name":"下関市"},{"code":"7501142","prefecture_code":35,"town":"小月本町","city_name":"下関市"},{"code":"7501137","prefecture_code":35,"town":"小月南町","city_name":"下関市"},{"code":"7501132","prefecture_code":35,"town":"小月宮の町","city_name":"下関市"},{"code":"7500031","prefecture_code":35,"town":"春日町","city_name":"下関市"},{"code":"7500061","prefecture_code":35,"town":"上新地町","city_name":"下関市"},{"code":"7500009","prefecture_code":35,"town":"上田中町","city_name":"下関市"},{"code":"7500005","prefecture_code":35,"town":"唐戸町","city_name":"下関市"},{"code":"7500032","prefecture_code":35,"town":"関西町","city_name":"下関市"},{"code":"7500022","prefecture_code":35,"town":"関西本町","city_name":"下関市"},{"code":"7500044","prefecture_code":35,"town":"神田町","city_name":"下関市"},{"code":"7500012","prefecture_code":35,"town":"観音崎町","city_name":"下関市"},{"code":"7500311","prefecture_code":35,"town":"菊川町上大野","city_name":"下関市"},{"code":"7500321","prefecture_code":35,"town":"菊川町上岡枝","city_name":"下関市"},{"code":"7500314","prefecture_code":35,"town":"菊川町上田部","city_name":"下関市"},{"code":"7500307","prefecture_code":35,"town":"菊川町上保木","city_name":"下関市"},{"code":"7500325","prefecture_code":35,"town":"菊川町貴飯","city_name":"下関市"},{"code":"7500305","prefecture_code":35,"town":"菊川町轡井","city_name":"下関市"},{"code":"7500324","prefecture_code":35,"town":"菊川町久野","city_name":"下関市"},{"code":"7500312","prefecture_code":35,"town":"菊川町下大野","city_name":"下関市"},{"code":"7500317","prefecture_code":35,"town":"菊川町下岡枝","city_name":"下関市"},{"code":"7500306","prefecture_code":35,"town":"菊川町下保木","city_name":"下関市"},{"code":"7500313","prefecture_code":35,"town":"菊川町田部","city_name":"下関市"},{"code":"7500315","prefecture_code":35,"town":"菊川町七見","city_name":"下関市"},{"code":"7500322","prefecture_code":35,"town":"菊川町楢崎","city_name":"下関市"},{"code":"7500301","prefecture_code":35,"town":"菊川町西中山","city_name":"下関市"},{"code":"7500323","prefecture_code":35,"town":"菊川町日新","city_name":"下関市"},{"code":"7500302","prefecture_code":35,"town":"菊川町東中山","city_name":"下関市"},{"code":"7500304","prefecture_code":35,"town":"菊川町道市","city_name":"下関市"},{"code":"7500303","prefecture_code":35,"town":"菊川町樅ノ木","city_name":"下関市"},{"code":"7500316","prefecture_code":35,"town":"菊川町吉賀","city_name":"下関市"},{"code":"7501151","prefecture_code":35,"town":"清末","city_name":"下関市"},{"code":"7501156","prefecture_code":35,"town":"清末東町","city_name":"下関市"},{"code":"7501153","prefecture_code":35,"town":"清末鞍馬","city_name":"下関市"},{"code":"7501162","prefecture_code":35,"town":"清末五毛","city_name":"下関市"},{"code":"7501152","prefecture_code":35,"town":"清末陣屋","city_name":"下関市"},{"code":"7501163","prefecture_code":35,"town":"清末千房","city_name":"下関市"},{"code":"7501164","prefecture_code":35,"town":"清末大門","city_name":"下関市"},{"code":"7501155","prefecture_code":35,"town":"清末中町","city_name":"下関市"},{"code":"7501161","prefecture_code":35,"town":"清末西町","city_name":"下関市"},{"code":"7501154","prefecture_code":35,"town":"清末本町","city_name":"下関市"},{"code":"7500041","prefecture_code":35,"town":"向洋町","city_name":"下関市"},{"code":"7501112","prefecture_code":35,"town":"木屋川本町","city_name":"下関市"},{"code":"7501113","prefecture_code":35,"town":"木屋川南町","city_name":"下関市"},{"code":"7500058","prefecture_code":35,"town":"金比羅町","city_name":"下関市"},{"code":"7500001","prefecture_code":35,"town":"幸町","city_name":"下関市"},{"code":"7500049","prefecture_code":35,"town":"栄町","city_name":"下関市"},{"code":"7500035","prefecture_code":35,"town":"桜山町","city_name":"下関市"},{"code":"7500024","prefecture_code":35,"town":"笹山町","city_name":"下関市"},{"code":"7500059","prefecture_code":35,"town":"汐入町","city_name":"下関市"},{"code":"7501116","prefecture_code":35,"town":"白崎","city_name":"下関市"},{"code":"7500063","prefecture_code":35,"town":"新地町","city_name":"下関市"},{"code":"7500062","prefecture_code":35,"town":"新地西町","city_name":"下関市"},{"code":"7500057","prefecture_code":35,"town":"筋川町","city_name":"下関市"},{"code":"7500056","prefecture_code":35,"town":"筋ケ浜町","city_name":"下関市"},{"code":"7500053","prefecture_code":35,"town":"大平町","city_name":"下関市"},{"code":"7500025","prefecture_code":35,"town":"竹崎町","city_name":"下関市"},{"code":"7500008","prefecture_code":35,"town":"田中町","city_name":"下関市"},{"code":"7500042","prefecture_code":35,"town":"中央町","city_name":"下関市"},{"code":"7500451","prefecture_code":35,"town":"豊田町阿座上","city_name":"下関市"},{"code":"7500404","prefecture_code":35,"town":"豊田町荒木","city_name":"下関市"},{"code":"7500403","prefecture_code":35,"town":"豊田町一ノ俣","city_name":"下関市"},{"code":"7500412","prefecture_code":35,"town":"豊田町稲見","city_name":"下関市"},{"code":"7500442","prefecture_code":35,"town":"豊田町稲光","city_name":"下関市"},{"code":"7500431","prefecture_code":35,"town":"豊田町今出","city_name":"下関市"},{"code":"7500415","prefecture_code":35,"town":"豊田町浮石","city_name":"下関市"},{"code":"7500411","prefecture_code":35,"town":"豊田町宇内","city_name":"下関市"},{"code":"7500452","prefecture_code":35,"town":"豊田町江良","city_name":"下関市"},{"code":"7500433","prefecture_code":35,"town":"豊田町大河内","city_name":"下関市"},{"code":"7500455","prefecture_code":35,"town":"豊田町城戸","city_name":"下関市"},{"code":"7500413","prefecture_code":35,"town":"豊田町金道","city_name":"下関市"},{"code":"7500402","prefecture_code":35,"town":"豊田町佐野","city_name":"下関市"},{"code":"7500432","prefecture_code":35,"town":"豊田町地吉","city_name":"下関市"},{"code":"7500416","prefecture_code":35,"town":"豊田町鷹子","city_name":"下関市"},{"code":"7500446","prefecture_code":35,"town":"豊田町高山","city_name":"下関市"},{"code":"7500453","prefecture_code":35,"town":"豊田町手洗","city_name":"下関市"},{"code":"7500401","prefecture_code":35,"town":"豊田町殿居","city_name":"下関市"},{"code":"7500421","prefecture_code":35,"town":"豊田町殿敷","city_name":"下関市"},{"code":"7500441","prefecture_code":35,"town":"豊田町中村","city_name":"下関市"},{"code":"7500422","prefecture_code":35,"town":"豊田町楢原","city_name":"下関市"},{"code":"7500423","prefecture_code":35,"town":"豊田町西市","city_name":"下関市"},{"code":"7500454","prefecture_code":35,"town":"豊田町西長野","city_name":"下関市"},{"code":"7500425","prefecture_code":35,"town":"豊田町庭田","city_name":"下関市"},{"code":"7500444","prefecture_code":35,"town":"豊田町萩原","city_name":"下関市"},{"code":"7500445","prefecture_code":35,"town":"豊田町東長野","city_name":"下関市"},{"code":"7500443","prefecture_code":35,"town":"豊田町日野","city_name":"下関市"},{"code":"7500405","prefecture_code":35,"town":"豊田町杢路子","city_name":"下関市"},{"code":"7500414","prefecture_code":35,"town":"豊田町八道","city_name":"下関市"},{"code":"7500424","prefecture_code":35,"town":"豊田町矢田","city_name":"下関市"},{"code":"7500004","prefecture_code":35,"town":"中之町","city_name":"下関市"},{"code":"7500023","prefecture_code":35,"town":"長崎新町","city_name":"下関市"},{"code":"7500021","prefecture_code":35,"town":"長崎中央町","city_name":"下関市"},{"code":"7500028","prefecture_code":35,"town":"長崎本町","city_name":"下関市"},{"code":"7500029","prefecture_code":35,"town":"長崎町","city_name":"下関市"},{"code":"7500026","prefecture_code":35,"town":"長門町","city_name":"下関市"},{"code":"7500006","prefecture_code":35,"town":"南部町","city_name":"下関市"},{"code":"7500015","prefecture_code":35,"town":"西入江町","city_name":"下関市"},{"code":"7500054","prefecture_code":35,"town":"西大坪町","city_name":"下関市"},{"code":"7500034","prefecture_code":35,"town":"西神田町","city_name":"下関市"},{"code":"7500014","prefecture_code":35,"town":"岬之町","city_name":"下関市"},{"code":"7500046","prefecture_code":35,"town":"羽山町","city_name":"下関市"},{"code":"7500043","prefecture_code":35,"town":"東神田町","city_name":"下関市"},{"code":"7500048","prefecture_code":35,"town":"東向山町","city_name":"下関市"},{"code":"7500066","prefecture_code":35,"town":"東大和町","city_name":"下関市"},{"code":"7500071","prefecture_code":35,"town":"彦島海士郷町","city_name":"下関市"},{"code":"7500075","prefecture_code":35,"town":"彦島江の浦町","city_name":"下関市"},{"code":"7500073","prefecture_code":35,"town":"彦島老の山公園","city_name":"下関市"},{"code":"7500072","prefecture_code":35,"town":"彦島老町","city_name":"下関市"},{"code":"7500083","prefecture_code":35,"town":"彦島桜ケ丘町","city_name":"下関市"},{"code":"7500092","prefecture_code":35,"town":"彦島迫町","city_name":"下関市"},{"code":"7500086","prefecture_code":35,"town":"彦島塩浜町","city_name":"下関市"},{"code":"7500078","prefecture_code":35,"town":"彦島杉田町","city_name":"下関市"},{"code":"7500081","prefecture_code":35,"town":"彦島角倉町","city_name":"下関市"},{"code":"7500094","prefecture_code":35,"town":"彦島竹ノ子島町","city_name":"下関市"},{"code":"7500085","prefecture_code":35,"town":"彦島田の首町","city_name":"下関市"},{"code":"7500076","prefecture_code":35,"town":"彦島弟子待町","city_name":"下関市"},{"code":"7500077","prefecture_code":35,"town":"彦島弟子待東町","city_name":"下関市"},{"code":"7500093","prefecture_code":35,"town":"彦島西山町","city_name":"下関市"},{"code":"7500087","prefecture_code":35,"town":"彦島福浦町","city_name":"下関市"},{"code":"7500074","prefecture_code":35,"town":"彦島本村町","city_name":"下関市"},{"code":"7500091","prefecture_code":35,"town":"彦島緑町","city_name":"下関市"},{"code":"7500084","prefecture_code":35,"town":"彦島向井町","city_name":"下関市"},{"code":"7500082","prefecture_code":35,"town":"彦島山中町","city_name":"下関市"},{"code":"7500052","prefecture_code":35,"town":"藤附町","city_name":"下関市"},{"code":"7500018","prefecture_code":35,"town":"豊前田町","city_name":"下関市"},{"code":"7500017","prefecture_code":35,"town":"細江新町","city_name":"下関市"},{"code":"7500016","prefecture_code":35,"town":"細江町","city_name":"下関市"},{"code":"7501121","prefecture_code":35,"town":"松屋","city_name":"下関市"},{"code":"7501122","prefecture_code":35,"town":"松屋上町","city_name":"下関市"},{"code":"7501123","prefecture_code":35,"town":"松屋東町","city_name":"下関市"},{"code":"7501124","prefecture_code":35,"town":"松屋本町","city_name":"下関市"},{"code":"7500019","prefecture_code":35,"town":"丸山町","city_name":"下関市"},{"code":"7500055","prefecture_code":35,"town":"南大坪町","city_name":"下関市"},{"code":"7500002","prefecture_code":35,"town":"宮田町","city_name":"下関市"},{"code":"7500047","prefecture_code":35,"town":"向山町","city_name":"下関市"},{"code":"7500095","prefecture_code":35,"town":"六連島","city_name":"下関市"},{"code":"7500011","prefecture_code":35,"town":"名池町","city_name":"下関市"},{"code":"7500045","prefecture_code":35,"town":"元町","city_name":"下関市"},{"code":"7500033","prefecture_code":35,"town":"山手町","city_name":"下関市"},{"code":"7500067","prefecture_code":35,"town":"大和町","city_name":"下関市"},{"code":"7501101","prefecture_code":35,"town":"吉田","city_name":"下関市"},{"code":"7501102","prefecture_code":35,"town":"吉田地方","city_name":"下関市"},{"code":"7500601","prefecture_code":35,"town":"豊田前町麻生上","city_name":"美祢市"},{"code":"7500602","prefecture_code":35,"town":"豊田前町麻生下","city_name":"美祢市"},{"code":"7500603","prefecture_code":35,"town":"豊田前町今山","city_name":"美祢市"},{"code":"7500606","prefecture_code":35,"town":"豊田前町嶽","city_name":"美祢市"},{"code":"7500605","prefecture_code":35,"town":"豊田前町古烏帽子","city_name":"美祢市"},{"code":"7500604","prefecture_code":35,"town":"豊田前町保々","city_name":"美祢市"}]
