[{"code":"7714265","prefecture_code":36,"town":"飯谷町","city_name":"徳島市"},{"code":"7711156","prefecture_code":36,"town":"応神町応神産業団地","city_name":"徳島市"},{"code":"7711152","prefecture_code":36,"town":"応神町中原","city_name":"徳島市"},{"code":"7711154","prefecture_code":36,"town":"応神町東貞方","city_name":"徳島市"},{"code":"7711155","prefecture_code":36,"town":"応神町西貞方","city_name":"徳島市"},{"code":"7711151","prefecture_code":36,"town":"応神町古川","city_name":"徳島市"},{"code":"7711153","prefecture_code":36,"town":"応神町吉成","city_name":"徳島市"},{"code":"7710101","prefecture_code":36,"town":"川内町","city_name":"徳島市"},{"code":"7710144","prefecture_code":36,"town":"川内町","city_name":"徳島市"},{"code":"7710131","prefecture_code":36,"town":"川内町","city_name":"徳島市"},{"code":"7710142","prefecture_code":36,"town":"川内町","city_name":"徳島市"},{"code":"7710130","prefecture_code":36,"town":"川内町","city_name":"徳島市"},{"code":"7710125","prefecture_code":36,"town":"川内町","city_name":"徳島市"},{"code":"7710126","prefecture_code":36,"town":"川内町","city_name":"徳島市"},{"code":"7710127","prefecture_code":36,"town":"川内町","city_name":"徳島市"},{"code":"7710128","prefecture_code":36,"town":"川内町","city_name":"徳島市"},{"code":"7710129","prefecture_code":36,"town":"川内町","city_name":"徳島市"},{"code":"7710103","prefecture_code":36,"town":"川内町","city_name":"徳島市"},{"code":"7710104","prefecture_code":36,"town":"川内町","city_name":"徳島市"},{"code":"7710102","prefecture_code":36,"town":"川内町","city_name":"徳島市"},{"code":"7710106","prefecture_code":36,"town":"川内町","city_name":"徳島市"},{"code":"7710105","prefecture_code":36,"town":"川内町","city_name":"徳島市"},{"code":"7710121","prefecture_code":36,"town":"川内町","city_name":"徳島市"},{"code":"7710122","prefecture_code":36,"town":"川内町","city_name":"徳島市"},{"code":"7710124","prefecture_code":36,"town":"川内町","city_name":"徳島市"},{"code":"7710123","prefecture_code":36,"town":"川内町","city_name":"徳島市"},{"code":"7710141","prefecture_code":36,"town":"川内町","city_name":"徳島市"},{"code":"7710117","prefecture_code":36,"town":"川内町","city_name":"徳島市"},{"code":"7710111","prefecture_code":36,"town":"川内町","city_name":"徳島市"},{"code":"7710112","prefecture_code":36,"town":"川内町","city_name":"徳島市"},{"code":"7710143","prefecture_code":36,"town":"川内町","city_name":"徳島市"},{"code":"7710132","prefecture_code":36,"town":"川内町","city_name":"徳島市"},{"code":"7710133","prefecture_code":36,"town":"川内町","city_name":"徳島市"},{"code":"7710136","prefecture_code":36,"town":"川内町","city_name":"徳島市"},{"code":"7710134","prefecture_code":36,"town":"川内町","city_name":"徳島市"},{"code":"7710138","prefecture_code":36,"town":"川内町","city_name":"徳島市"},{"code":"7710135","prefecture_code":36,"town":"川内町","city_name":"徳島市"},{"code":"7710137","prefecture_code":36,"town":"川内町","city_name":"徳島市"},{"code":"7710113","prefecture_code":36,"town":"川内町","city_name":"徳島市"},{"code":"7710116","prefecture_code":36,"town":"川内町","city_name":"徳島市"},{"code":"7710115","prefecture_code":36,"town":"川内町","city_name":"徳島市"},{"code":"7710114","prefecture_code":36,"town":"川内町","city_name":"徳島市"},{"code":"7710139","prefecture_code":36,"town":"川内町","city_name":"徳島市"},{"code":"7714267","prefecture_code":36,"town":"渋野町","city_name":"徳島市"},{"code":"7714263","prefecture_code":36,"town":"丈六町","city_name":"徳島市"},{"code":"7714262","prefecture_code":36,"town":"丈六町","city_name":"徳島市"},{"code":"7714261","prefecture_code":36,"town":"丈六町","city_name":"徳島市"},{"code":"7714264","prefecture_code":36,"town":"多家良町","city_name":"徳島市"},{"code":"7714266","prefecture_code":36,"town":"八多町","city_name":"徳島市"},{"code":"7710372","prefecture_code":36,"town":"北灘町粟田","city_name":"鳴門市"},{"code":"7710373","prefecture_code":36,"town":"北灘町大浦","city_name":"鳴門市"},{"code":"7710377","prefecture_code":36,"town":"北灘町大須","city_name":"鳴門市"},{"code":"7710376","prefecture_code":36,"town":"北灘町折野","city_name":"鳴門市"},{"code":"7710371","prefecture_code":36,"town":"北灘町櫛木","city_name":"鳴門市"},{"code":"7710378","prefecture_code":36,"town":"北灘町碁浦","city_name":"鳴門市"},{"code":"7710374","prefecture_code":36,"town":"北灘町宿毛谷","city_name":"鳴門市"},{"code":"7710375","prefecture_code":36,"town":"北灘町鳥ケ丸","city_name":"鳴門市"},{"code":"7710360","prefecture_code":36,"town":"瀬戸町明神","city_name":"鳴門市"},{"code":"7710362","prefecture_code":36,"town":"瀬戸町北泊","city_name":"鳴門市"},{"code":"7710364","prefecture_code":36,"town":"瀬戸町北泊","city_name":"鳴門市"},{"code":"7710367","prefecture_code":36,"town":"瀬戸町大島田","city_name":"鳴門市"},{"code":"7710366","prefecture_code":36,"town":"瀬戸町中島田","city_name":"鳴門市"},{"code":"7710365","prefecture_code":36,"town":"瀬戸町小島田","city_name":"鳴門市"},{"code":"7710361","prefecture_code":36,"town":"瀬戸町堂浦","city_name":"鳴門市"},{"code":"7710363","prefecture_code":36,"town":"瀬戸町湊谷","city_name":"鳴門市"},{"code":"7710369","prefecture_code":36,"town":"瀬戸町撫佐","city_name":"鳴門市"},{"code":"7710368","prefecture_code":36,"town":"瀬戸町室","city_name":"鳴門市"},{"code":"7715177","prefecture_code":36,"town":"大井町","city_name":"阿南市"},{"code":"7715176","prefecture_code":36,"town":"大田井町","city_name":"阿南市"},{"code":"7715173","prefecture_code":36,"town":"加茂町","city_name":"阿南市"},{"code":"7715170","prefecture_code":36,"town":"楠根町","city_name":"阿南市"},{"code":"7715171","prefecture_code":36,"town":"熊谷町","city_name":"阿南市"},{"code":"7715178","prefecture_code":36,"town":"十八女町","city_name":"阿南市"},{"code":"7715174","prefecture_code":36,"town":"水井町","city_name":"阿南市"},{"code":"7715179","prefecture_code":36,"town":"深瀬町","city_name":"阿南市"},{"code":"7715175","prefecture_code":36,"town":"細野町","city_name":"阿南市"},{"code":"7715172","prefecture_code":36,"town":"吉井町","city_name":"阿南市"},{"code":"7711700","prefecture_code":36,"town":"","city_name":"阿波市"},{"code":"7711705","prefecture_code":36,"town":"阿波町赤坂","city_name":"阿波市"},{"code":"7711705","prefecture_code":36,"town":"阿波町医王寺","city_name":"阿波市"},{"code":"7711701","prefecture_code":36,"town":"阿波町伊沢市","city_name":"阿波市"},{"code":"7711703","prefecture_code":36,"town":"阿波町伊沢田","city_name":"阿波市"},{"code":"7711704","prefecture_code":36,"town":"阿波町伊沢谷東縁","city_name":"阿波市"},{"code":"7711702","prefecture_code":36,"town":"阿波町伊勢","city_name":"阿波市"},{"code":"7711702","prefecture_code":36,"town":"阿波町井出口","city_name":"阿波市"},{"code":"7711704","prefecture_code":36,"town":"阿波町糸下","city_name":"阿波市"},{"code":"7711702","prefecture_code":36,"town":"阿波町稲荷","city_name":"阿波市"},{"code":"7711704","prefecture_code":36,"town":"阿波町芋場","city_name":"阿波市"},{"code":"7711705","prefecture_code":36,"town":"阿波町居屋敷","city_name":"阿波市"},{"code":"7711706","prefecture_code":36,"town":"阿波町岩津","city_name":"阿波市"},{"code":"7711706","prefecture_code":36,"town":"阿波町植桜","city_name":"阿波市"},{"code":"7711705","prefecture_code":36,"town":"阿波町梅川内","city_name":"阿波市"},{"code":"7711704","prefecture_code":36,"town":"阿波町梅ノ木原","city_name":"阿波市"},{"code":"7711704","prefecture_code":36,"town":"阿波町梅ノ東","city_name":"阿波市"},{"code":"7711701","prefecture_code":36,"town":"阿波町王地","city_name":"阿波市"},{"code":"7711705","prefecture_code":36,"town":"阿波町王子川","city_name":"阿波市"},{"code":"7711701","prefecture_code":36,"town":"阿波町王地南","city_name":"阿波市"},{"code":"7711702","prefecture_code":36,"town":"阿波町大久保","city_name":"阿波市"},{"code":"7711701","prefecture_code":36,"town":"阿波町大坪","city_name":"阿波市"},{"code":"7711701","prefecture_code":36,"town":"阿波町大原","city_name":"阿波市"},{"code":"7711703","prefecture_code":36,"town":"阿波町大道北","city_name":"阿波市"},{"code":"7711701","prefecture_code":36,"town":"阿波町大道南","city_name":"阿波市"},{"code":"7711703","prefecture_code":36,"town":"阿波町岡地","city_name":"阿波市"},{"code":"7711704","prefecture_code":36,"town":"阿波町小倉","city_name":"阿波市"},{"code":"7711706","prefecture_code":36,"town":"阿波町乙岩津","city_name":"阿波市"},{"code":"7711702","prefecture_code":36,"town":"阿波町柏谷左右","city_name":"阿波市"},{"code":"7711701","prefecture_code":36,"town":"阿波町勝命","city_name":"阿波市"},{"code":"7711701","prefecture_code":36,"town":"阿波町勝命北","city_name":"阿波市"},{"code":"7711704","prefecture_code":36,"town":"阿波町亀底","city_name":"阿波市"},{"code":"7711705","prefecture_code":36,"town":"阿波町川久保","city_name":"阿波市"},{"code":"7711702","prefecture_code":36,"town":"阿波町川添","city_name":"阿波市"},{"code":"7711706","prefecture_code":36,"town":"阿波町北岡","city_name":"阿波市"},{"code":"7711704","prefecture_code":36,"town":"阿波町北久保","city_name":"阿波市"},{"code":"7711704","prefecture_code":36,"town":"阿波町北五味知","city_name":"阿波市"},{"code":"7711703","prefecture_code":36,"town":"阿波町北柴生","city_name":"阿波市"},{"code":"7711705","prefecture_code":36,"town":"阿波町北整理","city_name":"阿波市"},{"code":"7711706","prefecture_code":36,"town":"阿波町北西谷","city_name":"阿波市"},{"code":"7711702","prefecture_code":36,"town":"阿波町北ノ名","city_name":"阿波市"},{"code":"7711703","prefecture_code":36,"town":"阿波町北原","city_name":"阿波市"},{"code":"7711704","prefecture_code":36,"town":"阿波町北正広","city_name":"阿波市"},{"code":"7711705","prefecture_code":36,"town":"阿波町北山","city_name":"阿波市"},{"code":"7711701","prefecture_code":36,"town":"阿波町庚申原","city_name":"阿波市"},{"code":"7711705","prefecture_code":36,"town":"阿波町五明","city_name":"阿波市"},{"code":"7711705","prefecture_code":36,"town":"阿波町桜ノ岡","city_name":"阿波市"},{"code":"7711705","prefecture_code":36,"town":"阿波町寒風","city_name":"阿波市"},{"code":"7711702","prefecture_code":36,"town":"阿波町山王","city_name":"阿波市"},{"code":"7711706","prefecture_code":36,"town":"阿波町三本柳","city_name":"阿波市"},{"code":"7711702","prefecture_code":36,"town":"阿波町四歩一","city_name":"阿波市"},{"code":"7711701","prefecture_code":36,"town":"阿波町下喜来","city_name":"阿波市"},{"code":"7711701","prefecture_code":36,"town":"阿波町下喜来南","city_name":"阿波市"},{"code":"7711702","prefecture_code":36,"town":"阿波町下原","city_name":"阿波市"},{"code":"7711705","prefecture_code":36,"town":"阿波町十善地","city_name":"阿波市"},{"code":"7711701","prefecture_code":36,"town":"阿波町新開","city_name":"阿波市"},{"code":"7711703","prefecture_code":36,"town":"阿波町真福寺","city_name":"阿波市"},{"code":"7711701","prefecture_code":36,"town":"阿波町清原","city_name":"阿波市"},{"code":"7711705","prefecture_code":36,"town":"阿波町善地","city_name":"阿波市"},{"code":"7711702","prefecture_code":36,"town":"阿波町大次郎","city_name":"阿波市"},{"code":"7711705","prefecture_code":36,"town":"阿波町高垣","city_name":"阿波市"},{"code":"7711704","prefecture_code":36,"town":"阿波町立割","city_name":"阿波市"},{"code":"7711702","prefecture_code":36,"town":"阿波町谷口","city_name":"阿波市"},{"code":"7711701","prefecture_code":36,"town":"阿波町谷島","city_name":"阿波市"},{"code":"7711701","prefecture_code":36,"town":"阿波町谷島北","city_name":"阿波市"},{"code":"7711703","prefecture_code":36,"town":"阿波町綱懸","city_name":"阿波市"},{"code":"7711702","prefecture_code":36,"town":"阿波町寺サコ","city_name":"阿波市"},{"code":"7711702","prefecture_code":36,"town":"阿波町天西山","city_name":"阿波市"},{"code":"7711703","prefecture_code":36,"town":"阿波町東条","city_name":"阿波市"},{"code":"7711705","prefecture_code":36,"town":"阿波町栩ケ窪","city_name":"阿波市"},{"code":"7711706","prefecture_code":36,"town":"阿波町中川原","city_name":"阿波市"},{"code":"7711706","prefecture_code":36,"town":"阿波町中坪","city_name":"阿波市"},{"code":"7711706","prefecture_code":36,"town":"阿波町中長峰","city_name":"阿波市"},{"code":"7711703","prefecture_code":36,"town":"阿波町中原","city_name":"阿波市"},{"code":"7711703","prefecture_code":36,"town":"阿波町西柴生","city_name":"阿波市"},{"code":"7711706","prefecture_code":36,"town":"阿波町西島","city_name":"阿波市"},{"code":"7711701","prefecture_code":36,"town":"阿波町西清原","city_name":"阿波市"},{"code":"7711706","prefecture_code":36,"town":"阿波町西整理","city_name":"阿波市"},{"code":"7711706","prefecture_code":36,"town":"阿波町西長峰","city_name":"阿波市"},{"code":"7711702","prefecture_code":36,"town":"阿波町西ノ岡","city_name":"阿波市"},{"code":"7711706","prefecture_code":36,"town":"阿波町西林","city_name":"阿波市"},{"code":"7711703","prefecture_code":36,"town":"阿波町西原","city_name":"阿波市"},{"code":"7711704","prefecture_code":36,"town":"阿波町西正広","city_name":"阿波市"},{"code":"7711702","prefecture_code":36,"town":"阿波町野神","city_name":"阿波市"},{"code":"7711704","prefecture_code":36,"town":"阿波町八丁原","city_name":"阿波市"},{"code":"7711705","prefecture_code":36,"town":"阿波町馬場","city_name":"阿波市"},{"code":"7711706","prefecture_code":36,"town":"阿波町東川原","city_name":"阿波市"},{"code":"7711703","prefecture_code":36,"town":"阿波町東柴生","city_name":"阿波市"},{"code":"7711706","prefecture_code":36,"town":"阿波町東島","city_name":"阿波市"},{"code":"7711706","prefecture_code":36,"town":"阿波町東整理","city_name":"阿波市"},{"code":"7711706","prefecture_code":36,"town":"阿波町東長峰","city_name":"阿波市"},{"code":"7711703","prefecture_code":36,"town":"阿波町東原","city_name":"阿波市"},{"code":"7711704","prefecture_code":36,"town":"阿波町東正広","city_name":"阿波市"},{"code":"7711706","prefecture_code":36,"town":"阿波町東村","city_name":"阿波市"},{"code":"7711704","prefecture_code":36,"town":"阿波町引地","city_name":"阿波市"},{"code":"7711702","prefecture_code":36,"town":"阿波町久原","city_name":"阿波市"},{"code":"7711705","prefecture_code":36,"town":"阿波町日吉谷","city_name":"阿波市"},{"code":"7711704","prefecture_code":36,"town":"阿波町広野","city_name":"阿波市"},{"code":"7711701","prefecture_code":36,"town":"阿波町平川原北","city_name":"阿波市"},{"code":"7711701","prefecture_code":36,"town":"阿波町平川原南","city_name":"阿波市"},{"code":"7711702","prefecture_code":36,"town":"阿波町本町","city_name":"阿波市"},{"code":"7711702","prefecture_code":36,"town":"阿波町本安","city_name":"阿波市"},{"code":"7711703","prefecture_code":36,"town":"阿波町前島","city_name":"阿波市"},{"code":"7711704","prefecture_code":36,"town":"阿波町真重","city_name":"阿波市"},{"code":"7711705","prefecture_code":36,"town":"阿波町松川内","city_name":"阿波市"},{"code":"7711703","prefecture_code":36,"town":"阿波町丸山","city_name":"阿波市"},{"code":"7711706","prefecture_code":36,"town":"阿波町南川原","city_name":"阿波市"},{"code":"7711704","prefecture_code":36,"town":"阿波町南五味知","city_name":"阿波市"},{"code":"7711703","prefecture_code":36,"town":"阿波町南柴生","city_name":"阿波市"},{"code":"7711706","prefecture_code":36,"town":"阿波町南整理","city_name":"阿波市"},{"code":"7711701","prefecture_code":36,"town":"阿波町南谷島","city_name":"阿波市"},{"code":"7711706","prefecture_code":36,"town":"阿波町南西谷","city_name":"阿波市"},{"code":"7711704","prefecture_code":36,"town":"阿波町元町","city_name":"阿波市"},{"code":"7711702","prefecture_code":36,"town":"阿波町森沢","city_name":"阿波市"},{"code":"7711702","prefecture_code":36,"town":"阿波町安政","city_name":"阿波市"},{"code":"7711702","prefecture_code":36,"town":"阿波町山尻","city_name":"阿波市"},{"code":"7711704","prefecture_code":36,"town":"阿波町山ノ神","city_name":"阿波市"},{"code":"7711702","prefecture_code":36,"town":"阿波町早田","city_name":"阿波市"},{"code":"7711602","prefecture_code":36,"town":"市場町市場","city_name":"阿波市"},{"code":"7711603","prefecture_code":36,"town":"市場町市場","city_name":"阿波市"},{"code":"7711601","prefecture_code":36,"town":"市場町市場","city_name":"阿波市"},{"code":"7711604","prefecture_code":36,"town":"市場町市場","city_name":"阿波市"},{"code":"7711626","prefecture_code":36,"town":"市場町伊月","city_name":"阿波市"},{"code":"7711714","prefecture_code":36,"town":"市場町犬墓","city_name":"阿波市"},{"code":"7711614","prefecture_code":36,"town":"市場町犬墓","city_name":"阿波市"},{"code":"7711615","prefecture_code":36,"town":"市場町大影","city_name":"阿波市"},{"code":"7711627","prefecture_code":36,"town":"市場町大野島","city_name":"阿波市"},{"code":"7711613","prefecture_code":36,"town":"市場町大俣","city_name":"阿波市"},{"code":"7711621","prefecture_code":36,"town":"市場町尾開","city_name":"阿波市"},{"code":"7711611","prefecture_code":36,"town":"市場町香美","city_name":"阿波市"},{"code":"7711610","prefecture_code":36,"town":"市場町香美","city_name":"阿波市"},{"code":"7711612","prefecture_code":36,"town":"市場町上喜来","city_name":"阿波市"},{"code":"7711623","prefecture_code":36,"town":"市場町切幡","city_name":"阿波市"},{"code":"7711622","prefecture_code":36,"town":"市場町興崎","city_name":"阿波市"},{"code":"7711616","prefecture_code":36,"town":"市場町日開谷","city_name":"阿波市"},{"code":"7711624","prefecture_code":36,"town":"市場町山野上","city_name":"阿波市"},{"code":"7711625","prefecture_code":36,"town":"市場町八幡","city_name":"阿波市"},{"code":"7711501","prefecture_code":36,"town":"土成町秋月","city_name":"阿波市"},{"code":"7711503","prefecture_code":36,"town":"土成町浦池","city_name":"阿波市"},{"code":"7711505","prefecture_code":36,"town":"土成町郡","city_name":"阿波市"},{"code":"7711509","prefecture_code":36,"town":"土成町高尾","city_name":"阿波市"},{"code":"7711506","prefecture_code":36,"town":"土成町土成","city_name":"阿波市"},{"code":"7711504","prefecture_code":36,"town":"土成町成当","city_name":"阿波市"},{"code":"7711502","prefecture_code":36,"town":"土成町水田","city_name":"阿波市"},{"code":"7711508","prefecture_code":36,"town":"土成町宮川内","city_name":"阿波市"},{"code":"7711507","prefecture_code":36,"town":"土成町吉田","city_name":"阿波市"},{"code":"7711401","prefecture_code":36,"town":"吉野町柿原","city_name":"阿波市"},{"code":"7711403","prefecture_code":36,"town":"吉野町五条","city_name":"阿波市"},{"code":"7711402","prefecture_code":36,"town":"吉野町西条","city_name":"阿波市"},{"code":"7712107","prefecture_code":36,"town":"山夏蕨、吉水）","city_name":"美馬市"},{"code":"7712106","prefecture_code":36,"town":"西荒川、沼田島、東荒川、南荒川、南東原、妙見、山嫁坂）","city_name":"美馬市"},{"code":"7712102","prefecture_code":36,"town":"山橋谷、横尾）","city_name":"美馬市"},{"code":"7712105","prefecture_code":36,"town":"北土ケ久保、喜入道、滝宮、土ケ久保、西段、宮東、宮西、宮南、養泉）","city_name":"美馬市"},{"code":"7712103","prefecture_code":36,"town":"坊ケ谷、水久保、宗ノ分、屋内）","city_name":"美馬市"},{"code":"7712101","prefecture_code":36,"town":"美馬町","city_name":"美馬市"},{"code":"7712104","prefecture_code":36,"town":"宗重、薬師）","city_name":"美馬市"},{"code":"7712302","prefecture_code":36,"town":"三野町加茂野宮","city_name":"三好市"},{"code":"7712304","prefecture_code":36,"town":"三野町芝生","city_name":"三好市"},{"code":"7712301","prefecture_code":36,"town":"三野町清水","city_name":"三好市"},{"code":"7712303","prefecture_code":36,"town":"三野町勢力","city_name":"三好市"},{"code":"7712305","prefecture_code":36,"town":"三野町太刀野","city_name":"三好市"},{"code":"7712306","prefecture_code":36,"town":"三野町太刀野山","city_name":"三好市"},{"code":"7714300","prefecture_code":36,"town":"","city_name":"勝浦郡勝浦町"},{"code":"7714303","prefecture_code":36,"town":"生名","city_name":"勝浦郡勝浦町"},{"code":"7714308","prefecture_code":36,"town":"坂本","city_name":"勝浦郡勝浦町"},{"code":"7714306","prefecture_code":36,"town":"棚野","city_name":"勝浦郡勝浦町"},{"code":"7714302","prefecture_code":36,"town":"中角","city_name":"勝浦郡勝浦町"},{"code":"7714301","prefecture_code":36,"town":"沼江","city_name":"勝浦郡勝浦町"},{"code":"7714305","prefecture_code":36,"town":"久国","city_name":"勝浦郡勝浦町"},{"code":"7714304","prefecture_code":36,"town":"星谷","city_name":"勝浦郡勝浦町"},{"code":"7714307","prefecture_code":36,"town":"三渓","city_name":"勝浦郡勝浦町"},{"code":"7714500","prefecture_code":36,"town":"","city_name":"勝浦郡上勝町"},{"code":"7714502","prefecture_code":36,"town":"旭","city_name":"勝浦郡上勝町"},{"code":"7714503","prefecture_code":36,"town":"生実","city_name":"勝浦郡上勝町"},{"code":"7714501","prefecture_code":36,"town":"福原","city_name":"勝浦郡上勝町"},{"code":"7714504","prefecture_code":36,"town":"傍示","city_name":"勝浦郡上勝町"},{"code":"7714505","prefecture_code":36,"town":"正木","city_name":"勝浦郡上勝町"},{"code":"7714100","prefecture_code":36,"town":"","city_name":"名東郡佐那河内村"},{"code":"7714102","prefecture_code":36,"town":"上","city_name":"名東郡佐那河内村"},{"code":"7714101","prefecture_code":36,"town":"下","city_name":"名東郡佐那河内村"},{"code":"7713200","prefecture_code":36,"town":"","city_name":"名西郡神山町"},{"code":"7713202","prefecture_code":36,"town":"阿野","city_name":"名西郡神山町"},{"code":"7713201","prefecture_code":36,"town":"阿野","city_name":"名西郡神山町"},{"code":"7713203","prefecture_code":36,"town":"鬼籠野","city_name":"名西郡神山町"},{"code":"7713422","prefecture_code":36,"town":"上分","city_name":"名西郡神山町"},{"code":"7713421","prefecture_code":36,"town":"下分","city_name":"名西郡神山町"},{"code":"7713311","prefecture_code":36,"town":"神領","city_name":"名西郡神山町"},{"code":"7713310","prefecture_code":36,"town":"神領","city_name":"名西郡神山町"},{"code":"7715200","prefecture_code":36,"town":"","city_name":"那賀郡那賀町"},{"code":"7715207","prefecture_code":36,"town":"阿井","city_name":"那賀郡那賀町"},{"code":"7715403","prefecture_code":36,"town":"鮎川","city_name":"那賀郡那賀町"},{"code":"7715323","prefecture_code":36,"town":"相名","city_name":"那賀郡那賀町"},{"code":"7715401","prefecture_code":36,"town":"朝生","city_name":"那賀郡那賀町"},{"code":"7716101","prefecture_code":36,"town":"阿津江","city_name":"那賀郡那賀町"},{"code":"7716103","prefecture_code":36,"town":"出羽","city_name":"那賀郡那賀町"},{"code":"7715324","prefecture_code":36,"town":"井ノ谷","city_name":"那賀郡那賀町"},{"code":"7715405","prefecture_code":36,"town":"入野","city_name":"那賀郡那賀町"},{"code":"7716118","prefecture_code":36,"town":"岩倉","city_name":"那賀郡那賀町"},{"code":"7715328","prefecture_code":36,"town":"請ノ谷","city_name":"那賀郡那賀町"},{"code":"7715404","prefecture_code":36,"town":"牛輪","city_name":"那賀郡那賀町"},{"code":"7715504","prefecture_code":36,"town":"臼ケ谷","city_name":"那賀郡那賀町"},{"code":"7715326","prefecture_code":36,"town":"内山","city_name":"那賀郡那賀町"},{"code":"7715321","prefecture_code":36,"town":"馬路","city_name":"那賀郡那賀町"},{"code":"7715320","prefecture_code":36,"town":"榎谷","city_name":"那賀郡那賀町"},{"code":"7715410","prefecture_code":36,"town":"大久保","city_name":"那賀郡那賀町"},{"code":"7715516","prefecture_code":36,"town":"大戸","city_name":"那賀郡那賀町"},{"code":"7716322","prefecture_code":36,"town":"大殿","city_name":"那賀郡那賀町"},{"code":"7716115","prefecture_code":36,"town":"小畠","city_name":"那賀郡那賀町"},{"code":"7715501","prefecture_code":36,"town":"音谷","city_name":"那賀郡那賀町"},{"code":"7715407","prefecture_code":36,"town":"雄","city_name":"那賀郡那賀町"},{"code":"7716328","prefecture_code":36,"town":"海川","city_name":"那賀郡那賀町"},{"code":"7715413","prefecture_code":36,"town":"蔭谷","city_name":"那賀郡那賀町"},{"code":"7716107","prefecture_code":36,"town":"掛盤","city_name":"那賀郡那賀町"},{"code":"7716117","prefecture_code":36,"town":"川成","city_name":"那賀郡那賀町"},{"code":"7715515","prefecture_code":36,"town":"川俣","city_name":"那賀郡那賀町"},{"code":"7716105","prefecture_code":36,"town":"木頭","city_name":"那賀郡那賀町"},{"code":"7716402","prefecture_code":36,"town":"木頭出原","city_name":"那賀郡那賀町"},{"code":"7716511","prefecture_code":36,"town":"木頭折宇","city_name":"那賀郡那賀町"},{"code":"7716512","prefecture_code":36,"town":"木頭北川","city_name":"那賀郡那賀町"},{"code":"7716401","prefecture_code":36,"town":"木頭助","city_name":"那賀郡那賀町"},{"code":"7716405","prefecture_code":36,"town":"木頭西宇","city_name":"那賀郡那賀町"},{"code":"7716404","prefecture_code":36,"town":"木頭南宇","city_name":"那賀郡那賀町"},{"code":"7716403","prefecture_code":36,"town":"木頭和無田","city_name":"那賀郡那賀町"},{"code":"7716102","prefecture_code":36,"town":"木頭名","city_name":"那賀郡那賀町"},{"code":"7716111","prefecture_code":36,"town":"小泉","city_name":"那賀郡那賀町"},{"code":"7716324","prefecture_code":36,"town":"御所谷","city_name":"那賀郡那賀町"},{"code":"7715209","prefecture_code":36,"town":"小仁宇","city_name":"那賀郡那賀町"},{"code":"7715512","prefecture_code":36,"town":"小計","city_name":"那賀郡那賀町"},{"code":"7715503","prefecture_code":36,"town":"小浜","city_name":"那賀郡那賀町"},{"code":"7716106","prefecture_code":36,"town":"坂州","city_name":"那賀郡那賀町"},{"code":"7715502","prefecture_code":36,"town":"桜谷","city_name":"那賀郡那賀町"},{"code":"7716114","prefecture_code":36,"town":"沢谷","city_name":"那賀郡那賀町"},{"code":"7716325","prefecture_code":36,"town":"丈ケ谷","city_name":"那賀郡那賀町"},{"code":"7715507","prefecture_code":36,"town":"菖蒲","city_name":"那賀郡那賀町"},{"code":"7716323","prefecture_code":36,"town":"白石","city_name":"那賀郡那賀町"},{"code":"7716112","prefecture_code":36,"town":"高野","city_name":"那賀郡那賀町"},{"code":"7715329","prefecture_code":36,"town":"竹ケ谷","city_name":"那賀郡那賀町"},{"code":"7715322","prefecture_code":36,"town":"谷内","city_name":"那賀郡那賀町"},{"code":"7716113","prefecture_code":36,"town":"寺内","city_name":"那賀郡那賀町"},{"code":"7716104","prefecture_code":36,"town":"当山","city_name":"那賀郡那賀町"},{"code":"7715202","prefecture_code":36,"town":"土佐","city_name":"那賀郡那賀町"},{"code":"7715505","prefecture_code":36,"town":"長安","city_name":"那賀郡那賀町"},{"code":"7715204","prefecture_code":36,"town":"中山","city_name":"那賀郡那賀町"},{"code":"7716327","prefecture_code":36,"town":"成瀬","city_name":"那賀郡那賀町"},{"code":"7715208","prefecture_code":36,"town":"仁宇","city_name":"那賀郡那賀町"},{"code":"7715327","prefecture_code":36,"town":"西納","city_name":"那賀郡那賀町"},{"code":"7715406","prefecture_code":36,"town":"延野","city_name":"那賀郡那賀町"},{"code":"7715518","prefecture_code":36,"town":"拝宮","city_name":"那賀郡那賀町"},{"code":"7715409","prefecture_code":36,"town":"鉢","city_name":"那賀郡那賀町"},{"code":"7715532","prefecture_code":36,"town":"花瀬","city_name":"那賀郡那賀町"},{"code":"7715531","prefecture_code":36,"town":"日浦","city_name":"那賀郡那賀町"},{"code":"7715508","prefecture_code":36,"town":"東尾","city_name":"那賀郡那賀町"},{"code":"7715506","prefecture_code":36,"town":"桧曽根","city_name":"那賀郡那賀町"},{"code":"7715517","prefecture_code":36,"town":"日真","city_name":"那賀郡那賀町"},{"code":"7716321","prefecture_code":36,"town":"平谷","city_name":"那賀郡那賀町"},{"code":"7715325","prefecture_code":36,"town":"平野","city_name":"那賀郡那賀町"},{"code":"7715514","prefecture_code":36,"town":"深森","city_name":"那賀郡那賀町"},{"code":"7716326","prefecture_code":36,"town":"府殿","city_name":"那賀郡那賀町"},{"code":"7715513","prefecture_code":36,"town":"古屋","city_name":"那賀郡那賀町"},{"code":"7715412","prefecture_code":36,"town":"朴野","city_name":"那賀郡那賀町"},{"code":"7715511","prefecture_code":36,"town":"水崎","city_name":"那賀郡那賀町"},{"code":"7715206","prefecture_code":36,"town":"百合","city_name":"那賀郡那賀町"},{"code":"7715205","prefecture_code":36,"town":"百合谷","city_name":"那賀郡那賀町"},{"code":"7715402","prefecture_code":36,"town":"簗ノ上","city_name":"那賀郡那賀町"},{"code":"7715411","prefecture_code":36,"town":"横石","city_name":"那賀郡那賀町"},{"code":"7716116","prefecture_code":36,"town":"横谷","city_name":"那賀郡那賀町"},{"code":"7715408","prefecture_code":36,"town":"吉野","city_name":"那賀郡那賀町"},{"code":"7715201","prefecture_code":36,"town":"和食","city_name":"那賀郡那賀町"},{"code":"7715203","prefecture_code":36,"town":"和食郷","city_name":"那賀郡那賀町"},{"code":"7710200","prefecture_code":36,"town":"","city_name":"板野郡松茂町"},{"code":"7710219","prefecture_code":36,"town":"笹木野","city_name":"板野郡松茂町"},{"code":"7710218","prefecture_code":36,"town":"住吉","city_name":"板野郡松茂町"},{"code":"7710215","prefecture_code":36,"town":"豊岡","city_name":"板野郡松茂町"},{"code":"7710217","prefecture_code":36,"town":"豊中","city_name":"板野郡松茂町"},{"code":"7710213","prefecture_code":36,"town":"豊久","city_name":"板野郡松茂町"},{"code":"7710212","prefecture_code":36,"town":"中喜来","city_name":"板野郡松茂町"},{"code":"7710211","prefecture_code":36,"town":"長岸","city_name":"板野郡松茂町"},{"code":"7710216","prefecture_code":36,"town":"長原","city_name":"板野郡松茂町"},{"code":"7710220","prefecture_code":36,"town":"広島","city_name":"板野郡松茂町"},{"code":"7710214","prefecture_code":36,"town":"満穂","city_name":"板野郡松茂町"},{"code":"7710200","prefecture_code":36,"town":"","city_name":"板野郡北島町"},{"code":"7710205","prefecture_code":36,"town":"江尻","city_name":"板野郡北島町"},{"code":"7710201","prefecture_code":36,"town":"北村","city_name":"板野郡北島町"},{"code":"7710207","prefecture_code":36,"town":"新喜来","city_name":"板野郡北島町"},{"code":"7710204","prefecture_code":36,"town":"鯛浜","city_name":"板野郡北島町"},{"code":"7710206","prefecture_code":36,"town":"高房","city_name":"板野郡北島町"},{"code":"7710202","prefecture_code":36,"town":"太郎八須","city_name":"板野郡北島町"},{"code":"7710203","prefecture_code":36,"town":"中村","city_name":"板野郡北島町"},{"code":"7711200","prefecture_code":36,"town":"","city_name":"板野郡藍住町"},{"code":"7711202","prefecture_code":36,"town":"奥野","city_name":"板野郡藍住町"},{"code":"7711203","prefecture_code":36,"town":"奥野","city_name":"板野郡藍住町"},{"code":"7711201","prefecture_code":36,"town":"奥野","city_name":"板野郡藍住町"},{"code":"7711240","prefecture_code":36,"town":"乙瀬","city_name":"板野郡藍住町"},{"code":"7711262","prefecture_code":36,"town":"笠木","city_name":"板野郡藍住町"},{"code":"7711261","prefecture_code":36,"town":"笠木","city_name":"板野郡藍住町"},{"code":"7711260","prefecture_code":36,"town":"笠木","city_name":"板野郡藍住町"},{"code":"7711271","prefecture_code":36,"town":"勝瑞","city_name":"板野郡藍住町"},{"code":"7711273","prefecture_code":36,"town":"勝瑞","city_name":"板野郡藍住町"},{"code":"7711272","prefecture_code":36,"town":"勝瑞","city_name":"板野郡藍住町"},{"code":"7711270","prefecture_code":36,"town":"勝瑞","city_name":"板野郡藍住町"},{"code":"7711267","prefecture_code":36,"town":"住吉","city_name":"板野郡藍住町"},{"code":"7711265","prefecture_code":36,"town":"住吉","city_name":"板野郡藍住町"},{"code":"7711266","prefecture_code":36,"town":"住吉","city_name":"板野郡藍住町"},{"code":"7711264","prefecture_code":36,"town":"住吉","city_name":"板野郡藍住町"},{"code":"7711212","prefecture_code":36,"town":"徳命","city_name":"板野郡藍住町"},{"code":"7711211","prefecture_code":36,"town":"徳命","city_name":"板野郡藍住町"},{"code":"7711210","prefecture_code":36,"town":"徳命","city_name":"板野郡藍住町"},{"code":"7711232","prefecture_code":36,"town":"富吉","city_name":"板野郡藍住町"},{"code":"7711231","prefecture_code":36,"town":"富吉","city_name":"板野郡藍住町"},{"code":"7711230","prefecture_code":36,"town":"富吉","city_name":"板野郡藍住町"},{"code":"7711224","prefecture_code":36,"town":"東中富","city_name":"板野郡藍住町"},{"code":"7711222","prefecture_code":36,"town":"東中富","city_name":"板野郡藍住町"},{"code":"7711223","prefecture_code":36,"town":"東中富","city_name":"板野郡藍住町"},{"code":"7711221","prefecture_code":36,"town":"東中富","city_name":"板野郡藍住町"},{"code":"7711220","prefecture_code":36,"town":"東中富","city_name":"板野郡藍住町"},{"code":"7711253","prefecture_code":36,"town":"矢上","city_name":"板野郡藍住町"},{"code":"7711252","prefecture_code":36,"town":"矢上","city_name":"板野郡藍住町"},{"code":"7711251","prefecture_code":36,"town":"矢上","city_name":"板野郡藍住町"},{"code":"7711250","prefecture_code":36,"town":"矢上","city_name":"板野郡藍住町"},{"code":"7711300","prefecture_code":36,"town":"","city_name":"板野郡上板町"},{"code":"7711310","prefecture_code":36,"town":"泉谷","city_name":"板野郡上板町"},{"code":"7711301","prefecture_code":36,"town":"鍛冶屋原","city_name":"板野郡上板町"},{"code":"7711345","prefecture_code":36,"town":"上六條","city_name":"板野郡上板町"},{"code":"7711320","prefecture_code":36,"town":"神宅","city_name":"板野郡上板町"},{"code":"7711342","prefecture_code":36,"town":"佐藤塚","city_name":"板野郡上板町"},{"code":"7711343","prefecture_code":36,"town":"椎本","city_name":"板野郡上板町"},{"code":"7711302","prefecture_code":36,"town":"七條","city_name":"板野郡上板町"},{"code":"7711344","prefecture_code":36,"town":"下六條","city_name":"板野郡上板町"},{"code":"7711350","prefecture_code":36,"town":"瀬部","city_name":"板野郡上板町"},{"code":"7711341","prefecture_code":36,"town":"第十新田","city_name":"板野郡上板町"},{"code":"7711346","prefecture_code":36,"town":"高磯","city_name":"板野郡上板町"},{"code":"7711347","prefecture_code":36,"town":"高瀬","city_name":"板野郡上板町"},{"code":"7711330","prefecture_code":36,"town":"西分","city_name":"板野郡上板町"},{"code":"7711311","prefecture_code":36,"town":"引野","city_name":"板野郡上板町"},{"code":"7712502","prefecture_code":36,"town":"足代","city_name":"三好郡東みよし町"},{"code":"7712503","prefecture_code":36,"town":"東山","city_name":"三好郡東みよし町"},{"code":"7712501","prefecture_code":36,"town":"昼間","city_name":"三好郡東みよし町"},{"code":"7712107","prefecture_code":36,"town":"美馬町（雨下、上野、小原、境目、里西屋敷、下ノ段、城、滝下、竹ノ内、田辺、谷口、栂尾、突落、中尾、中耕地、中筋、中通、中西、中山、長畑、夏蕨、西宮ノ上、東宮ノ上、細野、前田、松ノ花、松ノ本、宮前、宮北、八幡、","city_name":"美馬市"},{"code":"7712106","prefecture_code":36,"town":"美馬町（荒川、井出縁、井ノ神、大泉、大宮西、上突出、岸ノ下、北東原、喜来市、里平野、下突出、谷ヨリ西、乳ノ木、寺ノ下、天神、天神北、中東原、","city_name":"美馬市"},{"code":"7712102","prefecture_code":36,"town":"美馬町（家ノ前、大池、大上、大北、大佐古、大前、岡ノ内、押上、茅原、川ノ上、観音、栗林、黒砂、狙ケ内、猿坂、下白地、白地、炭釜、芹佐古、惣後、惣田、外墓、滝ノ上、立見山、田ノ岡、狙坂、中岡、中野田ノ井、中横尾、長地、西浦、西ノ谷、野田ノ井、橋谷、場シ所、東筋、平尾、平野、藤宇、前坂、水ノ岡、味噌ケ久保、道ノ上、宮ノ岡、南畠、薬師ケ久保、山西屋敷、","city_name":"美馬市"},{"code":"7712105","prefecture_code":36,"town":"美馬町（池ノ浦、銀杏木、梅ケ久保、駅、蛭子、柿木、鍵掛、願勝寺、","city_name":"美馬市"},{"code":"7712103","prefecture_code":36,"town":"美馬町（一ノ宮、後谷、倉尾、三頭山、下後谷、高惣、谷尻、露口、中沼田、中野、夏弥喜、ナロヲ、西大久保、西沼田、沼田、八ノ坪、","city_name":"美馬市"},{"code":"7712104","prefecture_code":36,"town":"美馬町（鵜飼口、岡、小長谷、小長谷端、笠仏、川縁、荒神、助松、高畑、辰角、谷頭、玉振前、チゲジ、天神東、轟、中黒、中須、中道北、中道南、ノツゴ、ノリコヘ、橋本、東岸ノ下、東段、東宗重、坊僧、丸山、南原、明神原、","city_name":"美馬市"}]
