[{"code":"8110322","prefecture_code":40,"town":"大岳","city_name":"福岡市東区"},{"code":"8110325","prefecture_code":40,"town":"勝馬","city_name":"福岡市東区"},{"code":"8110216","prefecture_code":40,"town":"上和白","city_name":"福岡市東区"},{"code":"8110206","prefecture_code":40,"town":"雁の巣","city_name":"福岡市東区"},{"code":"8110321","prefecture_code":40,"town":"西戸崎","city_name":"福岡市東区"},{"code":"8110203","prefecture_code":40,"town":"塩浜","city_name":"福岡市東区"},{"code":"8110323","prefecture_code":40,"town":"志賀島","city_name":"福岡市東区"},{"code":"8110215","prefecture_code":40,"town":"高美台","city_name":"福岡市東区"},{"code":"8110204","prefecture_code":40,"town":"奈多","city_name":"福岡市東区"},{"code":"8110205","prefecture_code":40,"town":"奈多団地","city_name":"福岡市東区"},{"code":"8110324","prefecture_code":40,"town":"弘","city_name":"福岡市東区"},{"code":"8110201","prefecture_code":40,"town":"三苫","city_name":"福岡市東区"},{"code":"8110212","prefecture_code":40,"town":"美和台","city_name":"福岡市東区"},{"code":"8110211","prefecture_code":40,"town":"美和台新町","city_name":"福岡市東区"},{"code":"8110202","prefecture_code":40,"town":"和白","city_name":"福岡市東区"},{"code":"8110213","prefecture_code":40,"town":"和白丘","city_name":"福岡市東区"},{"code":"8110214","prefecture_code":40,"town":"和白東","city_name":"福岡市東区"},{"code":"8111302","prefecture_code":40,"town":"井尻","city_name":"福岡市南区"},{"code":"8111313","prefecture_code":40,"town":"曰佐","city_name":"福岡市南区"},{"code":"8111303","prefecture_code":40,"town":"折立町","city_name":"福岡市南区"},{"code":"8111353","prefecture_code":40,"town":"柏原","city_name":"福岡市南区"},{"code":"8111324","prefecture_code":40,"town":"警弥郷","city_name":"福岡市南区"},{"code":"8111365","prefecture_code":40,"town":"皿山","city_name":"福岡市南区"},{"code":"8111354","prefecture_code":40,"town":"大平寺","city_name":"福岡市南区"},{"code":"8111352","prefecture_code":40,"town":"鶴田","city_name":"福岡市南区"},{"code":"8111364","prefecture_code":40,"town":"中尾","city_name":"福岡市南区"},{"code":"8111362","prefecture_code":40,"town":"長住","city_name":"福岡市南区"},{"code":"8111361","prefecture_code":40,"town":"西長住","city_name":"福岡市南区"},{"code":"8111347","prefecture_code":40,"town":"野多目","city_name":"福岡市南区"},{"code":"8111356","prefecture_code":40,"town":"花畑","city_name":"福岡市南区"},{"code":"8111355","prefecture_code":40,"town":"桧原","city_name":"福岡市南区"},{"code":"8111314","prefecture_code":40,"town":"的場","city_name":"福岡市南区"},{"code":"8111344","prefecture_code":40,"town":"三宅","city_name":"福岡市南区"},{"code":"8111345","prefecture_code":40,"town":"向新町","city_name":"福岡市南区"},{"code":"8111351","prefecture_code":40,"town":"屋形原","city_name":"福岡市南区"},{"code":"8111323","prefecture_code":40,"town":"弥永","city_name":"福岡市南区"},{"code":"8111322","prefecture_code":40,"town":"弥永団地","city_name":"福岡市南区"},{"code":"8111321","prefecture_code":40,"town":"柳瀬","city_name":"福岡市南区"},{"code":"8111311","prefecture_code":40,"town":"横手","city_name":"福岡市南区"},{"code":"8111312","prefecture_code":40,"town":"横手南町","city_name":"福岡市南区"},{"code":"8111346","prefecture_code":40,"town":"老司","city_name":"福岡市南区"},{"code":"8111343","prefecture_code":40,"town":"和田","city_name":"福岡市南区"},{"code":"8111134","prefecture_code":40,"town":"飯場","city_name":"福岡市早良区"},{"code":"8111132","prefecture_code":40,"town":"石釜","city_name":"福岡市早良区"},{"code":"8111113","prefecture_code":40,"town":"板屋","city_name":"福岡市早良区"},{"code":"8111123","prefecture_code":40,"town":"内野","city_name":"福岡市早良区"},{"code":"8111112","prefecture_code":40,"town":"小笠木","city_name":"福岡市早良区"},{"code":"8111122","prefecture_code":40,"town":"早良","city_name":"福岡市早良区"},{"code":"8111114","prefecture_code":40,"town":"椎原","city_name":"福岡市早良区"},{"code":"8111103","prefecture_code":40,"town":"四箇","city_name":"福岡市早良区"},{"code":"8111101","prefecture_code":40,"town":"重留","city_name":"福岡市早良区"},{"code":"8111131","prefecture_code":40,"town":"西","city_name":"福岡市早良区"},{"code":"8111121","prefecture_code":40,"town":"西入部","city_name":"福岡市早良区"},{"code":"8111102","prefecture_code":40,"town":"東入部","city_name":"福岡市早良区"},{"code":"8111133","prefecture_code":40,"town":"曲渕","city_name":"福岡市早良区"},{"code":"8111111","prefecture_code":40,"town":"脇山","city_name":"福岡市早良区"},{"code":"8113400","prefecture_code":40,"town":"","city_name":"宗像市"},{"code":"8114162","prefecture_code":40,"town":"青葉台","city_name":"宗像市"},{"code":"8114146","prefecture_code":40,"town":"赤間","city_name":"宗像市"},{"code":"8114185","prefecture_code":40,"town":"赤間駅前","city_name":"宗像市"},{"code":"8114176","prefecture_code":40,"town":"赤間ケ丘","city_name":"宗像市"},{"code":"8114148","prefecture_code":40,"town":"赤間文教町","city_name":"宗像市"},{"code":"8113415","prefecture_code":40,"town":"朝野","city_name":"宗像市"},{"code":"8114161","prefecture_code":40,"town":"朝町","city_name":"宗像市"},{"code":"8114157","prefecture_code":40,"town":"アスティ","city_name":"宗像市"},{"code":"8113401","prefecture_code":40,"town":"池浦","city_name":"宗像市"},{"code":"8113515","prefecture_code":40,"town":"池田","city_name":"宗像市"},{"code":"8114147","prefecture_code":40,"town":"石丸","city_name":"宗像市"},{"code":"8114142","prefecture_code":40,"town":"泉ケ丘","city_name":"宗像市"},{"code":"8113406","prefecture_code":40,"town":"稲元","city_name":"宗像市"},{"code":"8113502","prefecture_code":40,"town":"江口","city_name":"宗像市"},{"code":"8114177","prefecture_code":40,"town":"桜美台","city_name":"宗像市"},{"code":"8113422","prefecture_code":40,"town":"王丸","city_name":"宗像市"},{"code":"8113432","prefecture_code":40,"town":"大井","city_name":"宗像市"},{"code":"8113433","prefecture_code":40,"town":"大井台","city_name":"宗像市"},{"code":"8113440","prefecture_code":40,"town":"大井南","city_name":"宗像市"},{"code":"8113701","prefecture_code":40,"town":"大島","city_name":"宗像市"},{"code":"8114141","prefecture_code":40,"town":"大谷","city_name":"宗像市"},{"code":"8113421","prefecture_code":40,"town":"大穂","city_name":"宗像市"},{"code":"8113402","prefecture_code":40,"town":"河東","city_name":"宗像市"},{"code":"8113512","prefecture_code":40,"town":"鐘崎","city_name":"宗像市"},{"code":"8113437","prefecture_code":40,"town":"久原","city_name":"宗像市"},{"code":"8114184","prefecture_code":40,"town":"くりえいと","city_name":"宗像市"},{"code":"8113516","prefecture_code":40,"town":"公園通り","city_name":"宗像市"},{"code":"8113513","prefecture_code":40,"town":"上八","city_name":"宗像市"},{"code":"8113501","prefecture_code":40,"town":"神湊","city_name":"宗像市"},{"code":"8114165","prefecture_code":40,"town":"広陵台","city_name":"宗像市"},{"code":"8114173","prefecture_code":40,"town":"栄町","city_name":"宗像市"},{"code":"8114166","prefecture_code":40,"town":"桜","city_name":"宗像市"},{"code":"8114143","prefecture_code":40,"town":"三郎丸","city_name":"宗像市"},{"code":"8113511","prefecture_code":40,"town":"地島","city_name":"宗像市"},{"code":"8114163","prefecture_code":40,"town":"自由ケ丘","city_name":"宗像市"},{"code":"8114174","prefecture_code":40,"town":"自由ケ丘西町","city_name":"宗像市"},{"code":"8114156","prefecture_code":40,"town":"自由ケ丘南","city_name":"宗像市"},{"code":"8114182","prefecture_code":40,"town":"城ケ谷","city_name":"宗像市"},{"code":"8113404","prefecture_code":40,"town":"城西ケ丘","city_name":"宗像市"},{"code":"8114151","prefecture_code":40,"town":"城南ケ丘","city_name":"宗像市"},{"code":"8114181","prefecture_code":40,"town":"城山ニュータウン","city_name":"宗像市"},{"code":"8113408","prefecture_code":40,"town":"樟陽台","city_name":"宗像市"},{"code":"8113405","prefecture_code":40,"town":"須恵","city_name":"宗像市"},{"code":"8114175","prefecture_code":40,"town":"田久","city_name":"宗像市"},{"code":"8113431","prefecture_code":40,"town":"田熊","city_name":"宗像市"},{"code":"8114152","prefecture_code":40,"town":"武丸","city_name":"宗像市"},{"code":"8113505","prefecture_code":40,"town":"田島","city_name":"宗像市"},{"code":"8113514","prefecture_code":40,"town":"田野","city_name":"宗像市"},{"code":"8113507","prefecture_code":40,"town":"多禮","city_name":"宗像市"},{"code":"8114183","prefecture_code":40,"town":"土穴","city_name":"宗像市"},{"code":"8113407","prefecture_code":40,"town":"天平台","city_name":"宗像市"},{"code":"8113436","prefecture_code":40,"town":"東郷","city_name":"宗像市"},{"code":"8114164","prefecture_code":40,"town":"徳重","city_name":"宗像市"},{"code":"8114155","prefecture_code":40,"town":"名残","city_name":"宗像市"},{"code":"8113423","prefecture_code":40,"town":"野坂","city_name":"宗像市"},{"code":"8114171","prefecture_code":40,"town":"葉山","city_name":"宗像市"},{"code":"8113424","prefecture_code":40,"town":"原町","city_name":"宗像市"},{"code":"8113403","prefecture_code":40,"town":"ひかりケ丘","city_name":"宗像市"},{"code":"8113425","prefecture_code":40,"town":"日の里","city_name":"宗像市"},{"code":"8113412","prefecture_code":40,"town":"平等寺","city_name":"宗像市"},{"code":"8113430","prefecture_code":40,"town":"平井","city_name":"宗像市"},{"code":"8113504","prefecture_code":40,"town":"深田","city_name":"宗像市"},{"code":"8114154","prefecture_code":40,"town":"冨地原","city_name":"宗像市"},{"code":"8114113","prefecture_code":40,"town":"曲","city_name":"宗像市"},{"code":"8113413","prefecture_code":40,"town":"曲","city_name":"宗像市"},{"code":"8113439","prefecture_code":40,"town":"三倉","city_name":"宗像市"},{"code":"8113414","prefecture_code":40,"town":"光岡","city_name":"宗像市"},{"code":"8114172","prefecture_code":40,"town":"緑町","city_name":"宗像市"},{"code":"8113416","prefecture_code":40,"town":"宮田","city_name":"宗像市"},{"code":"8113503","prefecture_code":40,"town":"牟田尻","city_name":"宗像市"},{"code":"8113434","prefecture_code":40,"town":"村山田","city_name":"宗像市"},{"code":"8113435","prefecture_code":40,"town":"用山","city_name":"宗像市"},{"code":"8113411","prefecture_code":40,"town":"山田","city_name":"宗像市"},{"code":"8113506","prefecture_code":40,"town":"吉田","city_name":"宗像市"},{"code":"8114153","prefecture_code":40,"town":"吉留","city_name":"宗像市"},{"code":"8114145","prefecture_code":40,"town":"陵厳寺","city_name":"宗像市"},{"code":"8113438","prefecture_code":40,"town":"和歌美台","city_name":"宗像市"},{"code":"8113100","prefecture_code":40,"town":"","city_name":"古賀市"},{"code":"8113134","prefecture_code":40,"town":"青柳","city_name":"古賀市"},{"code":"8113133","prefecture_code":40,"town":"青柳町","city_name":"古賀市"},{"code":"8113136","prefecture_code":40,"town":"糸ケ浦","city_name":"古賀市"},{"code":"8113131","prefecture_code":40,"town":"今在家","city_name":"古賀市"},{"code":"8113117","prefecture_code":40,"town":"今の庄","city_name":"古賀市"},{"code":"8113102","prefecture_code":40,"town":"駅東","city_name":"古賀市"},{"code":"8113135","prefecture_code":40,"town":"小竹","city_name":"古賀市"},{"code":"8113126","prefecture_code":40,"town":"小山田","city_name":"古賀市"},{"code":"8113104","prefecture_code":40,"town":"花鶴丘","city_name":"古賀市"},{"code":"8113132","prefecture_code":40,"town":"川原","city_name":"古賀市"},{"code":"8113115","prefecture_code":40,"town":"久保","city_name":"古賀市"},{"code":"8113128","prefecture_code":40,"town":"玄望園","city_name":"古賀市"},{"code":"8113137","prefecture_code":40,"town":"古賀","city_name":"古賀市"},{"code":"8113122","prefecture_code":40,"town":"薦野","city_name":"古賀市"},{"code":"8113105","prefecture_code":40,"town":"鹿部","city_name":"古賀市"},{"code":"8113116","prefecture_code":40,"town":"庄","city_name":"古賀市"},{"code":"8113118","prefecture_code":40,"town":"新久保","city_name":"古賀市"},{"code":"8113127","prefecture_code":40,"town":"新原","city_name":"古賀市"},{"code":"8113125","prefecture_code":40,"town":"谷山","city_name":"古賀市"},{"code":"8113113","prefecture_code":40,"town":"千鳥","city_name":"古賀市"},{"code":"8113103","prefecture_code":40,"town":"中央","city_name":"古賀市"},{"code":"8113101","prefecture_code":40,"town":"天神","city_name":"古賀市"},{"code":"8113123","prefecture_code":40,"town":"米多比","city_name":"古賀市"},{"code":"8113112","prefecture_code":40,"town":"花見東","city_name":"古賀市"},{"code":"8113111","prefecture_code":40,"town":"花見南","city_name":"古賀市"},{"code":"8113106","prefecture_code":40,"town":"日吉","city_name":"古賀市"},{"code":"8113114","prefecture_code":40,"town":"舞の里","city_name":"古賀市"},{"code":"8113107","prefecture_code":40,"town":"美明","city_name":"古賀市"},{"code":"8113119","prefecture_code":40,"town":"美郷","city_name":"古賀市"},{"code":"8113121","prefecture_code":40,"town":"筵内","city_name":"古賀市"},{"code":"8113124","prefecture_code":40,"town":"薬王寺","city_name":"古賀市"},{"code":"8113200","prefecture_code":40,"town":"","city_name":"福津市"},{"code":"8113213","prefecture_code":40,"town":"福津市の次に番地がくる場合","city_name":"福津市"},{"code":"8113220","prefecture_code":40,"town":"あけぼの","city_name":"福津市"},{"code":"8113202","prefecture_code":40,"town":"畦町","city_name":"福津市"},{"code":"8113301","prefecture_code":40,"town":"在自","city_name":"福津市"},{"code":"8113205","prefecture_code":40,"town":"内殿","city_name":"福津市"},{"code":"8113302","prefecture_code":40,"town":"大石","city_name":"福津市"},{"code":"8113226","prefecture_code":40,"town":"小竹","city_name":"福津市"},{"code":"8113521","prefecture_code":40,"town":"勝浦","city_name":"福津市"},{"code":"8113207","prefecture_code":40,"town":"上西郷","city_name":"福津市"},{"code":"8113223","prefecture_code":40,"town":"光陽台","city_name":"福津市"},{"code":"8113228","prefecture_code":40,"town":"光陽台南","city_name":"福津市"},{"code":"8113229","prefecture_code":40,"town":"桜川","city_name":"福津市"},{"code":"8113204","prefecture_code":40,"town":"舎利蔵","city_name":"福津市"},{"code":"8113303","prefecture_code":40,"town":"須多田","city_name":"福津市"},{"code":"8113227","prefecture_code":40,"town":"高平","city_name":"福津市"},{"code":"8113217","prefecture_code":40,"town":"中央","city_name":"福津市"},{"code":"8113222","prefecture_code":40,"town":"津丸","city_name":"福津市"},{"code":"8113304","prefecture_code":40,"town":"津屋崎","city_name":"福津市"},{"code":"8113224","prefecture_code":40,"town":"手光","city_name":"福津市"},{"code":"8113218","prefecture_code":40,"town":"手光南","city_name":"福津市"},{"code":"8113219","prefecture_code":40,"town":"西福間","city_name":"福津市"},{"code":"8113522","prefecture_code":40,"town":"奴山","city_name":"福津市"},{"code":"8113214","prefecture_code":40,"town":"花見が丘","city_name":"福津市"},{"code":"8113216","prefecture_code":40,"town":"花見が浜","city_name":"福津市"},{"code":"8113215","prefecture_code":40,"town":"花見の里","city_name":"福津市"},{"code":"8113225","prefecture_code":40,"town":"東福間","city_name":"福津市"},{"code":"8113206","prefecture_code":40,"town":"久末","city_name":"福津市"},{"code":"8113209","prefecture_code":40,"town":"日蒔野","city_name":"福津市"},{"code":"8113208","prefecture_code":40,"town":"福間駅東","city_name":"福津市"},{"code":"8113212","prefecture_code":40,"town":"福間南","city_name":"福津市"},{"code":"8113308","prefecture_code":40,"town":"星ケ丘","city_name":"福津市"},{"code":"8113305","prefecture_code":40,"town":"宮司","city_name":"福津市"},{"code":"8113312","prefecture_code":40,"town":"宮司ヶ丘","city_name":"福津市"},{"code":"8113311","prefecture_code":40,"town":"宮司浜","city_name":"福津市"},{"code":"8113309","prefecture_code":40,"town":"宮司元町","city_name":"福津市"},{"code":"8113203","prefecture_code":40,"town":"本木","city_name":"福津市"},{"code":"8113201","prefecture_code":40,"town":"八並","city_name":"福津市"},{"code":"8113306","prefecture_code":40,"town":"生家","city_name":"福津市"},{"code":"8113211","prefecture_code":40,"town":"有弥の里","city_name":"福津市"},{"code":"8113221","prefecture_code":40,"town":"若木台","city_name":"福津市"},{"code":"8113307","prefecture_code":40,"town":"渡","city_name":"福津市"},{"code":"8111200","prefecture_code":40,"town":"","city_name":"那珂川市"},{"code":"8111224","prefecture_code":40,"town":"安徳","city_name":"那珂川市"},{"code":"8111233","prefecture_code":40,"town":"市ノ瀬","city_name":"那珂川市"},{"code":"8111211","prefecture_code":40,"town":"今光","city_name":"那珂川市"},{"code":"8111241","prefecture_code":40,"town":"後野","city_name":"那珂川市"},{"code":"8111232","prefecture_code":40,"town":"埋金","city_name":"那珂川市"},{"code":"8111255","prefecture_code":40,"town":"恵子","city_name":"那珂川市"},{"code":"8111221","prefecture_code":40,"town":"王塚台","city_name":"那珂川市"},{"code":"8111201","prefecture_code":40,"town":"片縄","city_name":"那珂川市"},{"code":"8111203","prefecture_code":40,"town":"片縄北","city_name":"那珂川市"},{"code":"8111202","prefecture_code":40,"town":"片縄西","city_name":"那珂川市"},{"code":"8111204","prefecture_code":40,"town":"片縄東","city_name":"那珂川市"},{"code":"8111223","prefecture_code":40,"town":"上梶原","city_name":"那珂川市"},{"code":"8111234","prefecture_code":40,"town":"五ケ山","city_name":"那珂川市"},{"code":"8111252","prefecture_code":40,"town":"五郎丸","city_name":"那珂川市"},{"code":"8111222","prefecture_code":40,"town":"下梶原","city_name":"那珂川市"},{"code":"8111253","prefecture_code":40,"town":"仲","city_name":"那珂川市"},{"code":"8111256","prefecture_code":40,"town":"仲丸","city_name":"那珂川市"},{"code":"8111254","prefecture_code":40,"town":"道善","city_name":"那珂川市"},{"code":"8111213","prefecture_code":40,"town":"中原","city_name":"那珂川市"},{"code":"8111214","prefecture_code":40,"town":"中原東","city_name":"那珂川市"},{"code":"8111236","prefecture_code":40,"town":"南面里","city_name":"那珂川市"},{"code":"8111235","prefecture_code":40,"town":"成竹","city_name":"那珂川市"},{"code":"8111242","prefecture_code":40,"town":"西隈","city_name":"那珂川市"},{"code":"8111246","prefecture_code":40,"town":"西畑","city_name":"那珂川市"},{"code":"8111243","prefecture_code":40,"town":"東隈","city_name":"那珂川市"},{"code":"8111231","prefecture_code":40,"town":"不入道","city_name":"那珂川市"},{"code":"8111245","prefecture_code":40,"town":"別所","city_name":"那珂川市"},{"code":"8111251","prefecture_code":40,"town":"松木","city_name":"那珂川市"},{"code":"8111215","prefecture_code":40,"town":"松原","city_name":"那珂川市"},{"code":"8111216","prefecture_code":40,"town":"観晴が丘","city_name":"那珂川市"},{"code":"8111244","prefecture_code":40,"town":"山田","city_name":"那珂川市"},{"code":"8112100","prefecture_code":40,"town":"","city_name":"糟屋郡宇美町"},{"code":"8112104","prefecture_code":40,"town":"井野","city_name":"糟屋郡宇美町"},{"code":"8112101","prefecture_code":40,"town":"宇美","city_name":"糟屋郡宇美町"},{"code":"8112128","prefecture_code":40,"town":"宇美中央","city_name":"糟屋郡宇美町"},{"code":"8112125","prefecture_code":40,"town":"宇美東","city_name":"糟屋郡宇美町"},{"code":"8112131","prefecture_code":40,"town":"貴船","city_name":"糟屋郡宇美町"},{"code":"8112123","prefecture_code":40,"town":"光正寺","city_name":"糟屋郡宇美町"},{"code":"8112109","prefecture_code":40,"town":"桜原","city_name":"糟屋郡宇美町"},{"code":"8112105","prefecture_code":40,"town":"四王寺","city_name":"糟屋郡宇美町"},{"code":"8112103","prefecture_code":40,"town":"四王寺坂","city_name":"糟屋郡宇美町"},{"code":"8112127","prefecture_code":40,"town":"障子岳","city_name":"糟屋郡宇美町"},{"code":"8112126","prefecture_code":40,"town":"障子岳南","city_name":"糟屋郡宇美町"},{"code":"8112129","prefecture_code":40,"town":"神武原","city_name":"糟屋郡宇美町"},{"code":"8112102","prefecture_code":40,"town":"炭焼","city_name":"糟屋郡宇美町"},{"code":"8112107","prefecture_code":40,"town":"とびたけ","city_name":"糟屋郡宇美町"},{"code":"8112132","prefecture_code":40,"town":"原田","city_name":"糟屋郡宇美町"},{"code":"8112106","prefecture_code":40,"town":"ひばりが丘","city_name":"糟屋郡宇美町"},{"code":"8112121","prefecture_code":40,"town":"平和","city_name":"糟屋郡宇美町"},{"code":"8112122","prefecture_code":40,"town":"明神坂","city_name":"糟屋郡宇美町"},{"code":"8112108","prefecture_code":40,"town":"ゆりが丘","city_name":"糟屋郡宇美町"},{"code":"8112124","prefecture_code":40,"town":"若草","city_name":"糟屋郡宇美町"},{"code":"8112400","prefecture_code":40,"town":"","city_name":"糟屋郡篠栗町"},{"code":"8112418","prefecture_code":40,"town":"彩り台","city_name":"糟屋郡篠栗町"},{"code":"8112412","prefecture_code":40,"town":"乙犬","city_name":"糟屋郡篠栗町"},{"code":"8112413","prefecture_code":40,"town":"尾仲","city_name":"糟屋郡篠栗町"},{"code":"8112402","prefecture_code":40,"town":"金出","city_name":"糟屋郡篠栗町"},{"code":"8112405","prefecture_code":40,"town":"篠栗","city_name":"糟屋郡篠栗町"},{"code":"8112419","prefecture_code":40,"town":"庄","city_name":"糟屋郡篠栗町"},{"code":"8112401","prefecture_code":40,"town":"高田","city_name":"糟屋郡篠栗町"},{"code":"8112416","prefecture_code":40,"town":"田中","city_name":"糟屋郡篠栗町"},{"code":"8112417","prefecture_code":40,"town":"中央","city_name":"糟屋郡篠栗町"},{"code":"8112415","prefecture_code":40,"town":"津波黒","city_name":"糟屋郡篠栗町"},{"code":"8112404","prefecture_code":40,"town":"内住","city_name":"糟屋郡篠栗町"},{"code":"8112403","prefecture_code":40,"town":"萩尾","city_name":"糟屋郡篠栗町"},{"code":"8112411","prefecture_code":40,"town":"若杉","city_name":"糟屋郡篠栗町"},{"code":"8112414","prefecture_code":40,"town":"和田","city_name":"糟屋郡篠栗町"},{"code":"8112200","prefecture_code":40,"town":"","city_name":"糟屋郡志免町"},{"code":"8112203","prefecture_code":40,"town":"石橋台","city_name":"糟屋郡志免町"},{"code":"8112209","prefecture_code":40,"town":"王子","city_name":"糟屋郡志免町"},{"code":"8112245","prefecture_code":40,"town":"片峰","city_name":"糟屋郡志免町"},{"code":"8112246","prefecture_code":40,"town":"片峰中央","city_name":"糟屋郡志免町"},{"code":"8112248","prefecture_code":40,"town":"坂瀬","city_name":"糟屋郡志免町"},{"code":"8112201","prefecture_code":40,"town":"桜丘","city_name":"糟屋郡志免町"},{"code":"8112202","prefecture_code":40,"town":"志免","city_name":"糟屋郡志免町"},{"code":"8112244","prefecture_code":40,"town":"志免中央","city_name":"糟屋郡志免町"},{"code":"8112243","prefecture_code":40,"town":"志免東","city_name":"糟屋郡志免町"},{"code":"8112204","prefecture_code":40,"town":"田富","city_name":"糟屋郡志免町"},{"code":"8112241","prefecture_code":40,"town":"東公園台","city_name":"糟屋郡志免町"},{"code":"8112205","prefecture_code":40,"town":"別府","city_name":"糟屋郡志免町"},{"code":"8112233","prefecture_code":40,"town":"別府北","city_name":"糟屋郡志免町"},{"code":"8112232","prefecture_code":40,"town":"別府西","city_name":"糟屋郡志免町"},{"code":"8112231","prefecture_code":40,"town":"別府東","city_name":"糟屋郡志免町"},{"code":"8112242","prefecture_code":40,"town":"松ケ丘","city_name":"糟屋郡志免町"},{"code":"8112206","prefecture_code":40,"town":"御手洗","city_name":"糟屋郡志免町"},{"code":"8112207","prefecture_code":40,"town":"南里","city_name":"糟屋郡志免町"},{"code":"8112247","prefecture_code":40,"town":"向ケ丘","city_name":"糟屋郡志免町"},{"code":"8112208","prefecture_code":40,"town":"吉原","city_name":"糟屋郡志免町"},{"code":"8112100","prefecture_code":40,"town":"","city_name":"糟屋郡須惠町"},{"code":"8112112","prefecture_code":40,"town":"植木","city_name":"糟屋郡須惠町"},{"code":"8112114","prefecture_code":40,"town":"上須惠","city_name":"糟屋郡須惠町"},{"code":"8112115","prefecture_code":40,"town":"佐谷","city_name":"糟屋郡須惠町"},{"code":"8112111","prefecture_code":40,"town":"新原","city_name":"糟屋郡須惠町"},{"code":"8112113","prefecture_code":40,"town":"須惠","city_name":"糟屋郡須惠町"},{"code":"8112221","prefecture_code":40,"town":"旅石","city_name":"糟屋郡須惠町"},{"code":"8110100","prefecture_code":40,"town":"","city_name":"糟屋郡新宮町"},{"code":"8110118","prefecture_code":40,"town":"相島","city_name":"糟屋郡新宮町"},{"code":"8110117","prefecture_code":40,"town":"上府","city_name":"糟屋郡新宮町"},{"code":"8110123","prefecture_code":40,"town":"上府北","city_name":"糟屋郡新宮町"},{"code":"8110113","prefecture_code":40,"town":"桜山手","city_name":"糟屋郡新宮町"},{"code":"8110112","prefecture_code":40,"town":"下府","city_name":"糟屋郡新宮町"},{"code":"8110115","prefecture_code":40,"town":"新宮","city_name":"糟屋郡新宮町"},{"code":"8110124","prefecture_code":40,"town":"新宮東","city_name":"糟屋郡新宮町"},{"code":"8110102","prefecture_code":40,"town":"立花口","city_name":"糟屋郡新宮町"},{"code":"8110120","prefecture_code":40,"town":"中央駅前","city_name":"糟屋郡新宮町"},{"code":"8110103","prefecture_code":40,"town":"花立花","city_name":"糟屋郡新宮町"},{"code":"8110101","prefecture_code":40,"town":"原上","city_name":"糟屋郡新宮町"},{"code":"8110104","prefecture_code":40,"town":"的野","city_name":"糟屋郡新宮町"},{"code":"8110121","prefecture_code":40,"town":"美咲","city_name":"糟屋郡新宮町"},{"code":"8110111","prefecture_code":40,"town":"三代","city_name":"糟屋郡新宮町"},{"code":"8110125","prefecture_code":40,"town":"三代西","city_name":"糟屋郡新宮町"},{"code":"8110119","prefecture_code":40,"town":"緑ケ浜","city_name":"糟屋郡新宮町"},{"code":"8110116","prefecture_code":40,"town":"湊","city_name":"糟屋郡新宮町"},{"code":"8110114","prefecture_code":40,"town":"湊坂","city_name":"糟屋郡新宮町"},{"code":"8110122","prefecture_code":40,"town":"杜の宮","city_name":"糟屋郡新宮町"},{"code":"8110110","prefecture_code":40,"town":"夜臼","city_name":"糟屋郡新宮町"},{"code":"8112500","prefecture_code":40,"town":"","city_name":"糟屋郡久山町"},{"code":"8112503","prefecture_code":40,"town":"猪野","city_name":"糟屋郡久山町"},{"code":"8112501","prefecture_code":40,"town":"久原","city_name":"糟屋郡久山町"},{"code":"8112502","prefecture_code":40,"town":"山田","city_name":"糟屋郡久山町"},{"code":"8112300","prefecture_code":40,"town":"","city_name":"糟屋郡粕屋町"},{"code":"8112306","prefecture_code":40,"town":"阿恵","city_name":"糟屋郡粕屋町"},{"code":"8112308","prefecture_code":40,"town":"内橋","city_name":"糟屋郡粕屋町"},{"code":"8112321","prefecture_code":40,"town":"内橋西","city_name":"糟屋郡粕屋町"},{"code":"8112320","prefecture_code":40,"town":"内橋東","city_name":"糟屋郡粕屋町"},{"code":"8112313","prefecture_code":40,"town":"江辻","city_name":"糟屋郡粕屋町"},{"code":"8112302","prefecture_code":40,"town":"大隈","city_name":"糟屋郡粕屋町"},{"code":"8112301","prefecture_code":40,"town":"上大隈","city_name":"糟屋郡粕屋町"},{"code":"8112309","prefecture_code":40,"town":"駕与丁","city_name":"糟屋郡粕屋町"},{"code":"8112315","prefecture_code":40,"town":"甲仲原","city_name":"糟屋郡粕屋町"},{"code":"8112303","prefecture_code":40,"town":"酒殿","city_name":"糟屋郡粕屋町"},{"code":"8112311","prefecture_code":40,"town":"長者原","city_name":"糟屋郡粕屋町"},{"code":"8112316","prefecture_code":40,"town":"長者原西","city_name":"糟屋郡粕屋町"},{"code":"8112317","prefecture_code":40,"town":"長者原東","city_name":"糟屋郡粕屋町"},{"code":"8112322","prefecture_code":40,"town":"戸原北","city_name":"糟屋郡粕屋町"},{"code":"8112319","prefecture_code":40,"town":"戸原西","city_name":"糟屋郡粕屋町"},{"code":"8112318","prefecture_code":40,"town":"戸原東","city_name":"糟屋郡粕屋町"},{"code":"8112304","prefecture_code":40,"town":"仲原","city_name":"糟屋郡粕屋町"},{"code":"8112310","prefecture_code":40,"town":"花ヶ浦","city_name":"糟屋郡粕屋町"},{"code":"8112307","prefecture_code":40,"town":"原町","city_name":"糟屋郡粕屋町"},{"code":"8112305","prefecture_code":40,"town":"柚須","city_name":"糟屋郡粕屋町"},{"code":"8112314","prefecture_code":40,"town":"若宮","city_name":"糟屋郡粕屋町"},{"code":"8114200","prefecture_code":40,"town":"","city_name":"遠賀郡岡垣町"},{"code":"8114215","prefecture_code":40,"town":"旭台","city_name":"遠賀郡岡垣町"},{"code":"8114216","prefecture_code":40,"town":"旭南","city_name":"遠賀郡岡垣町"},{"code":"8114203","prefecture_code":40,"town":"内浦","city_name":"遠賀郡岡垣町"},{"code":"8114231","prefecture_code":40,"town":"海老津","city_name":"遠賀郡岡垣町"},{"code":"8114236","prefecture_code":40,"town":"海老津駅前","city_name":"遠賀郡岡垣町"},{"code":"8114238","prefecture_code":40,"town":"海老津駅南","city_name":"遠賀郡岡垣町"},{"code":"8114212","prefecture_code":40,"town":"黒山","city_name":"遠賀郡岡垣町"},{"code":"8114235","prefecture_code":40,"town":"公園通り","city_name":"遠賀郡岡垣町"},{"code":"8114227","prefecture_code":40,"town":"高陽台","city_name":"遠賀郡岡垣町"},{"code":"8114217","prefecture_code":40,"town":"桜台","city_name":"遠賀郡岡垣町"},{"code":"8114232","prefecture_code":40,"town":"上畑","city_name":"遠賀郡岡垣町"},{"code":"8114234","prefecture_code":40,"town":"高倉","city_name":"遠賀郡岡垣町"},{"code":"8114218","prefecture_code":40,"town":"中央台","city_name":"遠賀郡岡垣町"},{"code":"8114204","prefecture_code":40,"town":"手野","city_name":"遠賀郡岡垣町"},{"code":"8114222","prefecture_code":40,"town":"戸切","city_name":"遠賀郡岡垣町"},{"code":"8114224","prefecture_code":40,"town":"鍋田","city_name":"遠賀郡岡垣町"},{"code":"8114213","prefecture_code":40,"town":"糠塚","city_name":"遠賀郡岡垣町"},{"code":"8114233","prefecture_code":40,"town":"野間","city_name":"遠賀郡岡垣町"},{"code":"8114239","prefecture_code":40,"town":"野間南","city_name":"遠賀郡岡垣町"},{"code":"8114201","prefecture_code":40,"town":"波津","city_name":"遠賀郡岡垣町"},{"code":"8114202","prefecture_code":40,"town":"原","city_name":"遠賀郡岡垣町"},{"code":"8114225","prefecture_code":40,"town":"東高陽","city_name":"遠賀郡岡垣町"},{"code":"8114237","prefecture_code":40,"town":"東高倉","city_name":"遠賀郡岡垣町"},{"code":"8114228","prefecture_code":40,"town":"東松原","city_name":"遠賀郡岡垣町"},{"code":"8114220","prefecture_code":40,"town":"東山田","city_name":"遠賀郡岡垣町"},{"code":"8114214","prefecture_code":40,"town":"松ケ台","city_name":"遠賀郡岡垣町"},{"code":"8114226","prefecture_code":40,"town":"南高陽","city_name":"遠賀郡岡垣町"},{"code":"8114205","prefecture_code":40,"town":"三吉","city_name":"遠賀郡岡垣町"},{"code":"8114221","prefecture_code":40,"town":"山田","city_name":"遠賀郡岡垣町"},{"code":"8114223","prefecture_code":40,"town":"山田峠","city_name":"遠賀郡岡垣町"},{"code":"8114229","prefecture_code":40,"town":"百合ケ丘","city_name":"遠賀郡岡垣町"},{"code":"8114211","prefecture_code":40,"town":"吉木","city_name":"遠賀郡岡垣町"},{"code":"8114242","prefecture_code":40,"town":"吉木西","city_name":"遠賀郡岡垣町"},{"code":"8114241","prefecture_code":40,"town":"吉木東","city_name":"遠賀郡岡垣町"},{"code":"8114300","prefecture_code":40,"town":"","city_name":"遠賀郡遠賀町"},{"code":"8114312","prefecture_code":40,"town":"浅木","city_name":"遠賀郡遠賀町"},{"code":"8114303","prefecture_code":40,"town":"今古賀","city_name":"遠賀郡遠賀町"},{"code":"8114308","prefecture_code":40,"town":"駅みなみ","city_name":"遠賀郡遠賀町"},{"code":"8114311","prefecture_code":40,"town":"老良","city_name":"遠賀郡遠賀町"},{"code":"8114342","prefecture_code":40,"town":"尾崎","city_name":"遠賀郡遠賀町"},{"code":"8114341","prefecture_code":40,"town":"鬼津","city_name":"遠賀郡遠賀町"},{"code":"8114307","prefecture_code":40,"town":"遠賀川","city_name":"遠賀郡遠賀町"},{"code":"8114332","prefecture_code":40,"town":"上別府","city_name":"遠賀郡遠賀町"},{"code":"8114313","prefecture_code":40,"town":"木守","city_name":"遠賀郡遠賀町"},{"code":"8114306","prefecture_code":40,"town":"旧停","city_name":"遠賀郡遠賀町"},{"code":"8114301","prefecture_code":40,"town":"島津","city_name":"遠賀郡遠賀町"},{"code":"8114333","prefecture_code":40,"town":"島門","city_name":"遠賀郡遠賀町"},{"code":"8114343","prefecture_code":40,"town":"田園","city_name":"遠賀郡遠賀町"},{"code":"8114302","prefecture_code":40,"town":"広渡","city_name":"遠賀郡遠賀町"},{"code":"8114322","prefecture_code":40,"town":"芙蓉","city_name":"遠賀郡遠賀町"},{"code":"8114331","prefecture_code":40,"town":"別府","city_name":"遠賀郡遠賀町"},{"code":"8114305","prefecture_code":40,"town":"松の本","city_name":"遠賀郡遠賀町"},{"code":"8114321","prefecture_code":40,"town":"虫生津","city_name":"遠賀郡遠賀町"},{"code":"8114324","prefecture_code":40,"town":"虫生津南","city_name":"遠賀郡遠賀町"},{"code":"8114334","prefecture_code":40,"town":"蓮角","city_name":"遠賀郡遠賀町"},{"code":"8114323","prefecture_code":40,"town":"若葉台","city_name":"遠賀郡遠賀町"},{"code":"8114304","prefecture_code":40,"town":"若松","city_name":"遠賀郡遠賀町"},{"code":"8115100","prefecture_code":42,"town":"","city_name":"壱岐市"},{"code":"8115301","prefecture_code":42,"town":"芦辺町芦辺浦","city_name":"壱岐市"},{"code":"8115733","prefecture_code":42,"town":"芦辺町国分川迎触","city_name":"壱岐市"},{"code":"8115731","prefecture_code":42,"town":"芦辺町国分当田触","city_name":"壱岐市"},{"code":"8115732","prefecture_code":42,"town":"芦辺町国分東触","city_name":"壱岐市"},{"code":"8115734","prefecture_code":42,"town":"芦辺町国分本村触","city_name":"壱岐市"},{"code":"8115744","prefecture_code":42,"town":"芦辺町住吉後触","city_name":"壱岐市"},{"code":"8115742","prefecture_code":42,"town":"芦辺町住吉東触","city_name":"壱岐市"},{"code":"8115743","prefecture_code":42,"town":"芦辺町住吉前触","city_name":"壱岐市"},{"code":"8115741","prefecture_code":42,"town":"芦辺町住吉山信触","city_name":"壱岐市"},{"code":"8115461","prefecture_code":42,"town":"芦辺町瀬戸浦","city_name":"壱岐市"},{"code":"8115751","prefecture_code":42,"town":"芦辺町中野郷仲触","city_name":"壱岐市"},{"code":"8115757","prefecture_code":42,"town":"芦辺町中野郷西触","city_name":"壱岐市"},{"code":"8115752","prefecture_code":42,"town":"芦辺町中野郷東触","city_name":"壱岐市"},{"code":"8115756","prefecture_code":42,"town":"芦辺町中野郷本村触","city_name":"壱岐市"},{"code":"8115467","prefecture_code":42,"town":"芦辺町箱崎江角触","city_name":"壱岐市"},{"code":"8115465","prefecture_code":42,"town":"芦辺町箱崎釘ノ尾触","city_name":"壱岐市"},{"code":"8115462","prefecture_code":42,"town":"芦辺町箱崎大左右触","city_name":"壱岐市"},{"code":"8115464","prefecture_code":42,"town":"芦辺町箱崎谷江触","city_name":"壱岐市"},{"code":"8115463","prefecture_code":42,"town":"芦辺町箱崎中山触","city_name":"壱岐市"},{"code":"8115466","prefecture_code":42,"town":"芦辺町箱崎本村触","city_name":"壱岐市"},{"code":"8115468","prefecture_code":42,"town":"芦辺町箱崎諸津触","city_name":"壱岐市"},{"code":"8115321","prefecture_code":42,"town":"芦辺町深江栄触","city_name":"壱岐市"},{"code":"8115322","prefecture_code":42,"town":"芦辺町深江鶴亀触","city_name":"壱岐市"},{"code":"8115324","prefecture_code":42,"town":"芦辺町深江東触","city_name":"壱岐市"},{"code":"8115323","prefecture_code":42,"town":"芦辺町深江平触","city_name":"壱岐市"},{"code":"8115326","prefecture_code":42,"town":"芦辺町深江本村触","city_name":"壱岐市"},{"code":"8115325","prefecture_code":42,"town":"芦辺町深江南触","city_name":"壱岐市"},{"code":"8115316","prefecture_code":42,"town":"芦辺町諸吉大石触","city_name":"壱岐市"},{"code":"8115313","prefecture_code":42,"town":"芦辺町諸吉仲触","city_name":"壱岐市"},{"code":"8115314","prefecture_code":42,"town":"芦辺町諸吉東触","city_name":"壱岐市"},{"code":"8115315","prefecture_code":42,"town":"芦辺町諸吉二亦触","city_name":"壱岐市"},{"code":"8115311","prefecture_code":42,"town":"芦辺町諸吉本村触","city_name":"壱岐市"},{"code":"8115312","prefecture_code":42,"town":"芦辺町諸吉南触","city_name":"壱岐市"},{"code":"8115755","prefecture_code":42,"town":"芦辺町湯岳興触","city_name":"壱岐市"},{"code":"8115754","prefecture_code":42,"town":"芦辺町湯岳今坂触","city_name":"壱岐市"},{"code":"8115753","prefecture_code":42,"town":"芦辺町湯岳本村触","city_name":"壱岐市"},{"code":"8115222","prefecture_code":42,"town":"石田町池田仲触","city_name":"壱岐市"},{"code":"8115224","prefecture_code":42,"town":"石田町池田西触","city_name":"壱岐市"},{"code":"8115221","prefecture_code":42,"town":"石田町池田東触","city_name":"壱岐市"},{"code":"8115215","prefecture_code":42,"town":"石田町石田西触","city_name":"壱岐市"},{"code":"8115211","prefecture_code":42,"town":"石田町石田東触","city_name":"壱岐市"},{"code":"8115214","prefecture_code":42,"town":"石田町印通寺浦","city_name":"壱岐市"},{"code":"8115223","prefecture_code":42,"town":"石田町久喜触","city_name":"壱岐市"},{"code":"8115202","prefecture_code":42,"town":"石田町筒城仲触","city_name":"壱岐市"},{"code":"8115204","prefecture_code":42,"town":"石田町筒城西触","city_name":"壱岐市"},{"code":"8115203","prefecture_code":42,"town":"石田町筒城東触","city_name":"壱岐市"},{"code":"8115212","prefecture_code":42,"town":"石田町本村触","city_name":"壱岐市"},{"code":"8115213","prefecture_code":42,"town":"石田町南触","city_name":"壱岐市"},{"code":"8115201","prefecture_code":42,"town":"石田町山崎触","city_name":"壱岐市"},{"code":"8115226","prefecture_code":42,"town":"石田町湯岳射手吉触","city_name":"壱岐市"},{"code":"8115225","prefecture_code":42,"town":"石田町湯岳興触","city_name":"壱岐市"},{"code":"8115543","prefecture_code":42,"town":"勝本町上場触","city_name":"壱岐市"},{"code":"8115532","prefecture_code":42,"town":"勝本町大久保触","city_name":"壱岐市"},{"code":"8115523","prefecture_code":42,"town":"勝本町片山触","city_name":"壱岐市"},{"code":"8115501","prefecture_code":42,"town":"勝本町勝本浦","city_name":"壱岐市"},{"code":"8115513","prefecture_code":42,"town":"勝本町北触","city_name":"壱岐市"},{"code":"8115521","prefecture_code":42,"town":"勝本町西戸触","city_name":"壱岐市"},{"code":"8115531","prefecture_code":42,"town":"勝本町坂本触","city_name":"壱岐市"},{"code":"8115533","prefecture_code":42,"town":"勝本町新城西触","city_name":"壱岐市"},{"code":"8115522","prefecture_code":42,"town":"勝本町新城東触","city_name":"壱岐市"},{"code":"8115554","prefecture_code":42,"town":"勝本町立石仲触","city_name":"壱岐市"},{"code":"8115556","prefecture_code":42,"town":"勝本町立石西触","city_name":"壱岐市"},{"code":"8115553","prefecture_code":42,"town":"勝本町立石東触","city_name":"壱岐市"},{"code":"8115555","prefecture_code":42,"town":"勝本町立石南触","city_name":"壱岐市"},{"code":"8115511","prefecture_code":42,"town":"勝本町仲触","city_name":"壱岐市"},{"code":"8115512","prefecture_code":42,"town":"勝本町東触","city_name":"壱岐市"},{"code":"8115544","prefecture_code":42,"town":"勝本町布気触","city_name":"壱岐市"},{"code":"8115546","prefecture_code":42,"town":"勝本町本宮仲触","city_name":"壱岐市"},{"code":"8115541","prefecture_code":42,"town":"勝本町本宮西触","city_name":"壱岐市"},{"code":"8115542","prefecture_code":42,"town":"勝本町本宮東触","city_name":"壱岐市"},{"code":"8115545","prefecture_code":42,"town":"勝本町本宮南触","city_name":"壱岐市"},{"code":"8115551","prefecture_code":42,"town":"勝本町湯本浦","city_name":"壱岐市"},{"code":"8115552","prefecture_code":42,"town":"勝本町百合畑触","city_name":"壱岐市"},{"code":"8115107","prefecture_code":42,"town":"郷ノ浦町有安触","city_name":"壱岐市"},{"code":"8115113","prefecture_code":42,"town":"郷ノ浦町牛方触","city_name":"壱岐市"},{"code":"8115112","prefecture_code":42,"town":"郷ノ浦町大浦触","city_name":"壱岐市"},{"code":"8115161","prefecture_code":42,"town":"郷ノ浦町大島","city_name":"壱岐市"},{"code":"8115136","prefecture_code":42,"town":"郷ノ浦町片原触","city_name":"壱岐市"},{"code":"8115115","prefecture_code":42,"town":"郷ノ浦町木田触","city_name":"壱岐市"},{"code":"8115123","prefecture_code":42,"town":"郷ノ浦町釘山触","city_name":"壱岐市"},{"code":"8115135","prefecture_code":42,"town":"郷ノ浦町郷ノ浦","city_name":"壱岐市"},{"code":"8115105","prefecture_code":42,"town":"郷ノ浦町小牧西触","city_name":"壱岐市"},{"code":"8115106","prefecture_code":42,"town":"郷ノ浦町小牧東触","city_name":"壱岐市"},{"code":"8115104","prefecture_code":42,"town":"郷ノ浦町里触","city_name":"壱岐市"},{"code":"8115125","prefecture_code":42,"town":"郷ノ浦町志原西触","city_name":"壱岐市"},{"code":"8115124","prefecture_code":42,"town":"郷ノ浦町志原南触","city_name":"壱岐市"},{"code":"8115134","prefecture_code":42,"town":"郷ノ浦町庄触","city_name":"壱岐市"},{"code":"8115103","prefecture_code":42,"town":"郷ノ浦町新田触","city_name":"壱岐市"},{"code":"8115122","prefecture_code":42,"town":"郷ノ浦町大原触","city_name":"壱岐市"},{"code":"8115117","prefecture_code":42,"town":"郷ノ浦町田中触","city_name":"壱岐市"},{"code":"8115142","prefecture_code":42,"town":"郷ノ浦町坪触","city_name":"壱岐市"},{"code":"8115162","prefecture_code":42,"town":"郷ノ浦町長島","city_name":"壱岐市"},{"code":"8115131","prefecture_code":42,"town":"郷ノ浦町永田触","city_name":"壱岐市"},{"code":"8115102","prefecture_code":42,"town":"郷ノ浦町長峰東触","city_name":"壱岐市"},{"code":"8115101","prefecture_code":42,"town":"郷ノ浦町長峰本村触","city_name":"壱岐市"},{"code":"8115143","prefecture_code":42,"town":"郷ノ浦町初山西触","city_name":"壱岐市"},{"code":"8115144","prefecture_code":42,"town":"郷ノ浦町初山東触","city_name":"壱岐市"},{"code":"8115163","prefecture_code":42,"town":"郷ノ浦町原島","city_name":"壱岐市"},{"code":"8115111","prefecture_code":42,"town":"郷ノ浦町半城本村触","city_name":"壱岐市"},{"code":"8115132","prefecture_code":42,"town":"郷ノ浦町東触","city_name":"壱岐市"},{"code":"8115121","prefecture_code":42,"town":"郷ノ浦町平人触","city_name":"壱岐市"},{"code":"8115133","prefecture_code":42,"town":"郷ノ浦町本村触","city_name":"壱岐市"},{"code":"8115155","prefecture_code":42,"town":"郷ノ浦町麦谷触","city_name":"壱岐市"},{"code":"8115116","prefecture_code":42,"town":"郷ノ浦町物部本村触","city_name":"壱岐市"},{"code":"8115114","prefecture_code":42,"town":"郷ノ浦町柳田触","city_name":"壱岐市"},{"code":"8115141","prefecture_code":42,"town":"郷ノ浦町若松触","city_name":"壱岐市"},{"code":"8115151","prefecture_code":42,"town":"郷ノ浦町渡良浦","city_name":"壱岐市"},{"code":"8115153","prefecture_code":42,"town":"郷ノ浦町渡良西触","city_name":"壱岐市"},{"code":"8115154","prefecture_code":42,"town":"郷ノ浦町渡良東触","city_name":"壱岐市"},{"code":"8115152","prefecture_code":42,"town":"郷ノ浦町渡良南触","city_name":"壱岐市"}]
