[{"code":"8130000","prefecture_code":40,"town":"","city_name":"福岡市東区"},{"code":"8130025","prefecture_code":40,"town":"青葉","city_name":"福岡市東区"},{"code":"8130011","prefecture_code":40,"town":"香椎","city_name":"福岡市東区"},{"code":"8130013","prefecture_code":40,"town":"香椎駅前","city_name":"福岡市東区"},{"code":"8130012","prefecture_code":40,"town":"香椎駅東","city_name":"福岡市東区"},{"code":"8130014","prefecture_code":40,"town":"香椎台","city_name":"福岡市東区"},{"code":"8130015","prefecture_code":40,"town":"香椎団地","city_name":"福岡市東区"},{"code":"8130017","prefecture_code":40,"town":"香椎照葉","city_name":"福岡市東区"},{"code":"8130016","prefecture_code":40,"town":"香椎浜","city_name":"福岡市東区"},{"code":"8130018","prefecture_code":40,"town":"香椎浜ふ頭","city_name":"福岡市東区"},{"code":"8130003","prefecture_code":40,"town":"香住ヶ丘","city_name":"福岡市東区"},{"code":"8130023","prefecture_code":40,"town":"蒲田","city_name":"福岡市東区"},{"code":"8130002","prefecture_code":40,"town":"下原","city_name":"福岡市東区"},{"code":"8130045","prefecture_code":40,"town":"城浜団地","city_name":"福岡市東区"},{"code":"8130033","prefecture_code":40,"town":"多々良","city_name":"福岡市東区"},{"code":"8130034","prefecture_code":40,"town":"多の津","city_name":"福岡市東区"},{"code":"8130044","prefecture_code":40,"town":"千早","city_name":"福岡市東区"},{"code":"8130032","prefecture_code":40,"town":"土井","city_name":"福岡市東区"},{"code":"8130001","prefecture_code":40,"town":"唐原","city_name":"福岡市東区"},{"code":"8130024","prefecture_code":40,"town":"名子","city_name":"福岡市東区"},{"code":"8130043","prefecture_code":40,"town":"名島","city_name":"福岡市東区"},{"code":"8130031","prefecture_code":40,"town":"八田","city_name":"福岡市東区"},{"code":"8130042","prefecture_code":40,"town":"舞松原","city_name":"福岡市東区"},{"code":"8130004","prefecture_code":40,"town":"松香台","city_name":"福岡市東区"},{"code":"8130035","prefecture_code":40,"town":"松崎","city_name":"福岡市東区"},{"code":"8130062","prefecture_code":40,"town":"松島","city_name":"福岡市東区"},{"code":"8130005","prefecture_code":40,"town":"御島崎","city_name":"福岡市東区"},{"code":"8130041","prefecture_code":40,"town":"水谷","city_name":"福岡市東区"},{"code":"8130021","prefecture_code":40,"town":"みどりが丘","city_name":"福岡市東区"},{"code":"8130019","prefecture_code":40,"town":"みなと香椎","city_name":"福岡市東区"},{"code":"8130036","prefecture_code":40,"town":"若宮","city_name":"福岡市東区"},{"code":"8130008","prefecture_code":40,"town":"内橋西","city_name":"糟屋郡粕屋町"}]
