[{"code":"9010154","prefecture_code":47,"town":"赤嶺","city_name":"那覇市"},{"code":"9010143","prefecture_code":47,"town":"安次嶺","city_name":"那覇市"},{"code":"9010153","prefecture_code":47,"town":"宇栄原","city_name":"那覇市"},{"code":"9010148","prefecture_code":47,"town":"大嶺","city_name":"那覇市"},{"code":"9010152","prefecture_code":47,"town":"小禄","city_name":"那覇市"},{"code":"9010142","prefecture_code":47,"town":"鏡水","city_name":"那覇市"},{"code":"9010155","prefecture_code":47,"town":"金城","city_name":"那覇市"},{"code":"9010151","prefecture_code":47,"town":"鏡原町","city_name":"那覇市"},{"code":"9010146","prefecture_code":47,"town":"具志","city_name":"那覇市"},{"code":"9010141","prefecture_code":47,"town":"住吉町","city_name":"那覇市"},{"code":"9010145","prefecture_code":47,"town":"高良","city_name":"那覇市"},{"code":"9010156","prefecture_code":47,"town":"田原","city_name":"那覇市"},{"code":"9010144","prefecture_code":47,"town":"当間","city_name":"那覇市"},{"code":"9010147","prefecture_code":47,"town":"宮城","city_name":"那覇市"},{"code":"9012200","prefecture_code":47,"town":"","city_name":"宜野湾市"},{"code":"9012206","prefecture_code":47,"town":"愛知","city_name":"宜野湾市"},{"code":"9012205","prefecture_code":47,"town":"赤道","city_name":"宜野湾市"},{"code":"9012201","prefecture_code":47,"town":"新城","city_name":"宜野湾市"},{"code":"9012221","prefecture_code":47,"town":"伊佐","city_name":"宜野湾市"},{"code":"9012204","prefecture_code":47,"town":"上原","city_name":"宜野湾市"},{"code":"9012227","prefecture_code":47,"town":"宇地泊","city_name":"宜野湾市"},{"code":"9012225","prefecture_code":47,"town":"大謝名","city_name":"宜野湾市"},{"code":"9012223","prefecture_code":47,"town":"大山","city_name":"宜野湾市"},{"code":"9012226","prefecture_code":47,"town":"嘉数","city_name":"宜野湾市"},{"code":"9012214","prefecture_code":47,"town":"我如古","city_name":"宜野湾市"},{"code":"9012207","prefecture_code":47,"town":"神山","city_name":"宜野湾市"},{"code":"9012211","prefecture_code":47,"town":"宜野湾","city_name":"宜野湾市"},{"code":"9012222","prefecture_code":47,"town":"喜友名","city_name":"宜野湾市"},{"code":"9012216","prefecture_code":47,"town":"佐真下","city_name":"宜野湾市"},{"code":"9012213","prefecture_code":47,"town":"志真志","city_name":"宜野湾市"},{"code":"9012212","prefecture_code":47,"town":"長田","city_name":"宜野湾市"},{"code":"9012203","prefecture_code":47,"town":"野嵩","city_name":"宜野湾市"},{"code":"9012202","prefecture_code":47,"town":"普天間","city_name":"宜野湾市"},{"code":"9012215","prefecture_code":47,"town":"真栄原","city_name":"宜野湾市"},{"code":"9012224","prefecture_code":47,"town":"真志喜","city_name":"宜野湾市"},{"code":"9012100","prefecture_code":47,"town":"","city_name":"浦添市"},{"code":"9012114","prefecture_code":47,"town":"安波茶","city_name":"浦添市"},{"code":"9012132","prefecture_code":47,"town":"伊祖","city_name":"浦添市"},{"code":"9012128","prefecture_code":47,"town":"伊奈武瀬","city_name":"浦添市"},{"code":"9012123","prefecture_code":47,"town":"西洲","city_name":"浦添市"},{"code":"9012121","prefecture_code":47,"town":"内間","city_name":"浦添市"},{"code":"9012113","prefecture_code":47,"town":"大平","city_name":"浦添市"},{"code":"9012111","prefecture_code":47,"town":"経塚","city_name":"浦添市"},{"code":"9012133","prefecture_code":47,"town":"城間","city_name":"浦添市"},{"code":"9012124","prefecture_code":47,"town":"小湾","city_name":"浦添市"},{"code":"9012122","prefecture_code":47,"town":"勢理客","city_name":"浦添市"},{"code":"9012112","prefecture_code":47,"town":"沢岻","city_name":"浦添市"},{"code":"9012104","prefecture_code":47,"town":"当山","city_name":"浦添市"},{"code":"9012103","prefecture_code":47,"town":"仲間","city_name":"浦添市"},{"code":"9012125","prefecture_code":47,"town":"仲西","city_name":"浦添市"},{"code":"9012101","prefecture_code":47,"town":"西原","city_name":"浦添市"},{"code":"9012102","prefecture_code":47,"town":"前田","city_name":"浦添市"},{"code":"9012131","prefecture_code":47,"town":"牧港","city_name":"浦添市"},{"code":"9012134","prefecture_code":47,"town":"港川","city_name":"浦添市"},{"code":"9012126","prefecture_code":47,"town":"宮城","city_name":"浦添市"},{"code":"9012127","prefecture_code":47,"town":"屋富祖","city_name":"浦添市"},{"code":"9010300","prefecture_code":47,"town":"","city_name":"糸満市"},{"code":"9010301","prefecture_code":47,"town":"阿波根","city_name":"糸満市"},{"code":"9010323","prefecture_code":47,"town":"新垣","city_name":"糸満市"},{"code":"9010363","prefecture_code":47,"town":"伊敷","city_name":"糸満市"},{"code":"9010342","prefecture_code":47,"town":"糸洲","city_name":"糸満市"},{"code":"9010361","prefecture_code":47,"town":"糸満","city_name":"糸満市"},{"code":"9010344","prefecture_code":47,"town":"伊原","city_name":"糸満市"},{"code":"9010332","prefecture_code":47,"town":"宇江城","city_name":"糸満市"},{"code":"9010325","prefecture_code":47,"town":"大里","city_name":"糸満市"},{"code":"9010334","prefecture_code":47,"town":"大度","city_name":"糸満市"},{"code":"9010313","prefecture_code":47,"town":"賀数","city_name":"糸満市"},{"code":"9010303","prefecture_code":47,"town":"兼城","city_name":"糸満市"},{"code":"9010312","prefecture_code":47,"town":"北波平","city_name":"糸満市"},{"code":"9010354","prefecture_code":47,"town":"喜屋武","city_name":"糸満市"},{"code":"9010324","prefecture_code":47,"town":"国吉","city_name":"糸満市"},{"code":"9010341","prefecture_code":47,"town":"小波蔵","city_name":"糸満市"},{"code":"9010335","prefecture_code":47,"town":"米須","city_name":"糸満市"},{"code":"9010314","prefecture_code":47,"town":"座波","city_name":"糸満市"},{"code":"9010364","prefecture_code":47,"town":"潮崎町","city_name":"糸満市"},{"code":"9010302","prefecture_code":47,"town":"潮平","city_name":"糸満市"},{"code":"9010311","prefecture_code":47,"town":"武富","city_name":"糸満市"},{"code":"9010353","prefecture_code":47,"town":"束里","city_name":"糸満市"},{"code":"9010315","prefecture_code":47,"town":"照屋","city_name":"糸満市"},{"code":"9010321","prefecture_code":47,"town":"豊原","city_name":"糸満市"},{"code":"9010351","prefecture_code":47,"town":"名城","city_name":"糸満市"},{"code":"9010304","prefecture_code":47,"town":"西川町","city_name":"糸満市"},{"code":"9010305","prefecture_code":47,"town":"西崎","city_name":"糸満市"},{"code":"9010306","prefecture_code":47,"town":"西崎町","city_name":"糸満市"},{"code":"9010345","prefecture_code":47,"town":"福地","city_name":"糸満市"},{"code":"9010362","prefecture_code":47,"town":"真栄里","city_name":"糸満市"},{"code":"9010331","prefecture_code":47,"town":"真栄平","city_name":"糸満市"},{"code":"9010336","prefecture_code":47,"town":"真壁","city_name":"糸満市"},{"code":"9010333","prefecture_code":47,"town":"摩文仁","city_name":"糸満市"},{"code":"9010343","prefecture_code":47,"town":"南波平","city_name":"糸満市"},{"code":"9010352","prefecture_code":47,"town":"山城","city_name":"糸満市"},{"code":"9010322","prefecture_code":47,"town":"与座","city_name":"糸満市"},{"code":"9010200","prefecture_code":47,"town":"","city_name":"豊見城市"},{"code":"9010232","prefecture_code":47,"town":"伊良波","city_name":"豊見城市"},{"code":"9010243","prefecture_code":47,"town":"上田","city_name":"豊見城市"},{"code":"9010223","prefecture_code":47,"town":"翁長","city_name":"豊見城市"},{"code":"9010202","prefecture_code":47,"town":"嘉数","city_name":"豊見城市"},{"code":"9010231","prefecture_code":47,"town":"我那覇","city_name":"豊見城市"},{"code":"9010204","prefecture_code":47,"town":"金良","city_name":"豊見城市"},{"code":"9010244","prefecture_code":47,"town":"宜保","city_name":"豊見城市"},{"code":"9010221","prefecture_code":47,"town":"座安","city_name":"豊見城市"},{"code":"9010233","prefecture_code":47,"town":"瀬長","city_name":"豊見城市"},{"code":"9010212","prefecture_code":47,"town":"平良","city_name":"豊見城市"},{"code":"9010213","prefecture_code":47,"town":"高嶺","city_name":"豊見城市"},{"code":"9010242","prefecture_code":47,"town":"高安","city_name":"豊見城市"},{"code":"9010234","prefecture_code":47,"town":"田頭","city_name":"豊見城市"},{"code":"9010215","prefecture_code":47,"town":"渡嘉敷","city_name":"豊見城市"},{"code":"9010222","prefecture_code":47,"town":"渡橋名","city_name":"豊見城市"},{"code":"9010241","prefecture_code":47,"town":"豊見城","city_name":"豊見城市"},{"code":"9010225","prefecture_code":47,"town":"豊崎","city_name":"豊見城市"},{"code":"9010235","prefecture_code":47,"town":"名嘉地","city_name":"豊見城市"},{"code":"9010203","prefecture_code":47,"town":"長堂","city_name":"豊見城市"},{"code":"9010205","prefecture_code":47,"town":"根差部","city_name":"豊見城市"},{"code":"9010211","prefecture_code":47,"town":"饒波","city_name":"豊見城市"},{"code":"9010214","prefecture_code":47,"town":"保栄茂","city_name":"豊見城市"},{"code":"9010201","prefecture_code":47,"town":"真玉橋","city_name":"豊見城市"},{"code":"9010224","prefecture_code":47,"town":"与根","city_name":"豊見城市"},{"code":"9011400","prefecture_code":47,"town":"","city_name":"南城市"},{"code":"9011204","prefecture_code":47,"town":"大里稲嶺","city_name":"南城市"},{"code":"9011202","prefecture_code":47,"town":"大里大里","city_name":"南城市"},{"code":"9011203","prefecture_code":47,"town":"大里大城","city_name":"南城市"},{"code":"9011208","prefecture_code":47,"town":"大里平良","city_name":"南城市"},{"code":"9011205","prefecture_code":47,"town":"大里高平","city_name":"南城市"},{"code":"9011206","prefecture_code":47,"town":"大里仲間","city_name":"南城市"},{"code":"9011207","prefecture_code":47,"town":"大里古堅","city_name":"南城市"},{"code":"9011201","prefecture_code":47,"town":"大里嶺井","city_name":"南城市"},{"code":"9011401","prefecture_code":47,"town":"佐敷伊原","city_name":"南城市"},{"code":"9011413","prefecture_code":47,"town":"佐敷小谷","city_name":"南城市"},{"code":"9011411","prefecture_code":47,"town":"佐敷兼久","city_name":"南城市"},{"code":"9011403","prefecture_code":47,"town":"佐敷佐敷","city_name":"南城市"},{"code":"9011415","prefecture_code":47,"town":"佐敷新開","city_name":"南城市"},{"code":"9011412","prefecture_code":47,"town":"佐敷新里","city_name":"南城市"},{"code":"9011414","prefecture_code":47,"town":"佐敷津波古","city_name":"南城市"},{"code":"9011402","prefecture_code":47,"town":"佐敷手登根","city_name":"南城市"},{"code":"9011405","prefecture_code":47,"town":"佐敷仲伊保","city_name":"南城市"},{"code":"9011404","prefecture_code":47,"town":"佐敷冨祖崎","city_name":"南城市"},{"code":"9011406","prefecture_code":47,"town":"佐敷屋比久","city_name":"南城市"},{"code":"9010617","prefecture_code":47,"town":"玉城愛地","city_name":"南城市"},{"code":"9010606","prefecture_code":47,"town":"玉城糸数","city_name":"南城市"},{"code":"9010614","prefecture_code":47,"town":"玉城奥武","city_name":"南城市"},{"code":"9010608","prefecture_code":47,"town":"玉城親慶原","city_name":"南城市"},{"code":"9010601","prefecture_code":47,"town":"玉城垣花","city_name":"南城市"},{"code":"9010607","prefecture_code":47,"town":"玉城喜良原","city_name":"南城市"},{"code":"9010613","prefecture_code":47,"town":"玉城志堅原","city_name":"南城市"},{"code":"9010604","prefecture_code":47,"town":"玉城玉城","city_name":"南城市"},{"code":"9010612","prefecture_code":47,"town":"玉城當山","city_name":"南城市"},{"code":"9010605","prefecture_code":47,"town":"玉城中山","city_name":"南城市"},{"code":"9010602","prefecture_code":47,"town":"玉城仲村渠","city_name":"南城市"},{"code":"9010603","prefecture_code":47,"town":"玉城百名","city_name":"南城市"},{"code":"9010611","prefecture_code":47,"town":"玉城富里","city_name":"南城市"},{"code":"9010618","prefecture_code":47,"town":"玉城船越","city_name":"南城市"},{"code":"9010615","prefecture_code":47,"town":"玉城堀川","city_name":"南城市"},{"code":"9010616","prefecture_code":47,"town":"玉城前川","city_name":"南城市"},{"code":"9010619","prefecture_code":47,"town":"玉城屋嘉部","city_name":"南城市"},{"code":"9011502","prefecture_code":47,"town":"知念安座真","city_name":"南城市"},{"code":"9011504","prefecture_code":47,"town":"知念海野","city_name":"南城市"},{"code":"9011514","prefecture_code":47,"town":"知念具志堅","city_name":"南城市"},{"code":"9011501","prefecture_code":47,"town":"知念久高","city_name":"南城市"},{"code":"9011511","prefecture_code":47,"town":"知念久手堅","city_name":"南城市"},{"code":"9011505","prefecture_code":47,"town":"知念久原","city_name":"南城市"},{"code":"9011516","prefecture_code":47,"town":"知念志喜屋","city_name":"南城市"},{"code":"9011503","prefecture_code":47,"town":"知念知名","city_name":"南城市"},{"code":"9011513","prefecture_code":47,"town":"知念知念","city_name":"南城市"},{"code":"9011515","prefecture_code":47,"town":"知念山里","city_name":"南城市"},{"code":"9011512","prefecture_code":47,"town":"知念吉富","city_name":"南城市"},{"code":"9011407","prefecture_code":47,"town":"つきしろ","city_name":"南城市"},{"code":"9012300","prefecture_code":47,"town":"","city_name":"中頭郡北中城村"},{"code":"9012316","prefecture_code":47,"town":"安谷屋","city_name":"中頭郡北中城村"},{"code":"9012313","prefecture_code":47,"town":"熱田","city_name":"中頭郡北中城村"},{"code":"9012314","prefecture_code":47,"town":"大城","city_name":"中頭郡北中城村"},{"code":"9012315","prefecture_code":47,"town":"荻道","city_name":"中頭郡北中城村"},{"code":"9012311","prefecture_code":47,"town":"喜舎場","city_name":"中頭郡北中城村"},{"code":"9012301","prefecture_code":47,"town":"島袋","city_name":"中頭郡北中城村"},{"code":"9012317","prefecture_code":47,"town":"瑞慶覧","city_name":"中頭郡北中城村"},{"code":"9012303","prefecture_code":47,"town":"仲順","city_name":"中頭郡北中城村"},{"code":"9012302","prefecture_code":47,"town":"渡口","city_name":"中頭郡北中城村"},{"code":"9012305","prefecture_code":47,"town":"比嘉","city_name":"中頭郡北中城村"},{"code":"9012321","prefecture_code":47,"town":"美崎","city_name":"中頭郡北中城村"},{"code":"9012304","prefecture_code":47,"town":"屋宜原","city_name":"中頭郡北中城村"},{"code":"9012306","prefecture_code":47,"town":"ライカム","city_name":"中頭郡北中城村"},{"code":"9012312","prefecture_code":47,"town":"和仁屋","city_name":"中頭郡北中城村"},{"code":"9012400","prefecture_code":47,"town":"","city_name":"中頭郡中城村"},{"code":"9012407","prefecture_code":47,"town":"安里","city_name":"中頭郡中城村"},{"code":"9012422","prefecture_code":47,"town":"新垣","city_name":"中頭郡中城村"},{"code":"9012403","prefecture_code":47,"town":"伊舎堂","city_name":"中頭郡中城村"},{"code":"9012417","prefecture_code":47,"town":"伊集","city_name":"中頭郡中城村"},{"code":"9012412","prefecture_code":47,"town":"奥間","city_name":"中頭郡中城村"},{"code":"9012423","prefecture_code":47,"town":"北上原","city_name":"中頭郡中城村"},{"code":"9012414","prefecture_code":47,"town":"北浜","city_name":"中頭郡中城村"},{"code":"9012401","prefecture_code":47,"town":"久場","city_name":"中頭郡中城村"},{"code":"9012404","prefecture_code":47,"town":"添石","city_name":"中頭郡中城村"},{"code":"9012413","prefecture_code":47,"town":"津覇","city_name":"中頭郡中城村"},{"code":"9012406","prefecture_code":47,"town":"当間","city_name":"中頭郡中城村"},{"code":"9012402","prefecture_code":47,"town":"泊","city_name":"中頭郡中城村"},{"code":"9012421","prefecture_code":47,"town":"登又","city_name":"中頭郡中城村"},{"code":"9012411","prefecture_code":47,"town":"浜","city_name":"中頭郡中城村"},{"code":"9012424","prefecture_code":47,"town":"南上原","city_name":"中頭郡中城村"},{"code":"9012415","prefecture_code":47,"town":"南浜","city_name":"中頭郡中城村"},{"code":"9012405","prefecture_code":47,"town":"屋宜","city_name":"中頭郡中城村"},{"code":"9012416","prefecture_code":47,"town":"和宇慶","city_name":"中頭郡中城村"},{"code":"9011300","prefecture_code":47,"town":"","city_name":"島尻郡与那原町"},{"code":"9011304","prefecture_code":47,"town":"東浜","city_name":"島尻郡与那原町"},{"code":"9011301","prefecture_code":47,"town":"板良敷","city_name":"島尻郡与那原町"},{"code":"9011302","prefecture_code":47,"town":"上与那原","city_name":"島尻郡与那原町"},{"code":"9011303","prefecture_code":47,"town":"与那原","city_name":"島尻郡与那原町"},{"code":"9011100","prefecture_code":47,"town":"","city_name":"島尻郡南風原町"},{"code":"9011105","prefecture_code":47,"town":"新川","city_name":"島尻郡南風原町"},{"code":"9011101","prefecture_code":47,"town":"大名","city_name":"島尻郡南風原町"},{"code":"9011111","prefecture_code":47,"town":"兼城","city_name":"島尻郡南風原町"},{"code":"9011114","prefecture_code":47,"town":"神里","city_name":"島尻郡南風原町"},{"code":"9011113","prefecture_code":47,"town":"喜屋武","city_name":"島尻郡南風原町"},{"code":"9011117","prefecture_code":47,"town":"津嘉山","city_name":"島尻郡南風原町"},{"code":"9011116","prefecture_code":47,"town":"照屋","city_name":"島尻郡南風原町"},{"code":"9011102","prefecture_code":47,"town":"宮城","city_name":"島尻郡南風原町"},{"code":"9011104","prefecture_code":47,"town":"宮平","city_name":"島尻郡南風原町"},{"code":"9011112","prefecture_code":47,"town":"本部","city_name":"島尻郡南風原町"},{"code":"9011115","prefecture_code":47,"town":"山川","city_name":"島尻郡南風原町"},{"code":"9011103","prefecture_code":47,"town":"与那覇","city_name":"島尻郡南風原町"},{"code":"9013500","prefecture_code":47,"town":"","city_name":"島尻郡渡嘉敷村"},{"code":"9013502","prefecture_code":47,"town":"阿波連","city_name":"島尻郡渡嘉敷村"},{"code":"9013501","prefecture_code":47,"town":"渡嘉敷","city_name":"島尻郡渡嘉敷村"},{"code":"9013400","prefecture_code":47,"town":"","city_name":"島尻郡座間味村"},{"code":"9013311","prefecture_code":47,"town":"阿嘉","city_name":"島尻郡座間味村"},{"code":"9013401","prefecture_code":47,"town":"阿佐","city_name":"島尻郡座間味村"},{"code":"9013403","prefecture_code":47,"town":"阿真","city_name":"島尻郡座間味村"},{"code":"9013312","prefecture_code":47,"town":"慶留間","city_name":"島尻郡座間味村"},{"code":"9013402","prefecture_code":47,"town":"座間味","city_name":"島尻郡座間味村"},{"code":"9013700","prefecture_code":47,"town":"","city_name":"島尻郡粟国村"},{"code":"9013703","prefecture_code":47,"town":"西","city_name":"島尻郡粟国村"},{"code":"9013701","prefecture_code":47,"town":"浜","city_name":"島尻郡粟国村"},{"code":"9013702","prefecture_code":47,"town":"東","city_name":"島尻郡粟国村"},{"code":"9013601","prefecture_code":47,"town":"渡名喜村一円","city_name":"島尻郡渡名喜村"},{"code":"9013800","prefecture_code":47,"town":"","city_name":"島尻郡南大東村"},{"code":"9013806","prefecture_code":47,"town":"池之沢","city_name":"島尻郡南大東村"},{"code":"9013801","prefecture_code":47,"town":"北","city_name":"島尻郡南大東村"},{"code":"9013803","prefecture_code":47,"town":"旧東","city_name":"島尻郡南大東村"},{"code":"9013805","prefecture_code":47,"town":"在所","city_name":"島尻郡南大東村"},{"code":"9013802","prefecture_code":47,"town":"新東","city_name":"島尻郡南大東村"},{"code":"9013804","prefecture_code":47,"town":"南","city_name":"島尻郡南大東村"},{"code":"9013900","prefecture_code":47,"town":"","city_name":"島尻郡北大東村"},{"code":"9013902","prefecture_code":47,"town":"中野","city_name":"島尻郡北大東村"},{"code":"9013903","prefecture_code":47,"town":"港","city_name":"島尻郡北大東村"},{"code":"9013901","prefecture_code":47,"town":"南","city_name":"島尻郡北大東村"},{"code":"9013100","prefecture_code":47,"town":"","city_name":"島尻郡久米島町"},{"code":"9013103","prefecture_code":47,"town":"阿嘉","city_name":"島尻郡久米島町"},{"code":"9013101","prefecture_code":47,"town":"宇江城","city_name":"島尻郡久米島町"},{"code":"9013138","prefecture_code":47,"town":"上江洲","city_name":"島尻郡久米島町"},{"code":"9013105","prefecture_code":47,"town":"宇根","city_name":"島尻郡久米島町"},{"code":"9013106","prefecture_code":47,"town":"奥武","city_name":"島尻郡久米島町"},{"code":"9013123","prefecture_code":47,"town":"大田","city_name":"島尻郡久米島町"},{"code":"9013132","prefecture_code":47,"town":"大原","city_name":"島尻郡久米島町"},{"code":"9013121","prefecture_code":47,"town":"嘉手苅","city_name":"島尻郡久米島町"},{"code":"9013122","prefecture_code":47,"town":"兼城","city_name":"島尻郡久米島町"},{"code":"9013133","prefecture_code":47,"town":"北原","city_name":"島尻郡久米島町"},{"code":"9013115","prefecture_code":47,"town":"儀間","city_name":"島尻郡久米島町"},{"code":"9013134","prefecture_code":47,"town":"具志川","city_name":"島尻郡久米島町"},{"code":"9013114","prefecture_code":47,"town":"島尻","city_name":"島尻郡久米島町"},{"code":"9013107","prefecture_code":47,"town":"謝名堂","city_name":"島尻郡久米島町"},{"code":"9013113","prefecture_code":47,"town":"銭田","city_name":"島尻郡久米島町"},{"code":"9013125","prefecture_code":47,"town":"鳥島","city_name":"島尻郡久米島町"},{"code":"9013136","prefecture_code":47,"town":"仲地","city_name":"島尻郡久米島町"},{"code":"9013124","prefecture_code":47,"town":"仲泊","city_name":"島尻郡久米島町"},{"code":"9013135","prefecture_code":47,"town":"仲村渠","city_name":"島尻郡久米島町"},{"code":"9013131","prefecture_code":47,"town":"西銘","city_name":"島尻郡久米島町"},{"code":"9013108","prefecture_code":47,"town":"比嘉","city_name":"島尻郡久米島町"},{"code":"9013102","prefecture_code":47,"town":"比屋定","city_name":"島尻郡久米島町"},{"code":"9013112","prefecture_code":47,"town":"真我里","city_name":"島尻郡久米島町"},{"code":"9013104","prefecture_code":47,"town":"真謝","city_name":"島尻郡久米島町"},{"code":"9013111","prefecture_code":47,"town":"山城","city_name":"島尻郡久米島町"},{"code":"9013137","prefecture_code":47,"town":"山里","city_name":"島尻郡久米島町"},{"code":"9010400","prefecture_code":47,"town":"","city_name":"島尻郡八重瀬町"},{"code":"9010514","prefecture_code":47,"town":"安里","city_name":"島尻郡八重瀬町"},{"code":"9010503","prefecture_code":47,"town":"新城","city_name":"島尻郡八重瀬町"},{"code":"9010405","prefecture_code":47,"town":"伊覇","city_name":"島尻郡八重瀬町"},{"code":"9010412","prefecture_code":47,"town":"上田原","city_name":"島尻郡八重瀬町"},{"code":"9010502","prefecture_code":47,"town":"大頓","city_name":"島尻郡八重瀬町"},{"code":"9010416","prefecture_code":47,"town":"宜次","city_name":"島尻郡八重瀬町"},{"code":"9010512","prefecture_code":47,"town":"具志頭","city_name":"島尻郡八重瀬町"},{"code":"9010415","prefecture_code":47,"town":"小城","city_name":"島尻郡八重瀬町"},{"code":"9010504","prefecture_code":47,"town":"後原","city_name":"島尻郡八重瀬町"},{"code":"9010401","prefecture_code":47,"town":"東風平","city_name":"島尻郡八重瀬町"},{"code":"9010413","prefecture_code":47,"town":"志多伯","city_name":"島尻郡八重瀬町"},{"code":"9010404","prefecture_code":47,"town":"高良","city_name":"島尻郡八重瀬町"},{"code":"9010414","prefecture_code":47,"town":"当銘","city_name":"島尻郡八重瀬町"},{"code":"9010411","prefecture_code":47,"town":"友寄","city_name":"島尻郡八重瀬町"},{"code":"9010402","prefecture_code":47,"town":"富盛","city_name":"島尻郡八重瀬町"},{"code":"9010516","prefecture_code":47,"town":"仲座","city_name":"島尻郡八重瀬町"},{"code":"9010501","prefecture_code":47,"town":"長毛","city_name":"島尻郡八重瀬町"},{"code":"9010513","prefecture_code":47,"town":"玻名城","city_name":"島尻郡八重瀬町"},{"code":"9010417","prefecture_code":47,"town":"外間","city_name":"島尻郡八重瀬町"},{"code":"9010511","prefecture_code":47,"town":"港川","city_name":"島尻郡八重瀬町"},{"code":"9010406","prefecture_code":47,"town":"屋宜原","city_name":"島尻郡八重瀬町"},{"code":"9010515","prefecture_code":47,"town":"与座","city_name":"島尻郡八重瀬町"},{"code":"9010403","prefecture_code":47,"town":"世名城","city_name":"島尻郡八重瀬町"}]
