[{"code":"9950000","prefecture_code":6,"town":"","city_name":"村山市"},{"code":"9950002","prefecture_code":6,"town":"五十沢","city_name":"村山市"},{"code":"9950204","prefecture_code":6,"town":"稲下","city_name":"村山市"},{"code":"9950113","prefecture_code":6,"town":"岩野","city_name":"村山市"},{"code":"9950038","prefecture_code":6,"town":"駅西","city_name":"村山市"},{"code":"9950111","prefecture_code":6,"town":"大久保","city_name":"村山市"},{"code":"9950203","prefecture_code":6,"town":"大槇","city_name":"村山市"},{"code":"9950054","prefecture_code":6,"town":"大淀","city_name":"村山市"},{"code":"9950004","prefecture_code":6,"town":"金谷","city_name":"村山市"},{"code":"9950041","prefecture_code":6,"town":"河島","city_name":"村山市"},{"code":"9950056","prefecture_code":6,"town":"河島山","city_name":"村山市"},{"code":"9950209","prefecture_code":6,"town":"碁点","city_name":"村山市"},{"code":"9950202","prefecture_code":6,"town":"白鳥","city_name":"村山市"},{"code":"9950042","prefecture_code":6,"town":"杉島","city_name":"村山市"},{"code":"9950051","prefecture_code":6,"town":"田沢","city_name":"村山市"},{"code":"9950025","prefecture_code":6,"town":"楯岡","city_name":"村山市"},{"code":"9950032","prefecture_code":6,"town":"楯岡荒町","city_name":"村山市"},{"code":"9950034","prefecture_code":6,"town":"楯岡五日町","city_name":"村山市"},{"code":"9950031","prefecture_code":6,"town":"楯岡大沢川","city_name":"村山市"},{"code":"9950011","prefecture_code":6,"town":"楯岡北町","city_name":"村山市"},{"code":"9950018","prefecture_code":6,"town":"楯岡新高田","city_name":"村山市"},{"code":"9950033","prefecture_code":6,"town":"楯岡新町","city_name":"村山市"},{"code":"9950021","prefecture_code":6,"town":"楯岡楯","city_name":"村山市"},{"code":"9950037","prefecture_code":6,"town":"楯岡俵町","city_name":"村山市"},{"code":"9950014","prefecture_code":6,"town":"楯岡鶴ケ町","city_name":"村山市"},{"code":"9950017","prefecture_code":6,"town":"楯岡十日町","city_name":"村山市"},{"code":"9950036","prefecture_code":6,"town":"楯岡中町","city_name":"村山市"},{"code":"9950022","prefecture_code":6,"town":"楯岡馬場","city_name":"村山市"},{"code":"9950023","prefecture_code":6,"town":"楯岡東沢","city_name":"村山市"},{"code":"9950024","prefecture_code":6,"town":"楯岡笛田","city_name":"村山市"},{"code":"9950015","prefecture_code":6,"town":"楯岡二日町","city_name":"村山市"},{"code":"9950016","prefecture_code":6,"town":"楯岡晦日町","city_name":"村山市"},{"code":"9950013","prefecture_code":6,"town":"楯岡湯沢","city_name":"村山市"},{"code":"9950005","prefecture_code":6,"town":"たも山","city_name":"村山市"},{"code":"9950205","prefecture_code":6,"town":"樽石","city_name":"村山市"},{"code":"9950035","prefecture_code":6,"town":"中央","city_name":"村山市"},{"code":"9950201","prefecture_code":6,"town":"長善寺","city_name":"村山市"},{"code":"9950001","prefecture_code":6,"town":"土生田","city_name":"村山市"},{"code":"9950208","prefecture_code":6,"town":"富並","city_name":"村山市"},{"code":"9950055","prefecture_code":6,"town":"長島","city_name":"村山市"},{"code":"9950052","prefecture_code":6,"town":"名取","city_name":"村山市"},{"code":"9950053","prefecture_code":6,"town":"西郷","city_name":"村山市"},{"code":"9950006","prefecture_code":6,"town":"林崎","city_name":"村山市"},{"code":"9950003","prefecture_code":6,"town":"本飯田","city_name":"村山市"},{"code":"9950206","prefecture_code":6,"town":"山の内","city_name":"村山市"},{"code":"9950207","prefecture_code":6,"town":"雪の観音郷","city_name":"村山市"},{"code":"9950012","prefecture_code":6,"town":"湯沢","city_name":"村山市"},{"code":"9950112","prefecture_code":6,"town":"湯野沢","city_name":"村山市"}]
